Fecha,Cerrar/Ãºltimo,Volumen,Abrir,Alto,Bajo
08/01/2017,2.819,N/A,2.819,2.819,2.819
07/31/2017,2.794,N/A,2.794,2.794,2.794
07/28/2017,2.941,N/A,2.941,2.941,2.941
07/27/2017,2.969,N/A,2.969,2.969,2.969
07/26/2017,2.924,N/A,2.924,2.924,2.924
07/25/2017,2.944,N/A,2.944,2.944,2.944
07/24/2017,2.899,N/A,2.899,2.899,2.899
07/21/2017,2.97,N/A,2.97,2.97,2.97
07/20/2017,3.043,N/A,3.043,3.043,3.043
07/19/2017,3.066,N/A,3.066,3.066,3.066
07/18/2017,3.088,N/A,3.088,3.088,3.088
07/17/2017,3.02,N/A,3.02,3.02,3.02
07/14/2017,2.98,2,2.98,2.98,2.98
07/13/2017,2.961,N/A,2.961,2.961,2.961
07/12/2017,2.985,N/A,2.985,2.985,2.985
07/11/2017,3.047,N/A,3.047,3.047,3.047
07/10/2017,2.929,N/A,2.929,2.929,2.929
07/07/2017,2.864,N/A,2.864,2.864,2.864
07/06/2017,2.888,N/A,2.888,2.888,2.888
07/05/2017,2.84,N/A,2.84,2.84,2.84
07/03/2017,2.951,N/A,2.951,2.951,2.951
06/30/2017,3.035,N/A,3.035,3.035,3.035
06/29/2017,3.042,N/A,3.042,3.042,3.042
06/28/2017,3.067,N/A,3.067,3.067,3.067
06/27/2017,3.037,N/A,3.037,3.037,3.037
06/26/2017,3.027,N/A,3.027,3.027,3.027
06/23/2017,2.929,N/A,2.929,2.929,2.929
06/22/2017,2.894,N/A,2.894,2.894,2.894
06/21/2017,2.893,N/A,2.893,2.893,2.893
06/20/2017,2.907,N/A,2.907,2.907,2.907
06/19/2017,2.894,N/A,2.894,2.894,2.894
06/16/2017,3.037,N/A,3.037,3.037,3.037
06/15/2017,3.056,N/A,3.056,3.056,3.056
06/14/2017,2.933,N/A,2.933,2.933,2.933
06/13/2017,2.966,N/A,2.966,2.966,2.966
06/12/2017,3.024,N/A,3.024,3.024,3.024
06/09/2017,3.039,N/A,3.039,3.039,3.039
06/08/2017,3.028,N/A,3.028,3.028,3.028
06/07/2017,3.02,2,3.02,3.02,3.02
06/06/2017,3.042,N/A,3.042,3.042,3.042
06/05/2017,2.982,N/A,2.982,2.982,2.982
06/02/2017,2.999,1,2.999,2.999,2.999
06/01/2017,3.008,N/A,3.008,3.008,3.008
05/31/2017,3.071,N/A,3.071,3.071,3.071
05/30/2017,3.145,N/A,3.145,3.145,3.145
05/26/2017,3.31,N/A,3.31,3.31,3.31
05/25/2017,3.184,2,3.184,3.184,3.184
05/24/2017,3.209,38,3.209,3.209,3.209
05/23/2017,3.219,6,3.219,3.219,3.219
05/22/2017,3.33,28,3.33,3.33,3.33
05/19/2017,3.256,1,3.256,3.256,3.256
05/18/2017,3.182,1,3.205,3.205,3.205
05/17/2017,3.192,N/A,3.192,3.192,3.192
05/16/2017,3.23,N/A,3.23,3.23,3.23
05/15/2017,3.349,N/A,3.349,3.349,3.349
05/12/2017,3.424,N/A,3.424,3.424,3.424
05/11/2017,3.376,N/A,3.376,3.376,3.376
05/10/2017,3.292,N/A,3.292,3.292,3.292
05/09/2017,3.227,N/A,3.227,3.227,3.227
05/08/2017,3.172,1,3.145,3.145,3.145
05/05/2017,3.266,N/A,3.266,3.266,3.266
05/04/2017,3.186,N/A,3.186,3.186,3.186
05/03/2017,3.228,N/A,3.228,3.228,3.228
05/02/2017,3.195,N/A,3.195,3.195,3.195
05/01/2017,3.215,N/A,3.215,3.215,3.215
04/28/2017,3.276,N/A,3.276,3.276,3.276
04/27/2017,3.239,N/A,3.239,3.239,3.239
04/26/2017,3.142,N/A,3.142,3.142,3.142
04/25/2017,3.043,2,3.043,3.043,3.043
04/24/2017,3.066,9,3.066,3.066,3.066
04/21/2017,3.101,N/A,3.101,3.101,3.101
04/20/2017,3.159,N/A,3.159,3.159,3.159
04/19/2017,3.185,2,3.185,3.185,3.185
04/18/2017,3.145,N/A,3.145,3.145,3.145
04/17/2017,3.163,N/A,3.163,3.163,3.163
04/13/2017,3.227,N/A,3.227,3.227,3.227
04/12/2017,3.187,N/A,3.187,3.187,3.187
04/11/2017,3.15,N/A,3.15,3.15,3.15
04/10/2017,3.238,1,3.238,3.238,3.238
04/07/2017,3.261,N/A,3.261,3.261,3.261
04/06/2017,3.331,N/A,3.331,3.331,3.331
04/05/2017,3.266,N/A,3.266,3.266,3.266
04/04/2017,3.293,N/A,3.293,3.293,3.293
04/03/2017,3.128,N/A,3.128,3.128,3.128
03/31/2017,3.19,N/A,3.19,3.19,3.19
03/30/2017,3.191,N/A,3.191,3.191,3.191
03/29/2017,3.175,N/A,3.175,3.175,3.175
03/28/2017,3.096,1,3.096,3.096,3.096
03/27/2017,3.052,16,3.052,3.052,3.052
03/24/2017,3.076,1,3.076,3.076,3.076
03/23/2017,3.051,2,3.051,3.051,3.051
03/22/2017,3.011,4,3.011,3.011,3.011
03/21/2017,3.093,N/A,3.093,3.093,3.093
03/20/2017,3.041,N/A,3.041,3.041,3.041
03/17/2017,2.948,4,2.948,2.948,2.948
03/16/2017,2.902,4,2.902,2.902,2.902
03/15/2017,2.981,1,2.981,2.981,2.981
03/14/2017,2.938,N/A,2.938,2.938,2.938
03/13/2017,3.043,N/A,3.043,3.043,3.043
03/10/2017,3.008,3,3.008,3.008,3.008
03/09/2017,2.974,N/A,2.974,2.974,2.974
03/08/2017,2.901,11,2.901,2.901,2.901
03/07/2017,2.824,N/A,2.824,2.824,2.824
03/06/2017,2.901,N/A,2.901,2.901,2.901
03/03/2017,2.827,N/A,2.827,2.827,2.827
03/02/2017,2.804,3,2.804,2.804,2.804
03/01/2017,2.799,3,2.799,2.799,2.799
02/28/2017,2.774,N/A,2.774,2.774,2.774
02/27/2017,2.693,N/A,2.693,2.693,2.693
02/24/2017,2.787,4,2.787,2.787,2.787
02/23/2017,2.617,N/A,2.617,2.617,2.617
02/22/2017,2.592,10,2.592,2.592,2.592
02/21/2017,2.564,27,2.564,2.564,2.564
02/17/2017,2.834,4,2.836,2.836,2.836
02/16/2017,2.854,13,2.86,2.86,2.86
02/15/2017,2.925,1,2.932,2.932,2.932
02/14/2017,2.905,1,2.916,2.916,2.916
02/13/2017,2.944,N/A,2.944,2.944,2.944
02/10/2017,3.034,2,3.034,3.034,3.034
02/09/2017,3.141,N/A,3.141,3.141,3.141
02/08/2017,3.126,N/A,3.126,3.126,3.126
02/07/2017,3.13,N/A,3.13,3.13,3.13
02/06/2017,3.05,N/A,3.05,3.05,3.05
02/03/2017,3.063,N/A,3.063,3.063,3.063
02/02/2017,3.187,N/A,3.187,3.187,3.187
02/01/2017,3.168,4,3.168,3.168,3.168
01/31/2017,3.117,N/A,3.117,3.117,3.117
01/30/2017,3.232,N/A,3.232,3.232,3.232
01/27/2017,3.358,2,3.358,3.358,3.358
01/26/2017,3.382,44,3.382,3.382,3.382
01/25/2017,3.332,1,3.332,3.332,3.332
01/24/2017,3.279,2,3.317,3.317,3.299
01/23/2017,3.243,3,3.243,3.243,3.243
01/20/2017,3.204,N/A,3.204,3.204,3.204
01/19/2017,3.368,9,3.31,3.395,3.31
01/18/2017,3.302,2,3.302,3.302,3.302
01/17/2017,3.412,4,3.406,3.406,3.406
01/13/2017,3.419,46,3.42,3.42,3.42
01/12/2017,3.386,2,3.405,3.405,3.381
01/11/2017,3.224,2,3.288,3.293,3.288
01/10/2017,3.278,N/A,3.278,3.278,3.278
01/09/2017,3.103,1,3.103,3.103,3.103
01/06/2017,3.285,1,3.279,3.279,3.279
01/05/2017,3.273,N/A,3.273,3.273,3.273
01/04/2017,3.267,12,3.241,3.265,3.241
01/03/2017,3.327,1,3.327,3.327,3.327
12/30/2016,3.724,5,3.724,3.724,3.724
12/29/2016,3.802,10,3.802,3.802,3.802
12/28/2016,3.93,N/A,3.93,3.93,3.93
12/27/2016,3.761,12,3.761,3.761,3.761
12/23/2016,3.662,83,3.662,3.662,3.662
12/22/2016,3.538,110,3.538,3.538,3.538
12/21/2016,3.542,45,3.542,3.542,3.542
12/20/2016,3.263,33,3.272,3.272,3.267
12/19/2016,3.392,12,3.392,3.392,3.392
12/16/2016,3.415,56,3.415,3.415,3.415
12/15/2016,3.434,65,3.436,3.436,3.436
12/14/2016,3.54,53,3.54,3.54,3.54
12/13/2016,3.474,57,3.474,3.474,3.474
12/12/2016,3.507,2,3.507,3.507,3.507
12/09/2016,3.746,5,3.696,3.716,3.692
12/08/2016,3.695,9,3.646,3.646,3.646
12/07/2016,3.603,4,3.603,3.603,3.603
12/06/2016,3.635,18,3.635,3.635,3.635
12/05/2016,3.654,1,3.654,3.654,3.654
12/02/2016,3.436,14,3.436,3.436,3.436
12/01/2016,3.505,3,3.505,3.505,3.505
11/30/2016,3.352,71,3.351,3.353,3.319
11/29/2016,3.315,181,3.329,3.336,3.285
11/28/2016,3.232,12,3.21,3.21,3.21
11/25/2016,3.085,2,3.085,3.085,3.085
11/23/2016,3.026,17,2.993,2.993,2.993
11/22/2016,2.982,16,2.969,2.99,2.966
11/21/2016,2.95,23,2.948,2.948,2.945
11/18/2016,2.843,16,2.816,2.837,2.816
11/17/2016,2.703,14,2.702,2.74,2.687
11/16/2016,2.764,11,2.737,2.764,2.734
11/15/2016,2.709,19,2.797,2.808,2.696
11/14/2016,2.749,27,2.71,2.765,2.71
11/11/2016,2.619,73,2.561,2.681,2.561
11/10/2016,2.632,28,2.59,2.651,2.59
11/09/2016,2.69,38,2.639,2.722,2.565
11/08/2016,2.633,19,2.695,2.695,2.659
11/07/2016,2.816,12,2.821,2.821,2.785
11/04/2016,2.767,17,2.769,2.798,2.767
11/03/2016,2.769,13,2.79,2.819,2.79
11/02/2016,2.792,31,2.859,2.859,2.795
11/01/2016,2.902,30,2.97,2.97,2.872
10/31/2016,3.026,22,3.144,3.144,3.014
10/28/2016,3.105,58,3.066,3.087,3.066
10/27/2016,2.764,N/A,2.764,2.764,2.764
10/26/2016,2.731,50,2.731,2.731,2.731
10/25/2016,2.774,40,2.815,2.846,2.815
10/24/2016,2.831,172,2.955,2.955,2.833
10/21/2016,2.993,126,3.05,3.064,2.987
10/20/2016,3.141,114,3.149,3.167,3.121
10/19/2016,3.17,22,3.161,3.163,3.159
10/18/2016,3.263,45,3.271,3.271,3.264
10/17/2016,3.244,24,3.235,3.249,3.232
10/14/2016,3.285,91,3.291,3.301,3.288
10/13/2016,3.341,144,3.191,3.352,3.174
10/12/2016,3.21,41,3.213,3.247,3.206
10/11/2016,3.237,78,3.242,3.254,3.212
10/10/2016,3.275,75,3.192,3.271,3.191
10/07/2016,3.193,79,3.08,3.198,3.072
10/06/2016,3.049,37,3.066,3.066,2.989
10/05/2016,3.041,75,2.938,3.047,2.929
10/04/2016,2.964,72,2.898,2.967,2.888
10/03/2016,2.923,67,2.918,2.924,2.865
09/30/2016,2.906,75,2.955,2.971,2.893
09/29/2016,2.959,50,3.01,3.011,2.976
09/28/2016,2.952,2,2.952,2.952,2.952
09/27/2016,2.996,60,2.981,2.998,2.981
09/26/2016,2.997,92,2.966,3.013,2.966
09/23/2016,2.955,111,2.975,2.978,2.975
09/22/2016,2.99,113,3.066,3.066,3.003
09/21/2016,3.057,100,3.058,3.058,3.038
09/20/2016,3.047,92,2.986,3.025,2.986
09/19/2016,2.934,163,2.916,2.929,2.915
09/16/2016,2.948,108,2.902,2.953,2.894
09/15/2016,2.927,65,2.843,2.928,2.843
09/14/2016,2.889,41,2.921,2.924,2.868
09/13/2016,2.909,16,2.93,2.93,2.93
09/12/2016,2.915,36,2.872,2.904,2.872
09/09/2016,2.797,12,2.819,2.833,2.811
09/08/2016,2.806,62,2.743,2.812,2.731
09/07/2016,2.676,94,2.735,2.735,2.682
09/06/2016,2.676,98,2.748,2.748,2.726
09/02/2016,2.717,101,2.802,2.802,2.791
09/01/2016,2.792,96,2.835,2.835,2.796
08/31/2016,2.792,195,2.849,2.894,2.849
08/30/2016,2.887,108,2.914,2.92,2.833
08/29/2016,2.827,N/A,2.827,2.827,2.827
08/26/2016,2.896,135,2.837,2.891,2.837
08/25/2016,2.871,90,2.816,2.849,2.815
08/24/2016,2.846,295,2.773,2.817,2.773
08/23/2016,2.796,208,2.702,2.748,2.701
08/22/2016,2.761,118,2.678,2.691,2.67
08/19/2016,2.679,113,2.59,2.61,2.581
08/18/2016,2.584,240,2.633,2.674,2.633
08/17/2016,2.674,262,2.612,2.645,2.601
08/16/2016,2.619,144,2.61,2.612,2.592
08/15/2016,2.617,51,2.6,2.626,2.595
08/12/2016,2.59,20,2.591,2.62,2.587
08/11/2016,2.586,74,2.567,2.586,2.551
08/10/2016,2.551,64,2.62,2.629,2.557
08/09/2016,2.561,117,2.69,2.696,2.609
08/08/2016,2.615,120,2.725,2.74,2.707
08/05/2016,2.748,60,2.784,2.789,2.767
08/04/2016,2.772,144,2.834,2.856,2.829
08/03/2016,2.834,83,2.792,2.858,2.78
08/02/2016,2.839,29,2.77,2.77,2.731
08/01/2016,2.733,121,2.842,2.852,2.783
07/29/2016,2.771,63,2.86,2.896,2.86
07/28/2016,2.876,134,2.713,2.888,2.713
07/27/2016,2.873,226,2.742,2.742,2.679
07/26/2016,2.66,58,2.66,2.66,2.66
07/25/2016,2.712,10,2.789,2.789,2.736
07/22/2016,2.747,183,2.782,2.785,2.774
07/21/2016,2.777,88,2.663,2.692,2.649
07/20/2016,2.692,24,2.665,2.677,2.66
07/19/2016,2.658,53,2.735,2.735,2.729
07/18/2016,2.728,103,2.766,2.766,2.739
07/15/2016,2.722,95,2.686,2.767,2.673
07/14/2016,2.756,90,2.747,2.747,2.712
07/13/2016,2.727,37,2.777,2.777,2.707
07/12/2016,2.734,32,2.738,2.738,2.692
07/11/2016,2.702,106,2.809,2.811,2.704
07/08/2016,2.801,93,2.795,2.803,2.778
07/07/2016,2.777,85,2.814,2.825,2.74
07/06/2016,2.786,30,2.713,2.777,2.713
07/05/2016,2.764,35,2.834,2.834,2.759
07/01/2016,2.987,60,2.911,2.991,2.911
06/30/2016,2.924,78,2.91,2.934,2.887
06/29/2016,2.863,109,2.933,2.933,2.847
06/28/2016,2.89,4,2.823,2.832,2.823
06/27/2016,2.716,78,2.703,2.703,2.685
06/24/2016,2.662,67,2.657,2.682,2.65
06/23/2016,2.698,196,2.65,2.711,2.611
06/22/2016,2.677,180,2.749,2.768,2.667
06/21/2016,2.768,81,2.732,2.779,2.73
06/20/2016,2.747,100,2.657,2.75,2.655
06/17/2016,2.623,116,2.579,2.629,2.579
06/16/2016,2.58,164,2.588,2.633,2.56
06/15/2016,2.595,104,2.614,2.628,2.591
06/14/2016,2.604,70,2.57,2.603,2.57
06/13/2016,2.585,62,2.608,2.622,2.579
06/10/2016,2.556,29,2.598,2.598,2.56
06/09/2016,2.617,68,2.462,2.628,2.456
06/08/2016,2.468,45,2.481,2.488,2.461
06/07/2016,2.474,23,2.427,2.477,2.413
06/06/2016,2.466,42,2.436,2.45,2.411
06/03/2016,2.398,50,2.436,2.44,2.39
06/02/2016,2.405,58,2.389,2.415,2.368
06/01/2016,2.381,76,2.35,2.382,2.326
05/31/2016,2.288,40,2.242,2.298,2.242
05/27/2016,2.169,30,2.153,2.188,2.152
05/26/2016,2.151,5,1.933,1.933,1.933
05/25/2016,1.992,71,1.969,1.985,1.955
05/24/2016,1.98,56,2.049,2.049,1.978
05/23/2016,2.055,106,2.125,2.13,2.066
05/20/2016,2.062,65,2.044,2.071,2.044
05/19/2016,2.039,174,2.001,2.05,1.98
05/18/2016,2.001,49,2.011,2.025,1.995
05/17/2016,2.048,46,2.054,2.08,2.05
05/16/2016,2.029,70,2.067,2.067,2.024
05/13/2016,2.096,114,2.091,2.162,2.086
05/12/2016,2.155,76,2.158,2.181,2.129
05/11/2016,2.173,60,2.163,2.175,2.122
05/10/2016,2.158,36,2.169,2.17,2.142
05/09/2016,2.098,30,2.115,2.116,2.095
05/06/2016,2.101,74,2.052,2.106,2.052
05/05/2016,2.076,80,2.164,2.164,2.072
05/04/2016,2.141,53,2.124,2.157,2.124
05/03/2016,2.086,95,2.08,2.102,2.061
05/02/2016,2.042,112,2.107,2.118,2.03
04/29/2016,2.178,209,2.089,2.192,2.086
04/28/2016,2.078,201,2.093,2.101,2.069
04/27/2016,2.153,46,1.999,2.002,1.97
04/26/2016,2.032,31,2.014,2.02,2
04/25/2016,2.063,47,2.075,2.075,2.046
04/22/2016,2.14,607,2.048,2.136,2.048
04/21/2016,2.068,218,2.098,2.104,2.056
04/20/2016,2.069,188,2.096,2.125,2.061
04/19/2016,2.088,158,1.999,2.091,1.999
04/18/2016,1.94,152,1.924,1.944,1.893
04/15/2016,1.902,99,1.904,1.921,1.889
04/14/2016,1.97,138,1.978,2.018,1.959
04/13/2016,2.036,87,2.014,2.034,2.003
04/12/2016,2.004,66,1.967,2.016,1.956
04/11/2016,1.912,41,1.917,1.922,1.913
04/08/2016,1.99,149,2.031,2.032,1.991
04/07/2016,2.018,108,1.959,2.02,1.957
04/06/2016,1.911,28,1.91,1.919,1.905
04/05/2016,1.954,69,1.995,1.995,1.934
04/04/2016,1.998,131,2.005,2.067,1.987
04/01/2016,1.956,69,1.982,1.982,1.928
03/31/2016,1.959,141,2.023,2.023,1.937
03/30/2016,1.996,28,1.969,1.995,1.969
03/29/2016,1.981,3,1.981,1.981,1.981
03/28/2016,1.848,50,1.812,1.846,1.79
03/24/2016,1.806,179,1.789,1.821,1.78
03/23/2016,1.794,189,1.888,1.888,1.787
03/22/2016,1.863,93,1.851,1.863,1.811
03/21/2016,1.828,120,1.865,1.865,1.813
03/18/2016,1.907,238,1.929,1.939,1.891
03/17/2016,1.936,126,1.888,1.94,1.837
03/16/2016,1.936,65,1.843,1.866,1.843
03/15/2016,1.851,40,1.851,1.896,1.834
03/14/2016,1.819,117,1.804,1.829,1.802
03/11/2016,1.822,84,1.843,1.852,1.821
03/10/2016,1.788,147,1.771,1.81,1.737
03/09/2016,1.752,165,1.735,1.777,1.734
03/08/2016,1.712,159,1.705,1.719,1.702
03/07/2016,1.69,90,1.68,1.736,1.68
03/04/2016,1.666,30,1.642,1.662,1.642
03/03/2016,1.639,28,1.644,1.683,1.637
03/02/2016,1.678,116,1.673,1.711,1.667
03/01/2016,1.742,252,1.705,1.767,1.687
02/29/2016,1.711,88,1.703,1.734,1.703
02/26/2016,1.791,55,1.762,1.793,1.736
02/25/2016,1.785,55,1.76,1.803,1.76
02/24/2016,1.778,8,1.778,1.778,1.778
02/23/2016,1.782,52,1.831,1.831,1.78
02/22/2016,1.821,108,1.813,1.822,1.804
02/19/2016,1.804,27,1.827,1.827,1.798
02/18/2016,1.852,92,1.89,1.909,1.851
02/17/2016,1.942,18,1.899,1.945,1.899
02/16/2016,1.903,43,1.93,1.93,1.888
02/12/2016,1.966,30,1.976,1.976,1.957
02/11/2016,1.994,9,2.055,2.055,1.993
02/10/2016,2.046,53,2.058,2.058,2.035
02/09/2016,2.098,33,2.111,2.119,2.111
02/08/2016,2.14,18,2.149,2.169,2.146
02/05/2016,2.063,25,2.032,2.067,2.032
02/04/2016,1.972,35,2,2.024,1.967
02/03/2016,2.038,19,2.01,2.063,1.998
02/02/2016,2.025,40,2.027,2.029,1.978
02/01/2016,2.152,34,2.16,2.16,2.13
01/29/2016,2.298,74,2.27,2.301,2.27
01/28/2016,2.182,114,2.109,2.194,2.104
01/27/2016,2.157,82,2.173,2.193,2.141
01/26/2016,2.18,80,2.172,2.172,2.151
01/25/2016,2.158,141,2.101,2.169,2.087
01/22/2016,2.139,156,2.141,2.16,2.124
01/21/2016,2.138,258,2.154,2.185,2.09
01/20/2016,2.118,89,2.109,2.129,2.076
01/19/2016,2.091,63,2.142,2.142,2.105
01/15/2016,2.1,89,2.125,2.125,2.096
01/14/2016,2.139,91,2.198,2.229,2.137
01/13/2016,2.269,94,2.271,2.321,2.259
01/12/2016,2.257,99,2.322,2.324,2.258
01/11/2016,2.396,95,2.407,2.407,2.386
01/08/2016,2.472,131,2.395,2.475,2.386
01/07/2016,2.382,200,2.305,2.421,2.295
01/06/2016,2.267,290,2.319,2.355,2.241
01/05/2016,2.325,78,2.269,2.329,2.26
01/04/2016,2.334,227,2.311,2.37,2.311
12/31/2015,2.337,92,2.332,2.373,2.306
12/30/2015,2.37,N/A,2.37,2.37,2.37
12/29/2015,2.37,56,2.324,2.373,2.323
12/28/2015,2.228,44,2.168,2.231,2.168
12/25/2015,2.029,N/A,2.029,2.029,2.029
12/24/2015,2.029,66,2.032,2.037,1.991
12/23/2015,1.983,191,1.897,1.985,1.897
12/22/2015,1.888,36,1.873,1.913,1.873
12/21/2015,1.911,114,1.817,1.935,1.817
12/18/2015,1.767,69,1.774,1.797,1.762
12/17/2015,1.755,67,1.833,1.833,1.766
12/16/2015,1.79,55,1.81,1.81,1.785
12/15/2015,1.822,57,1.847,1.852,1.827
12/14/2015,1.894,41,1.895,1.895,1.876
12/11/2015,1.99,45,1.964,2.006,1.964
12/10/2015,2.015,94,2.06,2.096,2.013
12/09/2015,2.062,23,2.099,2.1,2.053
12/08/2015,2.07,62,2.034,2.08,2.033
12/07/2015,2.067,38,2.125,2.131,2.096
12/04/2015,2.186,51,2.18,2.191,2.17
12/03/2015,2.181,40,2.135,2.198,2.135
12/02/2015,2.165,65,2.203,2.212,2.155
12/01/2015,2.231,74,2.218,2.246,2.2
11/30/2015,2.235,34,2.218,2.247,2.216
11/27/2015,2.212,4,2.221,2.221,2.213
11/26/2015,2.299,N/A,2.299,2.299,2.299
11/25/2015,2.299,53,2.288,2.336,2.288
11/24/2015,2.2,43,2.156,2.192,2.137
11/23/2015,2.21,116,2.143,2.21,2.143
11/20/2015,2.145,74,2.215,2.217,2.138
11/19/2015,2.276,92,2.335,2.372,2.304
11/18/2015,2.347,57,2.365,2.376,2.337
11/17/2015,2.371,90,2.304,2.394,2.304
11/16/2015,2.385,178,2.408,2.419,2.362
11/13/2015,2.361,90,2.307,2.372,2.304
11/12/2015,2.26,89,2.268,2.286,2.24
11/11/2015,2.263,149,2.329,2.332,2.25
11/10/2015,2.32,130,2.315,2.359,2.304
11/09/2015,2.3,48,2.315,2.329,2.294
11/06/2015,2.371,119,2.375,2.393,2.32
11/05/2015,2.364,N/A,2.364,2.364,2.364
11/04/2015,2.262,56,2.311,2.316,2.258
11/03/2015,2.253,178,2.267,2.287,2.239
11/02/2015,2.256,96,2.237,2.274,2.234
10/30/2015,2.321,359,2.211,2.334,2.208
10/29/2015,2.257,283,2.341,2.367,2.238
10/28/2015,2.298,208,2.331,2.331,2.267
10/27/2015,2.092,155,2.06,2.108,2.036
10/26/2015,2.062,364,2.193,2.201,2.051
10/23/2015,2.286,123,2.336,2.336,2.284
10/22/2015,2.386,98,2.398,2.433,2.358
10/21/2015,2.404,125,2.414,2.419,2.384
10/20/2015,2.476,70,2.48,2.496,2.463
10/19/2015,2.442,157,2.439,2.479,2.439
10/16/2015,2.43,132,2.448,2.449,2.416
10/15/2015,2.453,178,2.551,2.574,2.453
10/14/2015,2.518,159,2.503,2.535,2.491
10/13/2015,2.498,118,2.523,2.549,2.487
10/12/2015,2.535,39,2.517,2.542,2.511
10/09/2015,2.502,57,2.493,2.518,2.485
10/08/2015,2.498,91,2.481,2.523,2.481
10/07/2015,2.474,121,2.51,2.529,2.474
10/06/2015,2.47,111,2.447,2.475,2.442
10/05/2015,2.45,49,2.47,2.481,2.447
10/02/2015,2.451,44,2.414,2.462,2.414
10/01/2015,2.433,47,2.484,2.492,2.441
09/30/2015,2.524,37,2.555,2.568,2.515
09/29/2015,2.586,49,2.614,2.618,2.583
09/28/2015,2.67,28,2.711,2.717,2.652
09/25/2015,2.564,30,2.563,2.568,2.543
09/24/2015,2.591,113,2.557,2.589,2.527
09/23/2015,2.569,59,2.591,2.595,2.56
09/22/2015,2.577,46,2.588,2.588,2.57
09/21/2015,2.573,31,2.562,2.586,2.551
09/18/2015,2.605,29,2.628,2.631,2.606
09/17/2015,2.652,27,2.656,2.671,2.652
09/16/2015,2.66,24,2.698,2.698,2.657
09/15/2015,2.728,19,2.751,2.759,2.744
09/14/2015,2.758,40,2.726,2.764,2.72
09/11/2015,2.693,15,2.671,2.671,2.671
09/10/2015,2.683,70,2.669,2.73,2.669
09/09/2015,2.651,50,2.687,2.687,2.642
09/08/2015,2.71,35,2.693,2.716,2.681
09/07/2015,2.655,N/A,2.655,2.655,2.655
09/04/2015,2.655,69,2.68,2.689,2.649
09/03/2015,2.725,69,2.645,2.732,2.637
09/02/2015,2.648,12,2.666,2.666,2.649
09/01/2015,2.702,15,2.708,2.708,2.677
08/31/2015,2.689,41,2.655,2.686,2.649
08/28/2015,2.715,31,2.709,2.716,2.698
08/27/2015,2.664,28,2.679,2.689,2.664
08/26/2015,2.693,176,2.698,2.705,2.685
08/25/2015,2.685,28,2.671,2.671,2.658
08/24/2015,2.65,247,2.64,2.687,2.638
08/21/2015,2.676,36,2.71,2.71,2.671
08/20/2015,2.755,40,2.722,2.784,2.721
08/19/2015,2.716,35,2.728,2.734,2.728
08/18/2015,2.704,21,2.703,2.716,2.683
08/17/2015,2.728,26,2.753,2.753,2.726
08/14/2015,2.801,7,2.833,2.833,2.783
08/13/2015,2.787,40,2.856,2.856,2.796
08/12/2015,2.931,24,2.874,2.926,2.874
08/11/2015,2.844,9,2.816,2.845,2.816
08/10/2015,2.842,11,2.84,2.84,2.824
08/07/2015,2.798,22,2.796,2.811,2.773
08/06/2015,2.813,47,2.759,2.83,2.736
08/05/2015,2.798,33,2.839,2.856,2.798
08/04/2015,2.812,19,2.798,2.818,2.793
08/03/2015,2.748,23,2.718,2.751,2.716
07/31/2015,2.716,10,2.766,2.766,2.717
07/30/2015,2.768,27,2.832,2.832,2.769
07/29/2015,2.864,21,2.849,2.86,2.837
07/28/2015,2.821,33,2.823,2.842,2.798
07/27/2015,2.789,14,2.785,2.809,2.782
07/24/2015,2.776,18,2.782,2.791,2.778
07/23/2015,2.816,53,2.906,2.917,2.818
07/22/2015,2.897,24,2.885,2.907,2.853
07/21/2015,2.882,7,2.86,2.876,2.86
07/20/2015,2.823,72,2.803,2.87,2.787
07/17/2015,2.87,8,2.847,2.862,2.84
07/16/2015,2.854,38,2.917,2.917,2.848
07/15/2015,2.918,16,2.897,2.926,2.879
07/14/2015,2.84,34,2.913,2.927,2.825
07/13/2015,2.864,63,2.831,2.878,2.83
07/10/2015,2.77,35,2.756,2.805,2.756
07/09/2015,2.726,13,2.686,2.722,2.651
07/08/2015,2.685,23,2.737,2.738,2.682
07/07/2015,2.716,36,2.734,2.734,2.697
07/06/2015,2.756,30,2.748,2.775,2.736
07/03/2015,2.822,N/A,2.822,2.822,2.822
07/02/2015,2.822,72,2.819,2.881,2.817
07/01/2015,2.783,50,2.837,2.837,2.767
06/30/2015,2.832,15,2.776,2.829,2.764
06/29/2015,2.805,10,2.8,2.837,2.769
06/26/2015,2.77,8,2.803,2.812,2.772
06/25/2015,2.808,11,2.802,2.818,2.795
06/24/2015,2.85,2,2.736,2.75,2.736
06/23/2015,2.726,22,2.783,2.783,2.735
06/22/2015,2.732,50,2.732,2.743,2.727
06/19/2015,2.732,4,2.754,2.789,2.754
06/18/2015,2.777,18,2.834,2.854,2.777
06/17/2015,2.855,18,2.892,2.932,2.844
06/16/2015,2.894,25,2.873,2.898,2.841
06/15/2015,2.889,19,2.84,2.887,2.84
06/12/2015,2.75,5,2.806,2.806,2.747
06/11/2015,2.825,7,2.886,2.886,2.821
06/10/2015,2.891,9,2.888,2.888,2.837
06/09/2015,2.846,27,2.77,2.848,2.77
06/08/2015,2.705,10,2.656,2.705,2.656
06/05/2015,2.59,3,2.594,2.594,2.59
06/04/2015,2.626,7,2.607,2.632,2.607
06/03/2015,2.634,17,2.67,2.67,2.636
06/02/2015,2.698,56,2.655,2.689,2.601
06/01/2015,2.649,15,2.629,2.664,2.629
05/29/2015,2.642,6,2.668,2.675,2.649
05/28/2015,2.706,6,2.785,2.785,2.706
05/27/2015,2.847,3,2.849,2.857,2.849
05/26/2015,2.822,19,2.845,2.845,2.845
05/25/2015,2.887,N/A,2.887,2.887,2.887
05/22/2015,2.887,8,2.929,2.929,2.91
05/21/2015,2.949,32,2.983,3.016,2.937
05/20/2015,2.915,35,2.922,2.922,2.922
05/19/2015,2.948,16,3.084,3.092,2.945
05/18/2015,3.01,14,3.033,3.033,3.001
05/15/2015,3.016,3,3.016,3.016,3.016
05/14/2015,3.008,9,2.904,2.996,2.897
05/13/2015,2.935,16,2.918,2.959,2.918
05/12/2015,2.897,8,2.873,2.927,2.873
05/11/2015,2.802,34,2.823,2.823,2.8
05/08/2015,2.88,26,2.821,2.87,2.821
05/07/2015,2.734,10,2.798,2.809,2.715
05/06/2015,2.776,6,2.791,2.801,2.788
05/05/2015,2.78,20,2.792,2.813,2.773
05/04/2015,2.821,23,2.761,2.82,2.761
05/01/2015,2.776,5,2.743,2.79,2.743
04/30/2015,2.751,15,2.694,2.764,2.694
04/29/2015,2.606,17,2.576,2.603,2.576
04/28/2015,2.537,37,2.524,2.53,2.523
04/27/2015,2.49,30,2.462,2.469,2.455
04/24/2015,2.531,3,2.552,2.552,2.527
04/23/2015,2.531,56,2.554,2.557,2.481
04/22/2015,2.606,56,2.587,2.616,2.587
04/21/2015,2.575,14,2.578,2.58,2.561
04/20/2015,2.536,15,2.552,2.555,2.535
04/17/2015,2.634,5,2.66,2.66,2.636
04/16/2015,2.684,31,2.596,2.679,2.549
04/15/2015,2.61,16,2.567,2.612,2.567
04/14/2015,2.53,15,2.537,2.542,2.529
04/13/2015,2.511,24,2.537,2.537,2.5
04/10/2015,2.511,11,2.53,2.532,2.518
04/09/2015,2.528,18,2.623,2.623,2.532
04/08/2015,2.619,39,2.637,2.641,2.615
04/07/2015,2.68,18,2.667,2.694,2.667
04/06/2015,2.65,24,2.642,2.661,2.642
04/03/2015,2.713,N/A,2.713,2.713,2.713
04/02/2015,2.713,38,2.612,2.716,2.612
04/01/2015,2.605,7,2.638,2.638,2.591
03/31/2015,2.64,7,2.673,2.673,2.643
03/30/2015,2.644,7,2.643,2.655,2.643
03/27/2015,2.639,21,2.639,2.647,2.623
03/26/2015,2.672,1,2.665,2.665,2.665
03/25/2015,2.723,7,2.746,2.746,2.718
03/24/2015,2.786,15,2.787,2.803,2.763
03/23/2015,2.733,12,2.693,2.741,2.693
03/20/2015,2.786,20,2.891,2.901,2.769
03/19/2015,2.813,9,2.836,2.838,2.791
03/18/2015,2.92,17,2.833,2.916,2.821
03/17/2015,2.855,11,2.825,2.854,2.798
03/16/2015,2.716,7,2.688,2.715,2.688
03/13/2015,2.727,10,2.718,2.738,2.689
03/12/2015,2.734,8,2.813,2.825,2.738
03/11/2015,2.824,2,2.745,2.829,2.745
03/10/2015,2.732,N/A,2.732,2.732,2.732
03/09/2015,2.678,N/A,2.678,2.678,2.678
03/06/2015,2.839,N/A,2.839,2.839,2.839
03/05/2015,2.841,2,2.798,2.82,2.798
03/04/2015,2.769,1,2.769,2.769,2.769
03/03/2015,2.712,N/A,2.712,2.712,2.712
03/02/2015,2.698,N/A,2.698,2.698,2.698
02/27/2015,2.734,N/A,2.734,2.734,2.734
02/26/2015,2.697,5,2.736,2.736,2.714
02/25/2015,2.862,3,2.928,2.928,2.858
02/24/2015,2.902,N/A,2.902,2.902,2.902
02/23/2015,2.879,1,2.937,2.937,2.937
02/20/2015,2.951,8,2.96,2.97,2.94
02/19/2015,2.834,18,2.847,2.855,2.807
02/18/2015,2.831,7,2.743,2.805,2.743
02/17/2015,2.759,15,2.774,2.887,2.715
02/16/2015,2.804,N/A,2.804,2.804,2.804
02/13/2015,2.804,5,2.679,2.745,2.679
02/12/2015,2.713,11,2.795,2.812,2.693
02/11/2015,2.797,15,2.828,2.844,2.763
02/10/2015,2.677,15,2.676,2.743,2.665
02/09/2015,2.597,9,2.604,2.608,2.578
02/06/2015,2.579,2,2.598,2.61,2.598
02/05/2015,2.6,14,2.641,2.645,2.6
02/04/2015,2.662,13,2.749,2.749,2.657
02/03/2015,2.754,32,2.663,2.778,2.654
02/02/2015,2.68,11,2.65,2.669,2.623
01/30/2015,2.691,27,2.67,2.697,2.656
01/29/2015,2.719,10,2.839,2.839,2.679
01/28/2015,2.842,1,2.842,2.842,2.842
01/27/2015,2.981,15,2.981,2.981,2.981
01/26/2015,2.881,N/A,2.881,2.881,2.881
01/23/2015,2.986,19,2.986,2.986,2.986
01/22/2015,2.835,14,2.835,2.835,2.835
01/21/2015,2.974,2,2.974,2.974,2.974
01/20/2015,2.831,3,2.831,2.831,2.831
01/19/2015,3.127,N/A,3.127,3.127,3.127
01/16/2015,3.127,2,3.127,3.127,3.127
01/15/2015,3.158,3,3.334,3.334,3.334
01/14/2015,3.233,6,3.233,3.233,3.233
01/13/2015,2.943,2,2.943,2.943,2.943
01/12/2015,2.795,N/A,2.795,2.795,2.795
01/09/2015,2.946,7,2.947,2.968,2.918
01/08/2015,2.927,N/A,2.927,2.927,2.927
01/07/2015,2.871,7,2.871,2.871,2.871
01/06/2015,2.938,N/A,2.938,2.938,2.938
01/05/2015,2.882,5,2.99,2.99,2.99
01/02/2015,3.003,7,2.99,2.99,2.99
01/01/2015,2.889,N/A,2.889,2.889,2.889
12/31/2014,2.889,N/A,2.889,2.889,2.889
12/30/2014,3.094,1,3.094,3.094,3.094
12/29/2014,3.199,1,3.199,3.199,3.199
12/26/2014,3.007,2,3.007,3.007,3.007
12/25/2014,3.03,N/A,3.03,3.03,3.03
12/24/2014,3.03,9,3.03,3.03,3.03
12/23/2014,3.171,44,3.171,3.171,3.171
12/22/2014,3.144,7,3.144,3.503,3.494
12/19/2014,3.464,4,3.494,3.503,3.494
12/18/2014,3.642,47,3.642,3.642,3.642
12/17/2014,3.702,44,3.702,3.702,3.702
12/16/2014,3.619,11,3.619,3.619,3.619
12/15/2014,3.719,6,3.719,3.719,3.719
12/12/2014,3.795,9,3.795,3.795,3.795
12/11/2014,3.634,7,3.634,3.634,3.634
12/10/2014,3.706,24,3.706,3.706,3.706
12/09/2014,3.652,55,3.652,3.652,3.652
12/08/2014,3.595,47,3.595,3.595,3.595
12/05/2014,3.802,6,3.796,3.796,3.796
12/04/2014,3.649,51,3.649,3.649,3.649
12/03/2014,3.805,72,3.796,3.82,3.796
12/02/2014,3.874,58,3.915,3.915,3.915
12/01/2014,4.007,58,3.989,3.989,3.989
11/28/2014,4.088,7,4.17,4.17,4.17
11/27/2014,4.355,N/A,4.355,4.355,4.355
11/26/2014,4.355,7,4.355,4.355,4.355
11/25/2014,4.403,2,4.403,4.403,4.403
11/24/2014,4.151,2,4.151,4.151,4.151
11/21/2014,4.266,11,4.266,4.266,4.266
11/20/2014,4.489,25,4.489,4.489,4.489
11/19/2014,4.371,44,4.438,4.459,4.361
11/18/2014,4.244,64,4.22,4.22,4.151
11/17/2014,4.341,32,4.202,4.275,4.202
11/14/2014,4.02,42,4.011,4.025,3.969
11/13/2014,3.977,34,4.133,4.133,3.999
11/12/2014,4.185,15,4.193,4.193,4.168
11/11/2014,4.247,60,4.237,4.258,4.237
11/10/2014,4.255,55,4.255,4.255,4.255
11/07/2014,4.412,18,4.37,4.427,4.334
11/06/2014,4.404,26,4.228,4.348,4.228
11/05/2014,4.194,6,4.204,4.204,4.172
11/04/2014,4.129,113,4.085,4.167,4.057
11/03/2014,4.046,54,4.004,4.04,4.001
10/31/2014,3.873,37,3.921,3.926,3.883
10/30/2014,3.827,16,3.804,3.826,3.804
10/29/2014,3.788,60,3.788,3.788,3.788
10/28/2014,3.649,10,3.649,3.649,3.649
10/27/2014,3.561,16,3.58,3.586,3.555
10/24/2014,3.623,75,3.57,3.57,3.57
10/23/2014,3.622,13,3.66,3.667,3.66
10/22/2014,3.659,15,3.687,3.691,3.687
10/21/2014,3.711,19,3.711,3.711,3.711
10/20/2014,3.67,2,3.67,3.67,3.67
10/17/2014,3.766,51,3.766,3.794,3.774
10/16/2014,3.796,51,3.774,3.794,3.774
10/15/2014,3.8,28,3.781,3.798,3.777
10/14/2014,3.816,75,3.816,3.816,3.816
10/13/2014,3.916,8,3.916,3.916,3.916
10/10/2014,3.859,3,3.859,3.859,3.859
10/09/2014,3.845,51,3.868,3.89,3.83
10/08/2014,3.855,2,3.84,3.84,3.84
10/07/2014,3.957,73,3.957,3.957,3.957
10/06/2014,3.898,5,3.927,3.927,3.927
10/03/2014,4.039,66,4.01,4.01,4.01
10/02/2014,3.932,22,3.932,3.94,3.932
10/01/2014,4.023,133,4.13,4.134,4.079
09/30/2014,4.121,191,4.125,4.144,4.102
09/29/2014,4.154,41,4.056,4.148,4.056
09/26/2014,4.029,18,4.014,4.021,4.009
09/25/2014,3.971,55,3.855,3.951,3.844
09/24/2014,3.911,24,3.833,3.884,3.833
09/23/2014,3.816,20,3.881,3.883,3.838
09/22/2014,3.85,45,3.863,3.863,3.815
09/19/2014,3.837,21,3.843,3.861,3.837
09/18/2014,3.91,19,4.004,4.004,3.903
09/17/2014,4.013,15,4.013,4.022,3.994
09/16/2014,3.995,39,3.864,3.98,3.864
09/15/2014,3.931,59,3.94,3.946,3.902
09/12/2014,3.857,37,3.807,3.854,3.807
09/11/2014,3.823,20,3.884,3.886,3.818
09/10/2014,3.954,15,3.945,3.963,3.939
09/09/2014,3.984,31,3.891,3.998,3.891
09/08/2014,3.876,26,3.842,3.872,3.826
09/05/2014,3.793,28,3.815,3.819,3.784
09/04/2014,3.819,20,3.804,3.823,3.793
09/03/2014,3.847,16,3.843,3.863,3.841
09/02/2014,3.89,21,3.952,3.952,3.89
09/01/2014,4.065,N/A,4.065,4.065,4.065
08/29/2014,4.065,N/A,4.065,4.065,4.065
08/28/2014,4.044,5,4.044,4.044,4.044
08/27/2014,4.003,14,4.003,4.003,4.003
08/26/2014,3.911,14,3.946,3.954,3.939
08/25/2014,3.937,31,3.937,3.937,3.937
08/22/2014,3.84,18,3.84,3.84,3.84
08/21/2014,3.889,28,3.889,3.889,3.889
08/20/2014,3.823,25,3.823,3.823,3.823
08/19/2014,3.877,39,3.877,3.877,3.877
08/18/2014,3.792,26,3.792,3.792,3.792
08/15/2014,3.776,4,3.776,3.776,3.776
08/14/2014,3.906,68,3.906,3.906,3.906
08/13/2014,3.831,4,3.831,3.831,3.831
08/12/2014,3.974,3,3.974,3.974,3.974
08/11/2014,3.965,10,3.965,3.965,3.965
08/08/2014,3.962,2,3.962,3.962,3.962
08/07/2014,3.876,2,3.876,3.876,3.876
08/06/2014,3.933,3,3.933,3.933,3.933
08/05/2014,3.897,1,3.897,3.897,3.897
08/04/2014,3.834,3,3.834,3.834,3.834
08/01/2014,3.798,19,3.798,3.798,3.798
07/31/2014,3.841,11,3.841,3.841,3.841
07/30/2014,3.786,6,3.786,3.786,3.786
07/29/2014,3.824,13,3.824,3.824,3.824
07/28/2014,3.747,22,3.747,3.747,3.747
07/25/2014,3.781,6,3.781,3.781,3.781
07/24/2014,3.847,26,3.847,3.847,3.847
07/23/2014,3.762,2,3.762,3.762,3.762
07/22/2014,3.772,5,3.772,3.772,3.772
07/21/2014,3.849,5,3.849,3.849,3.849
07/18/2014,3.951,2,3.951,3.951,3.951
07/17/2014,3.954,2,3.954,3.954,3.954
07/16/2014,4.119,13,4.119,4.119,4.119
07/15/2014,4.097,2,4.097,4.097,4.097
07/14/2014,4.147,9,4.147,4.147,4.147
07/11/2014,4.146,1,4.146,4.146,4.146
07/10/2014,4.12,28,4.12,4.12,4.12
07/09/2014,4.17,3,4.17,4.17,4.17
07/08/2014,4.204,N/A,4.204,4.204,4.204
07/07/2014,4.225,N/A,4.225,4.225,4.225
07/04/2014,4.406,N/A,4.406,4.406,4.406
07/03/2014,4.406,2,4.406,4.406,4.406
07/02/2014,4.357,4,4.357,4.357,4.357
07/01/2014,4.455,1,4.455,4.455,4.455
06/30/2014,4.461,1,4.48,4.48,4.48
06/27/2014,4.409,1,4.409,4.409,4.409
06/26/2014,4.441,1,4.441,4.441,4.441
06/25/2014,4.553,17,4.553,4.553,4.553
06/24/2014,4.535,8,4.535,4.535,4.535
06/23/2014,4.446,2,4.446,4.446,4.446
06/20/2014,4.531,N/A,4.531,4.531,4.531
06/19/2014,4.584,N/A,4.584,4.584,4.584
06/18/2014,4.659,N/A,4.659,4.659,4.659
06/17/2014,4.709,1,4.709,4.709,4.709
06/16/2014,4.707,3,4.707,4.707,4.707
06/13/2014,4.739,2,4.739,4.739,4.739
06/12/2014,4.762,24,4.762,4.762,4.762
06/11/2014,4.508,1,4.508,4.508,4.508
06/10/2014,4.53,19,4.53,4.53,4.53
06/09/2014,4.645,6,4.645,4.645,4.645
06/06/2014,4.71,3,4.71,4.71,4.71
06/05/2014,4.701,3,4.701,4.701,4.701
06/04/2014,4.64,17,4.64,4.64,4.64
06/03/2014,4.629,3,4.629,4.629,4.629
06/02/2014,4.612,2,4.612,4.612,4.612
05/30/2014,4.542,24,4.521,4.53,4.502
05/29/2014,4.559,13,4.614,4.634,4.542
05/28/2014,4.615,2,4.615,4.615,4.615
05/27/2014,4.505,27,4.454,4.501,4.445
05/26/2014,4.405,N/A,4.405,4.405,4.405
05/23/2014,4.405,45,4.377,4.381,4.372
05/22/2014,4.359,34,4.461,4.461,4.354
05/21/2014,4.473,15,4.539,4.542,4.473
05/20/2014,4.552,18,4.501,4.556,4.501
05/19/2014,4.47,14,4.485,4.518,4.465
05/16/2014,4.413,18,4.428,4.44,4.416
05/15/2014,4.469,6,4.48,4.485,4.458
05/14/2014,4.367,3,4.384,4.384,4.343
05/13/2014,4.358,18,4.424,4.43,4.376
05/12/2014,4.434,23,4.464,4.47,4.432
05/09/2014,4.531,22,4.519,4.536,4.509
05/08/2014,4.572,5,4.703,4.703,4.577
05/07/2014,4.74,13,4.728,4.746,4.71
05/06/2014,4.799,7,4.779,4.781,4.775
05/05/2014,4.688,11,4.708,4.708,4.685
05/02/2014,4.674,4,4.726,4.726,4.693
05/01/2014,4.719,18,4.793,4.793,4.711
04/30/2014,4.815,4,4.778,4.807,4.778
04/29/2014,4.831,12,4.796,4.835,4.795
04/28/2014,4.799,N/A,4.799,4.799,4.799
04/25/2014,4.647,8,4.662,4.666,4.635
04/24/2014,4.705,5,4.742,4.742,4.683
04/23/2014,4.73,14,4.76,4.77,4.758
04/22/2014,4.739,8,4.708,4.723,4.708
04/21/2014,4.697,9,4.756,4.764,4.695
04/18/2014,4.741,N/A,4.741,4.741,4.741
04/17/2014,4.741,9,4.486,4.731,4.486
04/16/2014,4.53,11,4.55,4.558,4.527
04/15/2014,4.567,7,4.599,4.599,4.544
04/14/2014,4.56,14,4.558,4.565,4.54
04/11/2014,4.62,8,4.629,4.629,4.615
04/10/2014,4.655,9,4.659,4.676,4.651
04/09/2014,4.586,9,4.53,4.578,4.53
04/08/2014,4.534,16,4.505,4.546,4.505
04/07/2014,4.476,18,4.483,4.511,4.468
04/04/2014,4.439,13,4.458,4.466,4.424
04/03/2014,4.47,8,4.401,4.46,4.401
04/02/2014,4.364,10,4.326,4.38,4.326
04/01/2014,4.276,11,4.328,4.328,4.277
03/31/2014,4.371,4,4.371,4.371,4.371
03/28/2014,4.485,2,4.485,4.485,4.485
03/27/2014,4.538,5,4.538,4.538,4.538
03/26/2014,4.402,4,4.402,4.402,4.402
03/25/2014,4.411,9,4.411,4.411,4.411
03/24/2014,4.276,5,4.276,4.276,4.276
03/21/2014,4.313,5,4.31,4.31,4.31
03/20/2014,4.369,1,4.369,4.369,4.369
03/19/2014,4.484,24,4.484,4.484,4.484
03/18/2014,4.456,1,4.456,4.456,4.456
03/17/2014,4.536,6,4.536,4.536,4.536
03/14/2014,4.425,N/A,4.425,4.425,4.425
03/13/2014,4.383,1,4.383,4.383,4.383
03/12/2014,4.49,1,4.49,4.49,4.49
03/11/2014,4.605,2,4.605,4.605,4.605
03/10/2014,4.651,11,4.651,4.651,4.651
03/07/2014,4.618,4,4.618,4.618,4.618
03/06/2014,4.662,9,4.662,4.662,4.662
03/05/2014,4.523,5,4.523,4.523,4.523
03/04/2014,4.667,11,4.667,4.667,4.667
03/03/2014,4.492,3,4.492,4.492,4.492
02/28/2014,4.609,N/A,4.609,4.609,4.609
02/27/2014,4.511,2,4.511,4.511,4.511
02/26/2014,4.541,N/A,4.541,4.541,4.541
02/25/2014,5.096,3,5.07,5.07,5.065
02/24/2014,5.445,9,5.46,5.5,5.46
02/21/2014,6.135,2,6.085,6.095,6.085
02/20/2014,6.064,N/A,6.064,6.064,6.064
02/19/2014,6.149,N/A,6.149,6.149,6.149
02/18/2014,5.551,N/A,5.551,5.551,5.551
02/17/2014,5.214,N/A,5.214,5.214,5.214
02/14/2014,5.214,N/A,5.214,5.214,5.214
02/13/2014,5.223,2,5.2,5.21,5.2
02/12/2014,4.822,N/A,4.822,4.822,4.822
02/11/2014,4.824,N/A,4.824,4.824,4.824
02/10/2014,4.579,N/A,4.579,4.579,4.579
02/07/2014,4.775,4,4.836,4.836,4.836
02/06/2014,4.931,N/A,4.931,4.931,4.931
02/05/2014,5.03,N/A,5.03,5.03,5.03
02/04/2014,5.375,N/A,5.375,5.375,5.375
02/03/2014,4.905,1,4.836,4.836,4.836
01/31/2014,4.943,3,4.805,4.805,4.768
01/30/2014,5.011,6,5.143,5.143,5.053
01/29/2014,5.465,16,5.229,5.229,5.229
01/28/2014,5.033,23,4.97,5.032,4.97
01/27/2014,4.847,30,5.094,5.094,4.892
01/24/2014,5.182,155,4.905,5.16,4.905
01/23/2014,4.73,17,4.841,4.841,4.763
01/22/2014,4.689,16,4.6,4.679,4.599
01/21/2014,4.431,21,4.414,4.425,4.391
01/20/2014,4.326,N/A,4.326,4.326,4.326
01/17/2014,4.326,17,4.331,4.363,4.305
01/16/2014,4.382,32,4.471,4.471,4.359
01/15/2014,4.325,19,4.378,4.409,4.32
01/14/2014,4.369,16,4.314,4.365,4.297
01/13/2014,4.274,13,4.21,4.271,4.203
01/10/2014,4.053,26,4.032,4.084,4.028
01/09/2014,4.005,31,4.156,4.156,4.023
01/08/2014,4.216,18,4.309,4.309,4.219
01/07/2014,4.299,20,4.389,4.389,4.271
01/06/2014,4.306,15,4.311,4.336,4.268
01/03/2014,4.321,12,4.278,4.376,4.278
01/02/2014,4.321,31,4.316,4.322,4.285
01/01/2014,4.23,N/A,4.23,4.23,4.23
12/31/2013,4.23,42,4.308,4.308,4.274
12/30/2013,4.427,32,4.454,4.454,4.422
12/27/2013,4.368,1,4.368,4.368,4.368
12/26/2013,4.433,16,4.404,4.443,4.377
12/25/2013,4.416,N/A,4.416,4.416,4.416
12/24/2013,4.416,7,4.404,4.405,4.396
12/23/2013,4.463,13,4.488,4.49,4.473
12/20/2013,4.418,39,4.422,4.471,4.422
12/19/2013,4.46,8,4.338,4.46,4.338
12/18/2013,4.251,44,4.289,4.289,4.269
12/17/2013,4.287,45,4.227,4.315,4.206
12/16/2013,4.279,7,4.256,4.276,4.256
12/13/2013,4.351,21,4.357,4.421,4.357
12/12/2013,4.409,13,4.39,4.39,4.315
12/11/2013,4.337,23,4.221,4.321,4.211
12/10/2013,4.237,13,4.267,4.267,4.206
12/09/2013,4.232,25,4.182,4.236,4.176
12/06/2013,4.114,16,4.174,4.183,4.1
12/05/2013,4.132,7,3.986,4.067,3.986
12/04/2013,3.96,22,4,4.002,3.971
12/03/2013,3.976,73,3.96,3.995,3.944
12/02/2013,3.988,39,3.91,3.945,3.91
11/29/2013,3.954,2,3.947,3.947,3.947
11/28/2013,3.895,N/A,3.895,3.895,3.895
11/27/2013,3.895,3,3.868,3.885,3.868
11/26/2013,3.864,1,3.864,3.864,3.864
11/25/2013,3.789,13,3.804,3.804,3.755
11/22/2013,3.768,9,3.758,3.758,3.758
11/21/2013,3.702,23,3.695,3.709,3.674
11/20/2013,3.674,18,3.639,3.639,3.639
11/19/2013,3.556,24,3.61,3.612,3.571
11/18/2013,3.617,24,3.67,3.676,3.612
11/15/2013,3.66,2209,3.62,3.62,3.62
11/14/2013,3.605,22,3.56,3.609,3.56
11/13/2013,3.566,6,3.61,3.625,3.593
11/12/2013,3.617,27,3.638,3.651,3.628
11/11/2013,3.574,20,3.573,3.582,3.551
11/08/2013,3.559,26,3.56,3.581,3.56
11/07/2013,3.519,22,3.58,3.58,3.523
11/06/2013,3.498,26,3.479,3.535,3.47
11/05/2013,3.466,16,3.426,3.479,3.426
11/04/2013,3.445,13,3.441,3.441,3.416
11/01/2013,3.513,22,3.527,3.536,3.509
10/31/2013,3.581,11,3.604,3.604,3.578
10/30/2013,3.62,N/A,3.62,3.62,3.62
10/29/2013,3.629,2549,3.637,3.637,3.637
10/28/2013,3.569,38,3.576,3.593,3.572
10/25/2013,3.707,3,3.67,3.67,3.67
10/24/2013,3.629,35,3.565,3.611,3.565
10/23/2013,3.619,14,3.612,3.623,3.612
10/22/2013,3.581,11,3.619,3.637,3.582
10/21/2013,3.668,8216,3.759,3.759,3.673
10/18/2013,3.764,30,3.722,3.782,3.689
10/17/2013,3.757,15,3.739,3.748,3.739
10/16/2013,3.769,19,3.855,3.857,3.792
10/15/2013,3.79,38,3.822,3.822,3.787
10/14/2013,3.82,26,3.813,3.816,3.768
10/11/2013,3.776,13,3.774,3.778,3.758
10/10/2013,3.723,21,3.75,3.791,3.73
10/09/2013,3.679,9,3.7,3.71,3.684
10/08/2013,3.716,25,3.705,3.721,3.696
10/07/2013,3.629,20,3.597,3.655,3.596
10/04/2013,3.506,6,3.505,3.505,3.505
10/03/2013,3.499,23,3.513,3.535,3.497
10/02/2013,3.542,24,3.597,3.597,3.543
10/01/2013,3.609,33,3.591,3.637,3.59
09/30/2013,3.56,N/A,3.56,3.56,3.56
09/27/2013,3.589,19,3.551,3.584,3.548
09/26/2013,3.567,6,3.56,3.56,3.56
09/25/2013,3.493,27,3.516,3.528,3.515
09/24/2013,3.492,9410,3.534,3.534,3.502
09/23/2013,3.602,28431,3.649,3.661,3.598
09/20/2013,3.687,7,3.678,3.69,3.678
09/19/2013,3.72,30,3.744,3.761,3.684
09/18/2013,3.713,10,3.681,3.717,3.678
09/17/2013,3.745,12904,3.738,3.747,3.738
09/16/2013,3.738,14,3.738,3.739,3.689
09/13/2013,3.677,18,3.652,3.683,3.652
09/12/2013,3.638,43,3.559,3.655,3.558
09/11/2013,3.567,17,3.527,3.612,3.527
09/10/2013,3.584,19,3.565,3.573,3.557
09/09/2013,3.605,25,3.581,3.594,3.561
09/06/2013,3.53,13,3.545,3.553,3.522
09/05/2013,3.575,19,3.698,3.699,3.6
09/04/2013,3.683,17,3.653,3.682,3.648
09/03/2013,3.666,N/A,3.666,3.666,3.666
09/02/2013,3.581,N/A,3.581,3.581,3.581
08/30/2013,3.581,11,3.587,3.618,3.587
08/29/2013,3.618,N/A,3.618,3.618,3.618
08/28/2013,3.582,10,3.582,3.582,3.582
08/27/2013,3.534,27,3.462,3.497,3.462
08/26/2013,3.513,14,3.501,3.501,3.484
08/23/2013,3.485,25,3.513,3.514,3.486
08/22/2013,3.545,13,3.554,3.554,3.532
08/21/2013,3.46,7,3.459,3.473,3.458
08/20/2013,3.444,25,3.482,3.482,3.44
08/19/2013,3.463,11,3.476,3.497,3.464
08/16/2013,3.368,11,3.37,3.37,3.37
08/15/2013,3.419,11,3.36,3.414,3.36
08/14/2013,3.342,22,3.364,3.369,3.364
08/13/2013,3.285,26,3.269,3.317,3.269
08/12/2013,3.31,N/A,3.31,3.31,3.31
08/09/2013,3.23,12,3.298,3.316,3.264
08/08/2013,3.297,1101,3.25,3.27,3.25
08/07/2013,3.247,24,3.254,3.265,3.246
08/06/2013,3.318,17,3.315,3.33,3.315
08/05/2013,3.319,N/A,3.319,3.319,3.319
08/02/2013,3.347,11,3.397,3.397,3.364
08/01/2013,3.387,20,3.352,3.424,3.352
07/31/2013,3.446,N/A,3.446,3.446,3.446
07/30/2013,3.432,32,3.432,3.432,3.432
07/29/2013,3.472,24,3.472,3.472,3.472
07/26/2013,3.555,19,3.555,3.555,3.555
07/25/2013,3.644,130,3.68,3.68,3.68
07/24/2013,3.698,8,3.698,3.698,3.698
07/23/2013,3.743,N/A,3.743,3.743,3.743
07/22/2013,3.677,8,3.677,3.677,3.677
07/19/2013,3.789,1,3.775,3.775,3.775
07/18/2013,3.812,15,3.812,3.812,3.812
07/17/2013,3.629,N/A,3.629,3.629,3.629
07/16/2013,3.677,N/A,3.677,3.677,3.677
07/15/2013,3.674,N/A,3.674,3.674,3.674
07/12/2013,3.644,11,3.672,3.672,3.672
07/11/2013,3.613,7,3.68,3.68,3.595
07/10/2013,3.68,2,3.68,3.68,3.68
07/09/2013,3.657,N/A,3.657,3.657,3.657
07/08/2013,3.741,4,3.741,3.741,3.741
07/05/2013,3.617,1,3.617,3.617,3.617
07/04/2013,3.69,N/A,3.69,3.69,3.69
07/03/2013,3.69,2,3.69,3.69,3.69
07/02/2013,3.654,4,3.654,3.654,3.654
07/01/2013,3.577,13,3.57,3.58,3.57
06/28/2013,3.565,4,3.565,3.565,3.565
06/27/2013,3.582,24,3.571,3.571,3.571
06/26/2013,3.737,3,3.737,3.737,3.737
06/25/2013,3.647,8,3.7,3.7,3.68
06/24/2013,3.739,N/A,3.739,3.739,3.739
06/21/2013,3.771,3,3.771,3.771,3.771
06/20/2013,3.877,4,3.877,3.877,3.877
06/19/2013,3.963,12,3.945,3.945,3.945
06/18/2013,3.905,7,3.905,3.905,3.905
06/17/2013,3.875,8,3.85,3.85,3.85
06/14/2013,3.733,69,3.733,3.733,3.733
06/13/2013,3.814,4,3.83,3.83,3.83
06/12/2013,3.777,N/A,3.777,3.777,3.777
06/11/2013,3.724,2,3.724,3.724,3.724
06/10/2013,3.8,11,3.8,3.8,3.8
06/07/2013,3.828,2,3.828,3.828,3.828
06/06/2013,3.827,2,3.827,3.827,3.827
06/05/2013,4.001,11,4.001,4.001,4.001
06/04/2013,3.998,1,4.015,4.015,4.015
06/03/2013,3.991,4,4.01,4.01,3.988
05/31/2013,3.984,1,3.992,3.992,3.992
05/30/2013,4.023,4,4.087,4.087,4.051
05/29/2013,4.184,1,4.189,4.189,4.189
05/28/2013,4.174,15,4.158,4.158,4.158
05/27/2013,4.237,N/A,4.237,4.237,4.237
05/24/2013,4.237,83,4.237,4.237,4.237
05/23/2013,4.261,9,4.261,4.261,4.261
05/22/2013,4.186,43,4.186,4.186,4.186
05/21/2013,4.192,7,4.163,4.17,4.163
05/20/2013,4.09,73,4.09,4.09,4.09
05/17/2013,4.055,55,3.95,4.067,3.95
05/16/2013,3.932,321,3.94,3.94,3.921
05/15/2013,4.07,30,4.049,4.06,4.048
05/14/2013,4.024,12,3.994,3.994,3.983
05/13/2013,3.925,11,3.944,3.971,3.939
05/10/2013,3.91,7,3.992,3.996,3.92
05/09/2013,3.983,2540,3.983,3.983,3.983
05/08/2013,3.978,3,3.96,3.96,3.96
05/07/2013,3.92,7,3.94,3.975,3.94
05/06/2013,4.011,8,4.03,4.032,3.988
05/03/2013,4.041,21,4.029,4.039,4.028
05/02/2013,4.025,60,4.309,4.309,4.022
05/01/2013,4.326,96,4.388,4.427,4.315
04/30/2013,4.343,55,4.37,4.391,4.32
04/29/2013,4.392,54,4.3,4.388,4.3
04/26/2013,4.223,48,4.165,4.235,4.095
04/25/2013,4.167,52,4.155,4.228,4.151
04/24/2013,4.166,38,4.263,4.263,4.17
04/23/2013,4.238,130,4.298,4.306,4.232
04/22/2013,4.267,222,4.275,4.282,4.265
04/19/2013,4.408,118,4.385,4.393,4.369
04/18/2013,4.401,355,4.185,4.41,4.184
04/17/2013,4.214,98,4.191,4.215,4.151
04/16/2013,4.16,62,4.127,4.147,4.09
04/15/2013,4.137,931,4.137,4.137,4.137
04/12/2013,4.222,39,4.191,4.243,4.181
04/11/2013,4.139,51,4.083,4.175,4.064
04/10/2013,4.085,51,4.093,4.147,4.065
04/09/2013,4.017,24,4.048,4.048,4.002
04/08/2013,4.082,77,4.146,4.17,4.046
04/05/2013,4.125,57,4.043,4.114,4.04
04/04/2013,3.947,65,3.924,3.937,3.886
04/03/2013,3.9,27,3.955,3.959,3.896
04/02/2013,3.969,26,3.971,3.987,3.943
04/01/2013,4.015,278,3.984,4.03,3.981
03/29/2013,4.024,N/A,4.024,4.024,4.024
03/28/2013,4.024,32,4.055,4.055,3.982
03/27/2013,4.068,26,4.03,4.071,4.03
03/26/2013,3.991,25,3.918,3.948,3.918
03/25/2013,3.865,14,3.973,3.98,3.891
03/22/2013,3.927,56,3.98,3.984,3.918
03/21/2013,3.935,66,3.91,3.94,3.916
03/20/2013,3.96,41,3.918,3.953,3.903
03/19/2013,3.969,74,3.912,3.965,3.9
03/18/2013,3.882,81,3.93,3.944,3.878
03/15/2013,3.872,60,3.889,3.9,3.844
03/14/2013,3.812,66,3.736,3.797,3.736
03/13/2013,3.68,31,3.662,3.674,3.662
03/12/2013,3.645,76,3.665,3.665,3.625
03/11/2013,3.649,30,3.6,3.641,3.6
03/08/2013,3.629,29,3.591,3.616,3.591
03/07/2013,3.582,79,3.57,3.59,3.503
03/06/2013,3.47,68,3.529,3.529,3.469
03/05/2013,3.529,53,3.571,3.588,3.539
03/04/2013,3.529,60,3.509,3.533,3.488
03/01/2013,3.456,62,3.502,3.515,3.439
02/28/2013,3.486,37,3.438,3.498,3.438
02/27/2013,3.434,63,3.486,3.548,3.44
02/26/2013,3.456,47,3.453,3.472,3.435
02/25/2013,3.414,5,3.379,3.405,3.377
02/22/2013,3.291,8,3.25,3.25,3.25
02/21/2013,3.246,89,3.28,3.295,3.232
02/20/2013,3.279,55,3.279,3.289,3.263
02/19/2013,3.272,90,3.24,3.275,3.234
02/18/2013,3.153,N/A,3.153,3.153,3.153
02/15/2013,3.153,144,3.183,3.193,3.146
02/14/2013,3.163,137,3.267,3.28,3.137
02/13/2013,3.306,72,3.262,3.316,3.259
02/12/2013,3.23,49,3.282,3.285,3.228
02/11/2013,3.279,49,3.223,3.285,3.219
02/08/2013,3.272,43,3.312,3.313,3.262
02/07/2013,3.285,81,3.41,3.41,3.282
02/06/2013,3.418,51,3.43,3.454,3.418
02/05/2013,3.399,58,3.346,3.388,3.326
02/04/2013,3.315,42,3.286,3.35,3.286
02/01/2013,3.301,56,3.349,3.378,3.285
01/31/2013,3.339,24,3.339,3.339,3.339
01/30/2013,3.335,33,3.292,3.292,3.275
01/29/2013,3.258,13,3.258,3.258,3.258
01/28/2013,3.289,3,3.32,3.324,3.313
01/25/2013,3.444,2,3.444,3.444,3.444
01/24/2013,3.446,32,3.446,3.446,3.446
01/23/2013,3.554,N/A,3.554,3.554,3.554
01/22/2013,3.558,7,3.525,3.581,3.536
01/21/2013,3.566,N/A,3.566,3.566,3.566
01/18/2013,3.566,23,3.502,3.559,3.502
01/17/2013,3.494,16,3.434,3.51,3.434
01/16/2013,3.435,6,3.412,3.412,3.412
01/15/2013,3.455,13,3.455,3.455,3.455
01/14/2013,3.373,5,3.371,3.39,3.371
01/11/2013,3.327,N/A,3.268,3.269,3.26
01/10/2013,3.193,N/A,3.193,3.193,3.193
01/09/2013,3.113,2,3.129,3.133,3.129
01/08/2013,3.218,N/A,3.215,3.215,3.215
01/07/2013,3.266,1,3.263,3.263,3.263
01/04/2013,3.287,2,3.283,3.288,3.283
01/03/2013,3.198,1,3.22,3.22,3.22
01/02/2013,3.233,1,3.202,3.202,3.202
01/01/2013,3.351,N/A,3.351,3.351,3.351
12/31/2012,3.351,N/A,3.351,3.351,3.351
12/28/2012,3.469,N/A,3.469,3.469,3.469
12/27/2012,3.412,N/A,3.465,3.465,3.465
12/26/2012,3.392,N/A,3.375,3.385,3.375
12/25/2012,3.346,N/A,3.346,3.346,3.346
12/24/2012,3.346,N/A,3.385,3.385,3.385
12/21/2012,3.451,N/A,3.451,3.451,3.451
12/20/2012,3.462,N/A,3.39,3.39,3.39
12/19/2012,3.32,1,3.335,3.335,3.335
12/18/2012,3.418,3,3.41,3.41,3.41
12/17/2012,3.358,N/A,3.35,3.35,3.35
12/14/2012,3.314,N/A,3.314,3.314,3.314
12/13/2012,3.347,1,3.347,3.347,3.347
12/12/2012,3.382,N/A,3.38,3.38,3.377
12/11/2012,3.412,7,3.412,3.412,3.412
12/10/2012,3.46,1,3.46,3.46,3.46
12/07/2012,3.551,3,3.551,3.551,3.551
12/06/2012,3.666,N/A,3.666,3.666,3.666
12/05/2012,3.7,N/A,3.7,3.7,3.7
12/04/2012,3.539,N/A,3.539,3.539,3.539
12/03/2012,3.591,12,3.582,3.625,3.569
11/30/2012,3.561,9,3.653,3.653,3.578
11/29/2012,3.648,4,3.686,3.686,3.655
11/28/2012,3.801,N/A,3.801,3.801,3.801
11/27/2012,3.769,6,3.73,3.754,3.73
11/26/2012,3.73,N/A,3.755,3.755,3.755
11/23/2012,3.901,N/A,3.901,3.901,3.901
11/22/2012,3.903,N/A,3.903,3.903,3.903
11/21/2012,3.903,N/A,3.903,3.903,3.903
11/20/2012,3.832,1,3.801,3.801,3.801
11/19/2012,3.719,1,3.773,3.774,3.727
11/16/2012,3.79,2,3.79,3.79,3.79
11/15/2012,3.703,1,3.788,3.789,3.788
11/14/2012,3.76,30,3.76,3.76,3.76
11/13/2012,3.739,N/A,3.705,3.724,3.705
11/12/2012,3.57,N/A,3.57,3.57,3.57
11/09/2012,3.503,N/A,3.503,3.503,3.503
11/08/2012,3.608,N/A,3.608,3.608,3.608
11/07/2012,3.578,3,3.583,3.583,3.563
11/06/2012,3.617,N/A,3.617,3.617,3.617
11/05/2012,3.554,1,3.562,3.562,3.562
11/02/2012,3.554,1,3.638,3.638,3.638
11/01/2012,3.699,2,3.661,3.688,3.661
10/31/2012,3.692,1,3.692,3.692,3.692
10/30/2012,3.691,N/A,3.691,3.691,3.691
10/29/2012,3.691,N/A,3.691,3.691,3.691
10/26/2012,3.691,1,3.682,3.682,3.682
10/25/2012,3.434,1,3.406,3.406,3.406
10/24/2012,3.45,N/A,3.46,3.49,3.46
10/23/2012,3.535,1,3.55,3.55,3.53
10/22/2012,3.452,1,3.467,3.467,3.467
10/19/2012,3.617,2,3.617,3.617,3.617
10/18/2012,3.587,4,3.587,3.587,3.587
10/17/2012,3.47,3,3.47,3.47,3.47
10/16/2012,3.437,5,3.432,3.432,3.432
10/15/2012,3.486,1,3.486,3.486,3.486
10/12/2012,3.611,7,3.571,3.595,3.571
10/11/2012,3.604,2,3.595,3.595,3.595
10/10/2012,3.475,N/A,3.456,3.457,3.456
10/09/2012,3.467,N/A,3.352,3.427,3.352
10/08/2012,3.403,N/A,3.403,3.403,3.403
10/05/2012,3.396,N/A,3.396,3.396,3.396
10/04/2012,3.406,1,3.419,3.419,3.419
10/03/2012,3.395,2,3.398,3.435,3.398
10/02/2012,3.531,7,3.412,3.493,3.403
10/01/2012,3.48,N/A,3.48,3.48,3.48
09/28/2012,3.32,5,3.272,3.272,3.256
09/27/2012,3.297,6,3.219,3.303,3.219
09/26/2012,3.215,5,3.135,3.212,3.132
09/25/2012,2.924,N/A,2.88,2.91,2.88
09/24/2012,2.837,4,2.826,2.826,2.826
09/21/2012,2.885,59,2.885,2.885,2.885
09/20/2012,2.797,7,2.79,2.79,2.79
09/19/2012,2.762,20,2.807,2.807,2.807
09/18/2012,2.773,2,2.907,2.907,2.85
09/17/2012,2.865,4,2.891,2.891,2.868
09/14/2012,2.943,6,2.944,2.971,2.934
09/13/2012,3.037,1,3.014,3.014,3.014
09/12/2012,3.063,22,3.035,3.035,3.035
09/11/2012,2.992,5,2.921,2.939,2.911
09/10/2012,2.812,38,2.726,2.797,2.715
09/07/2012,2.682,12,2.698,2.698,2.698
09/06/2012,2.776,14,2.81,2.81,2.81
09/05/2012,2.795,N/A,2.795,2.795,2.795
09/04/2012,2.854,2,2.816,2.868,2.816
09/03/2012,2.799,N/A,2.799,2.799,2.799
08/31/2012,2.799,1,2.799,2.799,2.799
08/30/2012,2.748,3,2.673,2.726,2.673
08/29/2012,2.685,1,2.674,2.674,2.674
08/28/2012,2.614,1,2.66,2.66,2.634
08/27/2012,2.653,2,2.7,2.722,2.64
08/24/2012,2.702,4,2.817,2.832,2.745
08/23/2012,2.802,2,2.802,2.802,2.802
08/22/2012,2.826,10,2.819,2.819,2.819
08/21/2012,2.775,3,2.748,2.783,2.731
08/20/2012,2.776,11,2.72,2.72,2.72
08/17/2012,2.719,N/A,2.719,2.719,2.719
08/16/2012,2.724,10,2.724,2.724,2.724
08/15/2012,2.748,N/A,2.748,2.748,2.748
08/14/2012,2.834,N/A,2.834,2.834,2.834
08/13/2012,2.729,N/A,2.729,2.729,2.729
08/10/2012,2.77,2,2.77,2.77,2.77
08/09/2012,2.945,2,3.031,3.031,3.031
08/08/2012,2.933,4086,2.933,2.933,2.933
08/07/2012,2.964,4086,2.964,2.964,2.964
08/06/2012,2.908,12,2.851,2.916,2.851
08/03/2012,2.877,1,2.892,2.892,2.892
