Fecha,close,volume,open,high,low
08/01/2022,8.283,N/A,8.283,8.283,8.283
07/29/2022,8.229,N/A,8.229,8.229,8.229
07/28/2022,8.134,N/A,8.134,8.134,8.134
07/27/2022,8.687,N/A,8.687,8.687,8.687
07/26/2022,8.993,N/A,8.993,8.993,8.993
07/25/2022,8.727,N/A,8.727,8.727,8.727
07/22/2022,8.299,N/A,8.299,8.299,8.299
07/21/2022,7.932,N/A,7.932,7.932,7.932
07/20/2022,8.007,N/A,8.007,8.007,8.007
07/19/2022,7.264,N/A,7.264,7.264,7.264
07/18/2022,7.479,N/A,7.479,7.479,7.479
07/15/2022,7.016,N/A,7.016,7.016,7.016
07/14/2022,6.6,N/A,6.6,6.6,6.6
07/13/2022,6.689,N/A,6.689,6.689,6.689
07/12/2022,6.163,N/A,6.163,6.163,6.163
07/11/2022,6.426,N/A,6.426,6.426,6.426
07/08/2022,6.034,N/A,6.034,6.034,6.034
07/07/2022,6.297,N/A,6.297,6.297,6.297
07/06/2022,5.51,N/A,5.51,5.51,5.51
07/05/2022,5.523,N/A,5.523,5.523,5.523
07/01/2022,5.73,N/A,5.73,5.73,5.73
06/30/2022,5.424,N/A,5.424,5.424,5.424
06/29/2022,6.498,N/A,6.498,6.498,6.498
06/28/2022,6.551,N/A,6.551,6.551,6.551
06/27/2022,6.501,N/A,6.501,6.501,6.501
06/24/2022,6.22,N/A,6.22,6.22,6.22
06/23/2022,6.239,N/A,6.239,6.239,6.239
06/22/2022,6.858,N/A,6.858,6.858,6.858
06/21/2022,6.808,N/A,6.808,6.808,6.808
06/17/2022,6.944,N/A,6.944,6.944,6.944
06/16/2022,7.464,N/A,7.464,7.464,7.464
06/15/2022,7.42,N/A,7.42,7.42,7.42
06/14/2022,7.189,N/A,7.189,7.189,7.189
06/13/2022,8.609,N/A,8.609,8.609,8.609
06/10/2022,8.85,N/A,8.85,8.85,8.85
06/09/2022,8.963,N/A,8.963,8.963,8.963
06/08/2022,8.699,N/A,8.699,8.699,8.699
06/07/2022,9.293,N/A,9.293,9.293,9.293
06/06/2022,9.322,N/A,9.322,9.322,9.322
06/03/2022,8.523,N/A,8.523,8.523,8.523
06/02/2022,8.485,N/A,8.485,8.485,8.485
06/01/2022,8.696,N/A,8.696,8.696,8.696
05/31/2022,8.145,N/A,8.145,8.145,8.145
05/27/2022,8.727,N/A,8.727,8.727,8.727
05/26/2022,8.908,N/A,8.908,8.908,8.908
05/25/2022,8.971,N/A,8.971,8.971,8.971
05/24/2022,8.796,N/A,8.796,8.796,8.796
05/23/2022,8.744,N/A,8.744,8.744,8.744
05/20/2022,8.083,N/A,8.083,8.083,8.083
05/19/2022,8.308,N/A,8.308,8.308,8.308
05/18/2022,8.368,N/A,8.368,8.368,8.368
05/17/2022,8.304,N/A,8.304,8.304,8.304
05/16/2022,7.956,N/A,7.956,7.956,7.956
05/13/2022,7.663,N/A,7.663,7.663,7.663
05/12/2022,7.739,N/A,7.739,7.739,7.739
05/11/2022,7.64,N/A,7.64,7.64,7.64
05/10/2022,7.385,N/A,7.385,7.385,7.385
05/09/2022,7.026,N/A,7.026,7.026,7.026
05/06/2022,8.043,N/A,8.043,8.043,8.043
05/05/2022,8.783,N/A,8.783,8.783,8.783
05/04/2022,8.415,N/A,8.415,8.415,8.415
05/03/2022,7.954,N/A,7.954,7.954,7.954
05/02/2022,7.475,N/A,7.475,7.475,7.475
04/29/2022,7.244,N/A,7.244,7.244,7.244
04/28/2022,6.888,N/A,6.888,6.888,6.888
04/27/2022,7.267,N/A,7.267,7.267,7.267
04/26/2022,6.85,N/A,6.85,6.85,6.85
04/25/2022,6.669,N/A,6.669,6.669,6.669
04/22/2022,6.534,N/A,6.534,6.534,6.534
04/21/2022,6.957,N/A,6.957,6.957,6.957
04/20/2022,6.937,N/A,6.937,6.937,6.937
04/19/2022,7.176,N/A,7.176,7.176,7.176
04/18/2022,7.82,N/A,7.82,7.82,7.82
04/14/2022,7.3,N/A,7.3,7.3,7.3
04/13/2022,6.997,N/A,6.997,6.997,6.997
04/12/2022,6.68,N/A,6.68,6.68,6.68
04/11/2022,6.643,N/A,6.643,6.643,6.643
04/08/2022,6.278,N/A,6.278,6.278,6.278
04/07/2022,6.359,N/A,6.359,6.359,6.359
04/06/2022,6.029,N/A,6.029,6.029,6.029
04/05/2022,6.032,N/A,6.032,6.032,6.032
04/04/2022,5.712,N/A,5.712,5.712,5.712
04/01/2022,5.72,N/A,5.72,5.72,5.72
03/31/2022,5.642,N/A,5.642,5.642,5.642
03/30/2022,5.605,N/A,5.605,5.605,5.605
03/29/2022,5.336,N/A,5.336,5.336,5.336
03/28/2022,5.508,N/A,5.508,5.508,5.508
03/25/2022,5.571,N/A,5.571,5.571,5.571
03/24/2022,5.401,12,5.216,5.22,5.147
03/23/2022,5.232,6,5.246,5.29,5.174
03/22/2022,5.187,3,5.098,5.154,5.098
03/21/2022,4.9,7,4.78,4.899,4.78
03/18/2022,4.863,N/A,4.863,4.863,4.863
03/17/2022,4.99,N/A,4.99,4.99,4.99
03/16/2022,4.748,N/A,4.748,4.748,4.748
03/15/2022,4.568,N/A,4.568,4.568,4.568
03/14/2022,4.658,N/A,4.658,4.658,4.658
03/11/2022,4.725,N/A,4.725,4.725,4.725
03/10/2022,4.631,N/A,4.631,4.631,4.631
03/09/2022,4.526,N/A,4.526,4.526,4.526
03/08/2022,4.527,N/A,4.527,4.527,4.527
03/07/2022,4.833,N/A,4.833,4.833,4.833
03/04/2022,5.016,N/A,5.016,5.016,5.016
03/03/2022,4.722,N/A,4.722,4.722,4.722
03/02/2022,4.762,N/A,4.762,4.762,4.762
03/01/2022,4.573,N/A,4.573,4.573,4.573
02/28/2022,4.402,N/A,4.402,4.402,4.402
02/25/2022,4.47,N/A,4.47,4.47,4.47
02/24/2022,4.568,N/A,4.568,4.568,4.568
02/23/2022,4.623,N/A,4.623,4.623,4.623
02/22/2022,4.498,N/A,4.498,4.498,4.498
02/18/2022,4.431,N/A,4.431,4.431,4.431
02/17/2022,4.486,N/A,4.486,4.486,4.486
02/16/2022,4.717,N/A,4.717,4.717,4.717
02/15/2022,4.306,4,4.24,4.24,4.24
02/14/2022,4.195,N/A,4.195,4.195,4.195
02/11/2022,3.941,N/A,3.941,3.941,3.941
02/10/2022,3.959,N/A,3.959,3.959,3.959
02/09/2022,4.009,N/A,4.009,4.009,4.009
02/08/2022,4.248,N/A,4.248,4.248,4.248
02/07/2022,4.232,N/A,4.232,4.232,4.232
02/04/2022,4.572,N/A,4.572,4.572,4.572
02/03/2022,4.888,N/A,4.888,4.888,4.888
02/02/2022,5.501,N/A,5.501,5.501,5.501
02/01/2022,4.751,N/A,4.751,4.751,4.751
01/31/2022,4.874,N/A,4.874,4.874,4.874
01/28/2022,4.639,N/A,4.639,4.639,4.639
01/27/2022,6.265,N/A,6.265,6.265,6.265
01/26/2022,4.277,N/A,4.277,4.277,4.277
01/25/2022,4.053,N/A,4.053,4.053,4.053
01/24/2022,4.027,N/A,4.027,4.027,4.027
01/21/2022,3.999,N/A,3.999,3.999,3.999
01/20/2022,3.802,N/A,3.802,3.802,3.802
01/19/2022,4.031,N/A,4.031,4.031,4.031
01/18/2022,4.283,N/A,4.283,4.283,4.283
01/14/2022,4.262,N/A,4.262,4.262,4.262
01/13/2022,4.27,N/A,4.27,4.27,4.27
01/12/2022,4.857,N/A,4.857,4.857,4.857
01/11/2022,4.249,N/A,4.249,4.249,4.249
01/10/2022,4.079,N/A,4.079,4.079,4.079
01/07/2022,3.916,N/A,3.916,3.916,3.916
01/06/2022,3.812,N/A,3.812,3.812,3.812
01/05/2022,3.882,N/A,3.882,3.882,3.882
01/04/2022,3.717,N/A,3.717,3.717,3.717
01/03/2022,3.815,N/A,3.815,3.815,3.815
12/31/2021,3.73,N/A,3.73,3.73,3.73
12/30/2021,3.561,N/A,3.561,3.561,3.561
12/29/2021,4.024,N/A,4.024,4.024,4.024
12/28/2021,4.055,N/A,4.055,4.055,4.055
12/27/2021,4.06,N/A,4.06,4.06,4.06
12/23/2021,3.731,N/A,3.731,3.731,3.731
12/22/2021,3.976,N/A,3.976,3.976,3.976
12/21/2021,3.869,N/A,3.869,3.869,3.869
12/20/2021,3.834,N/A,3.834,3.834,3.834
12/17/2021,3.69,N/A,3.69,3.69,3.69
12/16/2021,3.766,N/A,3.766,3.766,3.766
12/15/2021,3.802,N/A,3.802,3.802,3.802
12/14/2021,3.747,N/A,3.747,3.747,3.747
12/13/2021,3.794,N/A,3.794,3.794,3.794
12/10/2021,3.925,N/A,3.925,3.925,3.925
12/09/2021,3.814,N/A,3.814,3.814,3.814
12/08/2021,3.815,N/A,3.815,3.815,3.815
12/07/2021,3.708,N/A,3.708,3.708,3.708
12/06/2021,3.657,N/A,3.657,3.657,3.657
12/03/2021,4.132,N/A,4.132,4.132,4.132
12/02/2021,4.056,N/A,4.056,4.056,4.056
12/01/2021,4.258,N/A,4.258,4.258,4.258
11/30/2021,4.567,N/A,4.567,4.567,4.567
11/29/2021,4.854,N/A,4.854,4.854,4.854
11/26/2021,5.447,N/A,5.447,5.447,5.447
11/24/2021,5.068,N/A,5.068,5.068,5.068
11/23/2021,4.967,N/A,4.967,4.967,4.967
11/22/2021,4.789,N/A,4.789,4.789,4.789
11/19/2021,5.065,N/A,5.065,5.065,5.065
11/18/2021,4.902,N/A,4.902,4.902,4.902
11/17/2021,4.816,N/A,4.816,4.816,4.816
11/16/2021,5.177,N/A,5.177,5.177,5.177
11/15/2021,5.017,N/A,5.017,5.017,5.017
11/12/2021,4.791,N/A,4.791,4.791,4.791
11/11/2021,5.149,N/A,5.149,5.149,5.149
11/10/2021,4.88,N/A,4.88,4.88,4.88
11/09/2021,4.979,N/A,4.979,4.979,4.979
11/08/2021,5.427,N/A,5.427,5.427,5.427
11/05/2021,5.516,N/A,5.516,5.516,5.516
11/04/2021,5.716,N/A,5.716,5.716,5.716
11/03/2021,5.67,N/A,5.67,5.67,5.67
11/02/2021,5.542,N/A,5.542,5.542,5.542
11/01/2021,5.186,N/A,5.186,5.186,5.186
10/29/2021,5.426,N/A,5.426,5.426,5.426
10/28/2021,5.782,N/A,5.782,5.782,5.782
10/27/2021,6.198,N/A,6.198,6.198,6.198
10/26/2021,5.882,N/A,5.882,5.882,5.882
10/25/2021,5.898,N/A,5.898,5.898,5.898
10/22/2021,5.28,N/A,5.28,5.28,5.28
10/21/2021,5.115,N/A,5.115,5.115,5.115
10/20/2021,5.17,N/A,5.17,5.17,5.17
10/19/2021,5.088,N/A,5.088,5.088,5.088
10/18/2021,4.989,N/A,4.989,4.989,4.989
10/15/2021,5.41,N/A,5.41,5.41,5.41
10/14/2021,5.687,N/A,5.687,5.687,5.687
10/13/2021,5.59,N/A,5.59,5.59,5.59
10/12/2021,5.505,N/A,5.505,5.505,5.505
10/11/2021,5.345,N/A,5.345,5.345,5.345
10/08/2021,5.565,N/A,5.565,5.565,5.565
10/07/2021,5.677,N/A,5.677,5.677,5.677
10/06/2021,5.675,N/A,5.675,5.675,5.675
10/05/2021,6.312,N/A,6.312,6.312,6.312
10/04/2021,5.766,N/A,5.766,5.766,5.766
10/01/2021,5.619,N/A,5.619,5.619,5.619
09/30/2021,5.867,N/A,5.867,5.867,5.867
09/29/2021,5.477,N/A,5.477,5.477,5.477
09/28/2021,5.841,N/A,5.841,5.841,5.841
09/27/2021,5.706,N/A,5.706,5.706,5.706
09/24/2021,5.14,N/A,5.14,5.14,5.14
09/23/2021,4.976,N/A,4.976,4.976,4.976
09/22/2021,5.46,N/A,5.46,5.46,5.46
09/21/2021,4.805,N/A,4.805,4.805,4.805
09/20/2021,4.985,N/A,4.985,4.985,4.985
09/17/2021,5.105,N/A,5.105,5.105,5.105
09/16/2021,5.335,N/A,5.335,5.335,5.335
09/15/2021,5.46,N/A,5.46,5.46,5.46
09/14/2021,5.26,N/A,5.26,5.26,5.26
09/13/2021,5.231,N/A,5.231,5.231,5.231
09/10/2021,4.938,N/A,4.938,4.938,4.938
09/09/2021,5.031,N/A,5.031,5.031,5.031
09/08/2021,4.914,N/A,4.914,4.914,4.914
09/07/2021,4.568,N/A,4.568,4.568,4.568
09/03/2021,4.712,N/A,4.712,4.712,4.712
09/02/2021,4.641,N/A,4.641,4.641,4.641
09/01/2021,4.615,N/A,4.615,4.615,4.615
08/31/2021,4.377,N/A,4.377,4.377,4.377
08/30/2021,4.305,N/A,4.305,4.305,4.305
08/27/2021,4.37,N/A,4.37,4.37,4.37
08/26/2021,4.184,N/A,4.184,4.184,4.184
08/25/2021,3.897,N/A,3.897,3.897,3.897
08/24/2021,3.896,N/A,3.896,3.896,3.896
08/23/2021,3.945,N/A,3.945,3.945,3.945
08/20/2021,3.851,N/A,3.851,3.851,3.851
08/19/2021,3.83,N/A,3.83,3.83,3.83
08/18/2021,3.852,N/A,3.852,3.852,3.852
08/17/2021,3.837,N/A,3.837,3.837,3.837
08/16/2021,3.946,N/A,3.946,3.946,3.946
08/13/2021,3.861,N/A,3.861,3.861,3.861
08/12/2021,3.933,N/A,3.933,3.933,3.933
08/11/2021,4.059,N/A,4.059,4.059,4.059
08/10/2021,4.089,N/A,4.089,4.089,4.089
08/09/2021,4.06,N/A,4.06,4.06,4.06
08/06/2021,4.14,N/A,4.14,4.14,4.14
08/05/2021,4.14,N/A,4.14,4.14,4.14
08/04/2021,4.158,N/A,4.158,4.158,4.158
08/03/2021,4.027,N/A,4.027,4.027,4.027
08/02/2021,3.935,N/A,3.935,3.935,3.935
07/30/2021,3.914,N/A,3.914,3.914,3.914
07/29/2021,4.059,N/A,4.059,4.059,4.059
07/28/2021,4.044,N/A,4.044,4.044,4.044
07/27/2021,3.971,N/A,3.971,3.971,3.971
07/26/2021,4.102,N/A,4.102,4.102,4.102
07/23/2021,4.06,N/A,4.06,4.06,4.06
07/22/2021,4.003,N/A,4.003,4.003,4.003
07/21/2021,3.959,N/A,3.959,3.959,3.959
07/20/2021,3.876,N/A,3.876,3.876,3.876
07/19/2021,3.779,N/A,3.779,3.779,3.779
07/16/2021,3.674,N/A,3.674,3.674,3.674
07/15/2021,3.614,N/A,3.614,3.614,3.614
07/14/2021,3.66,N/A,3.66,3.66,3.66
07/13/2021,3.696,N/A,3.696,3.696,3.696
07/12/2021,3.749,N/A,3.749,3.749,3.749
07/09/2021,3.674,N/A,3.674,3.674,3.674
07/08/2021,3.688,N/A,3.688,3.688,3.688
07/07/2021,3.596,N/A,3.596,3.596,3.596
07/06/2021,3.637,N/A,3.637,3.637,3.637
07/02/2021,3.7,N/A,3.7,3.7,3.7
07/01/2021,3.661,N/A,3.661,3.661,3.661
06/30/2021,3.65,N/A,3.65,3.65,3.65
06/29/2021,3.63,N/A,3.63,3.63,3.63
06/28/2021,3.593,N/A,3.593,3.593,3.593
06/25/2021,3.496,N/A,3.496,3.496,3.496
06/24/2021,3.418,N/A,3.418,3.418,3.418
06/23/2021,3.333,N/A,3.333,3.333,3.333
06/22/2021,3.258,N/A,3.258,3.258,3.258
06/21/2021,3.191,N/A,3.191,3.191,3.191
06/18/2021,3.215,N/A,3.215,3.215,3.215
06/17/2021,3.253,N/A,3.253,3.253,3.253
06/16/2021,3.251,N/A,3.251,3.251,3.251
06/15/2021,3.24,N/A,3.24,3.24,3.24
06/14/2021,3.352,N/A,3.352,3.352,3.352
06/11/2021,3.296,N/A,3.296,3.296,3.296
06/10/2021,3.149,N/A,3.149,3.149,3.149
06/09/2021,3.129,N/A,3.129,3.129,3.129
06/08/2021,3.128,N/A,3.128,3.128,3.128
06/07/2021,3.07,N/A,3.07,3.07,3.07
06/04/2021,3.097,N/A,3.097,3.097,3.097
06/03/2021,3.041,N/A,3.041,3.041,3.041
06/02/2021,3.075,N/A,3.075,3.075,3.075
06/01/2021,3.104,N/A,3.104,3.104,3.104
05/28/2021,2.986,N/A,2.986,2.986,2.986
05/27/2021,2.958,N/A,2.958,2.958,2.958
05/26/2021,2.984,N/A,2.984,2.984,2.984
05/25/2021,2.913,N/A,2.913,2.913,2.913
05/24/2021,2.886,N/A,2.886,2.886,2.886
05/21/2021,2.906,N/A,2.906,2.906,2.906
05/20/2021,2.925,N/A,2.925,2.925,2.925
05/19/2021,2.964,N/A,2.964,2.964,2.964
05/18/2021,3.012,N/A,3.012,3.012,3.012
05/17/2021,3.109,N/A,3.109,3.109,3.109
05/14/2021,2.961,N/A,2.961,2.961,2.961
05/13/2021,2.973,N/A,2.973,2.973,2.973
05/12/2021,2.969,N/A,2.969,2.969,2.969
05/11/2021,2.955,N/A,2.955,2.955,2.955
05/10/2021,2.932,N/A,2.932,2.932,2.932
05/07/2021,2.958,N/A,2.958,2.958,2.958
05/06/2021,2.928,N/A,2.928,2.928,2.928
05/05/2021,2.938,N/A,2.938,2.938,2.938
05/04/2021,2.967,N/A,2.967,2.967,2.967
05/03/2021,2.966,N/A,2.966,2.966,2.966
04/30/2021,2.931,N/A,2.931,2.931,2.931
04/29/2021,2.911,N/A,2.911,2.911,2.911
04/28/2021,2.925,N/A,2.925,2.925,2.925
04/27/2021,2.873,N/A,2.873,2.873,2.873
04/26/2021,2.79,N/A,2.79,2.79,2.79
04/23/2021,2.73,N/A,2.73,2.73,2.73
04/22/2021,2.749,N/A,2.749,2.749,2.749
04/21/2021,2.692,N/A,2.692,2.692,2.692
04/20/2021,2.727,N/A,2.727,2.727,2.727
04/19/2021,2.749,N/A,2.749,2.749,2.749
04/16/2021,2.68,N/A,2.68,2.68,2.68
04/15/2021,2.658,N/A,2.658,2.658,2.658
04/14/2021,2.618,N/A,2.618,2.618,2.618
04/13/2021,2.619,N/A,2.619,2.619,2.619
04/12/2021,2.561,N/A,2.561,2.561,2.561
04/09/2021,2.526,N/A,2.526,2.526,2.526
04/08/2021,2.522,N/A,2.522,2.522,2.522
04/07/2021,2.52,N/A,2.52,2.52,2.52
04/06/2021,2.456,N/A,2.456,2.456,2.456
04/05/2021,2.511,N/A,2.511,2.511,2.511
04/01/2021,2.639,N/A,2.639,2.639,2.639
03/31/2021,2.608,N/A,2.608,2.608,2.608
03/30/2021,2.623,N/A,2.623,2.623,2.623
03/29/2021,2.586,N/A,2.586,2.586,2.586
03/26/2021,2.557,N/A,2.557,2.557,2.557
03/25/2021,2.57,N/A,2.57,2.57,2.57
03/24/2021,2.518,N/A,2.518,2.518,2.518
03/23/2021,2.508,N/A,2.508,2.508,2.508
03/22/2021,2.582,N/A,2.582,2.582,2.582
03/19/2021,2.535,N/A,2.535,2.535,2.535
03/18/2021,2.481,N/A,2.481,2.481,2.481
03/17/2021,2.528,N/A,2.528,2.528,2.528
03/16/2021,2.562,N/A,2.562,2.562,2.562
03/15/2021,2.484,N/A,2.484,2.484,2.484
03/12/2021,2.6,N/A,2.6,2.6,2.6
03/11/2021,2.668,N/A,2.668,2.668,2.668
03/10/2021,2.692,N/A,2.692,2.692,2.692
03/09/2021,2.662,N/A,2.662,2.662,2.662
03/08/2021,2.664,N/A,2.664,2.664,2.664
03/05/2021,2.701,N/A,2.701,2.701,2.701
03/04/2021,2.746,N/A,2.746,2.746,2.746
03/03/2021,2.816,N/A,2.816,2.816,2.816
03/02/2021,2.839,N/A,2.839,2.839,2.839
03/01/2021,2.777,N/A,2.777,2.777,2.777
02/26/2021,2.771,N/A,2.771,2.771,2.771
02/25/2021,2.777,N/A,2.777,2.777,2.777
02/24/2021,2.795,N/A,2.795,2.795,2.795
02/23/2021,2.879,N/A,2.879,2.879,2.879
02/22/2021,2.953,N/A,2.953,2.953,2.953
02/19/2021,3.069,N/A,3.069,3.069,3.069
02/18/2021,3.082,N/A,3.082,3.082,3.082
02/17/2021,3.219,N/A,3.219,3.219,3.219
02/16/2021,3.129,N/A,3.129,3.129,3.129
02/12/2021,2.912,N/A,2.912,2.912,2.912
02/11/2021,2.868,N/A,2.868,2.868,2.868
02/10/2021,2.911,N/A,2.911,2.911,2.911
02/09/2021,2.835,N/A,2.835,2.835,2.835
02/08/2021,2.882,N/A,2.882,2.882,2.882
02/05/2021,2.863,N/A,2.863,2.863,2.863
02/04/2021,2.935,N/A,2.935,2.935,2.935
02/03/2021,2.789,N/A,2.789,2.789,2.789
02/02/2021,2.845,N/A,2.845,2.845,2.845
02/01/2021,2.85,N/A,2.85,2.85,2.85
01/29/2021,2.564,N/A,2.564,2.564,2.564
01/28/2021,2.664,N/A,2.664,2.664,2.664
01/27/2021,2.76,N/A,2.76,2.76,2.76
01/26/2021,2.656,N/A,2.656,2.656,2.656
01/25/2021,2.602,N/A,2.602,2.602,2.602
01/22/2021,2.446,N/A,2.446,2.446,2.446
01/21/2021,2.491,N/A,2.491,2.491,2.491
01/20/2021,2.539,N/A,2.539,2.539,2.539
01/19/2021,2.546,N/A,2.546,2.546,2.546
01/15/2021,2.737,N/A,2.737,2.737,2.737
01/14/2021,2.666,N/A,2.666,2.666,2.666
01/13/2021,2.727,N/A,2.727,2.727,2.727
01/12/2021,2.753,N/A,2.753,2.753,2.753
01/11/2021,2.747,N/A,2.747,2.747,2.747
01/08/2021,2.7,N/A,2.7,2.7,2.7
01/07/2021,2.729,N/A,2.729,2.729,2.729
01/06/2021,2.716,N/A,2.716,2.716,2.716
01/05/2021,2.702,N/A,2.702,2.702,2.702
01/04/2021,2.581,N/A,2.581,2.581,2.581
12/31/2020,2.539,N/A,2.539,2.539,2.539
12/30/2020,2.422,N/A,2.422,2.422,2.422
12/29/2020,2.467,N/A,2.467,2.467,2.467
12/28/2020,2.305,N/A,2.305,2.305,2.305
12/24/2020,2.518,N/A,2.518,2.518,2.518
12/23/2020,2.608,N/A,2.608,2.608,2.608
12/22/2020,2.78,N/A,2.78,2.78,2.78
12/21/2020,2.705,N/A,2.705,2.705,2.705
12/18/2020,2.7,N/A,2.7,2.7,2.7
12/17/2020,2.636,N/A,2.636,2.636,2.636
12/16/2020,2.677,N/A,2.677,2.677,2.677
12/15/2020,2.682,N/A,2.682,2.682,2.682
12/14/2020,2.682,N/A,2.682,2.682,2.682
12/11/2020,2.591,N/A,2.591,2.591,2.591
12/10/2020,2.553,N/A,2.553,2.553,2.553
12/09/2020,2.442,N/A,2.442,2.442,2.442
12/08/2020,2.399,N/A,2.399,2.399,2.399
12/07/2020,2.406,N/A,2.406,2.406,2.406
12/04/2020,2.575,N/A,2.575,2.575,2.575
12/03/2020,2.507,N/A,2.507,2.507,2.507
12/02/2020,2.78,N/A,2.78,2.78,2.78
12/01/2020,2.88,N/A,2.88,2.88,2.88
11/30/2020,2.882,N/A,2.882,2.882,2.882
11/27/2020,2.843,N/A,2.843,2.843,2.843
11/25/2020,2.896,N/A,2.896,2.896,2.896
11/24/2020,2.775,N/A,2.775,2.775,2.775
11/23/2020,2.711,N/A,2.711,2.711,2.711
11/20/2020,2.65,N/A,2.65,2.65,2.65
11/19/2020,2.592,N/A,2.592,2.592,2.592
11/18/2020,2.712,N/A,2.712,2.712,2.712
11/17/2020,2.692,N/A,2.692,2.692,2.692
11/16/2020,2.697,N/A,2.697,2.697,2.697
11/13/2020,2.995,N/A,2.995,2.995,2.995
11/12/2020,2.976,N/A,2.976,2.976,2.976
11/11/2020,3.031,N/A,3.031,3.031,3.031
11/10/2020,2.949,N/A,2.949,2.949,2.949
11/09/2020,2.859,N/A,2.859,2.859,2.859
11/06/2020,2.888,N/A,2.888,2.888,2.888
11/05/2020,2.942,N/A,2.942,2.942,2.942
11/04/2020,3.046,N/A,3.046,3.046,3.046
11/03/2020,3.059,N/A,3.059,3.059,3.059
11/02/2020,3.244,N/A,3.244,3.244,3.244
10/30/2020,3.354,N/A,3.354,3.354,3.354
10/29/2020,3.301,N/A,3.301,3.301,3.301
10/28/2020,2.996,N/A,2.996,2.996,2.996
10/27/2020,3.019,N/A,3.019,3.019,3.019
10/26/2020,3.024,N/A,3.024,3.024,3.024
10/23/2020,2.971,N/A,2.971,2.971,2.971
10/22/2020,3.007,N/A,3.007,3.007,3.007
10/21/2020,3.023,N/A,3.023,3.023,3.023
10/20/2020,2.913,N/A,2.913,2.913,2.913
10/19/2020,2.795,N/A,2.795,2.795,2.795
10/16/2020,2.773,N/A,2.773,2.773,2.773
10/15/2020,2.775,N/A,2.775,2.775,2.775
10/14/2020,2.636,N/A,2.636,2.636,2.636
10/13/2020,2.855,N/A,2.855,2.855,2.855
10/12/2020,2.881,N/A,2.881,2.881,2.881
10/09/2020,2.741,N/A,2.741,2.741,2.741
10/08/2020,2.627,N/A,2.627,2.627,2.627
10/07/2020,2.606,N/A,2.606,2.606,2.606
10/06/2020,2.52,N/A,2.52,2.52,2.52
10/05/2020,2.615,N/A,2.615,2.615,2.615
10/02/2020,2.438,N/A,2.438,2.438,2.438
10/01/2020,2.527,N/A,2.527,2.527,2.527
09/30/2020,2.527,N/A,2.527,2.527,2.527
09/29/2020,2.561,N/A,2.561,2.561,2.561
09/28/2020,2.101,N/A,2.101,2.101,2.101
09/25/2020,2.139,N/A,2.139,2.139,2.139
09/24/2020,2.248,N/A,2.248,2.248,2.248
09/23/2020,2.125,N/A,2.125,2.125,2.125
09/22/2020,1.834,N/A,1.834,1.834,1.834
09/21/2020,1.835,N/A,1.835,1.835,1.835
09/18/2020,2.048,N/A,2.048,2.048,2.048
09/17/2020,2.042,N/A,2.042,2.042,2.042
09/16/2020,2.267,N/A,2.267,2.267,2.267
09/15/2020,2.362,N/A,2.362,2.362,2.362
09/14/2020,2.31,N/A,2.31,2.31,2.31
09/11/2020,2.269,N/A,2.269,2.269,2.269
09/10/2020,2.323,N/A,2.323,2.323,2.323
09/09/2020,2.406,N/A,2.406,2.406,2.406
09/08/2020,2.4,N/A,2.4,2.4,2.4
09/04/2020,2.588,N/A,2.588,2.588,2.588
09/03/2020,2.487,N/A,2.487,2.487,2.487
09/02/2020,2.486,N/A,2.486,2.486,2.486
09/01/2020,2.527,N/A,2.527,2.527,2.527
08/31/2020,2.63,N/A,2.63,2.63,2.63
08/28/2020,2.657,N/A,2.657,2.657,2.657
08/27/2020,2.71,N/A,2.71,2.71,2.71
08/26/2020,2.461,N/A,2.461,2.461,2.461
08/25/2020,2.489,N/A,2.489,2.489,2.489
08/24/2020,2.513,N/A,2.513,2.513,2.513
08/21/2020,2.448,N/A,2.448,2.448,2.448
08/20/2020,2.352,N/A,2.352,2.352,2.352
08/19/2020,2.426,N/A,2.426,2.426,2.426
08/18/2020,2.417,N/A,2.417,2.417,2.417
08/17/2020,2.339,N/A,2.339,2.339,2.339
08/14/2020,2.356,N/A,2.356,2.356,2.356
08/13/2020,2.182,N/A,2.182,2.182,2.182
08/12/2020,2.152,N/A,2.152,2.152,2.152
08/11/2020,2.171,N/A,2.171,2.171,2.171
08/10/2020,2.153,N/A,2.153,2.153,2.153
08/07/2020,2.238,N/A,2.238,2.238,2.238
08/06/2020,2.165,N/A,2.165,2.165,2.165
08/05/2020,2.191,N/A,2.191,2.191,2.191
08/04/2020,2.193,N/A,2.193,2.193,2.193
08/03/2020,2.101,N/A,2.101,2.101,2.101
07/31/2020,1.799,N/A,1.799,1.799,1.799
07/30/2020,1.829,N/A,1.829,1.829,1.829
07/29/2020,1.854,N/A,1.854,1.854,1.854
07/28/2020,1.8,N/A,1.8,1.8,1.8
07/27/2020,1.734,N/A,1.734,1.734,1.734
07/24/2020,1.808,N/A,1.808,1.808,1.808
07/23/2020,1.785,N/A,1.785,1.785,1.785
07/22/2020,1.681,N/A,1.681,1.681,1.681
07/21/2020,1.675,N/A,1.675,1.675,1.675
07/20/2020,1.641,N/A,1.641,1.641,1.641
07/17/2020,1.718,N/A,1.718,1.718,1.718
07/16/2020,1.723,N/A,1.723,1.723,1.723
07/15/2020,1.778,N/A,1.778,1.778,1.778
07/14/2020,1.746,N/A,1.746,1.746,1.746
07/13/2020,1.739,N/A,1.739,1.739,1.739
07/10/2020,1.805,N/A,1.805,1.805,1.805
07/09/2020,1.779,N/A,1.779,1.779,1.779
07/08/2020,1.824,N/A,1.824,1.824,1.824
07/07/2020,1.876,N/A,1.876,1.876,1.876
07/06/2020,1.83,N/A,1.83,1.83,1.83
07/02/2020,1.734,N/A,1.734,1.734,1.734
07/01/2020,1.671,N/A,1.671,1.671,1.671
06/30/2020,1.751,N/A,1.751,1.751,1.751
06/29/2020,1.709,N/A,1.709,1.709,1.709
06/26/2020,1.495,N/A,1.495,1.495,1.495
06/25/2020,1.482,N/A,1.482,1.482,1.482
06/24/2020,1.597,N/A,1.597,1.597,1.597
06/23/2020,1.637,N/A,1.637,1.637,1.637
06/22/2020,1.664,N/A,1.664,1.664,1.664
06/19/2020,1.669,N/A,1.669,1.669,1.669
06/18/2020,1.638,N/A,1.638,1.638,1.638
06/17/2020,1.638,N/A,1.638,1.638,1.638
06/16/2020,1.614,N/A,1.614,1.614,1.614
06/15/2020,1.669,N/A,1.669,1.669,1.669
06/12/2020,1.731,N/A,1.731,1.731,1.731
06/11/2020,1.813,N/A,1.813,1.813,1.813
06/10/2020,1.78,N/A,1.78,1.78,1.78
06/09/2020,1.767,N/A,1.767,1.767,1.767
06/08/2020,1.789,N/A,1.789,1.789,1.789
06/05/2020,1.782,N/A,1.782,1.782,1.782
06/04/2020,1.822,N/A,1.822,1.822,1.822
06/03/2020,1.821,N/A,1.821,1.821,1.821
06/02/2020,1.777,N/A,1.777,1.777,1.777
06/01/2020,1.774,N/A,1.774,1.774,1.774
05/29/2020,1.849,N/A,1.849,1.849,1.849
05/28/2020,1.827,N/A,1.827,1.827,1.827
05/27/2020,1.722,N/A,1.722,1.722,1.722
05/26/2020,1.793,N/A,1.793,1.793,1.793
05/22/2020,1.731,N/A,1.731,1.731,1.731
05/21/2020,1.71,N/A,1.71,1.71,1.71
05/20/2020,1.771,N/A,1.771,1.771,1.771
05/19/2020,1.83,N/A,1.83,1.83,1.83
05/18/2020,1.783,N/A,1.783,1.783,1.783
05/15/2020,1.646,N/A,1.646,1.646,1.646
05/14/2020,1.681,N/A,1.681,1.681,1.681
05/13/2020,1.616,N/A,1.616,1.616,1.616
05/12/2020,1.72,N/A,1.72,1.72,1.72
05/11/2020,1.826,N/A,1.826,1.826,1.826
05/08/2020,1.823,N/A,1.823,1.823,1.823
05/07/2020,1.894,N/A,1.894,1.894,1.894
05/06/2020,1.944,N/A,1.944,1.944,1.944
05/05/2020,2.134,N/A,2.134,2.134,2.134
05/04/2020,1.993,N/A,1.993,1.993,1.993
05/01/2020,1.89,N/A,1.89,1.89,1.89
04/30/2020,1.949,N/A,1.949,1.949,1.949
04/29/2020,1.869,N/A,1.869,1.869,1.869
04/28/2020,1.794,N/A,1.794,1.794,1.794
04/27/2020,1.819,N/A,1.819,1.819,1.819
04/24/2020,1.746,N/A,1.746,1.746,1.746
04/23/2020,1.815,N/A,1.815,1.815,1.815
04/22/2020,1.939,N/A,1.939,1.939,1.939
04/21/2020,1.821,N/A,1.821,1.821,1.821
04/20/2020,1.924,N/A,1.924,1.924,1.924
04/17/2020,1.753,N/A,1.753,1.753,1.753
04/16/2020,1.686,N/A,1.686,1.686,1.686
04/15/2020,1.598,N/A,1.598,1.598,1.598
04/14/2020,1.65,N/A,1.65,1.65,1.65
04/13/2020,1.724,N/A,1.724,1.724,1.724
04/09/2020,1.733,N/A,1.733,1.733,1.733
04/08/2020,1.783,N/A,1.783,1.783,1.783
04/07/2020,1.852,N/A,1.852,1.852,1.852
04/06/2020,1.731,N/A,1.731,1.731,1.731
04/03/2020,1.621,N/A,1.621,1.621,1.621
04/02/2020,1.552,N/A,1.552,1.552,1.552
04/01/2020,1.587,N/A,1.587,1.587,1.587
03/31/2020,1.64,N/A,1.64,1.64,1.64
03/30/2020,1.69,N/A,1.69,1.69,1.69
03/27/2020,1.634,N/A,1.634,1.634,1.634
03/26/2020,1.637,N/A,1.637,1.637,1.637
03/25/2020,1.659,N/A,1.659,1.659,1.659
03/24/2020,1.653,N/A,1.653,1.653,1.653
03/23/2020,1.602,N/A,1.602,1.602,1.602
03/20/2020,1.604,N/A,1.604,1.604,1.604
03/19/2020,1.654,N/A,1.654,1.654,1.654
03/18/2020,1.604,N/A,1.604,1.604,1.604
03/17/2020,1.729,N/A,1.729,1.729,1.729
03/16/2020,1.815,N/A,1.815,1.815,1.815
03/13/2020,1.869,N/A,1.869,1.869,1.869
03/12/2020,1.841,N/A,1.841,1.841,1.841
03/11/2020,1.878,N/A,1.878,1.878,1.878
03/10/2020,1.936,N/A,1.936,1.936,1.936
03/09/2020,1.778,N/A,1.778,1.778,1.778
03/06/2020,1.708,N/A,1.708,1.708,1.708
03/05/2020,1.772,N/A,1.772,1.772,1.772
03/04/2020,1.827,N/A,1.827,1.827,1.827
03/03/2020,1.8,N/A,1.8,1.8,1.8
03/02/2020,1.756,N/A,1.756,1.756,1.756
02/28/2020,1.684,N/A,1.684,1.684,1.684
02/27/2020,1.752,N/A,1.752,1.752,1.752
02/26/2020,1.821,N/A,1.821,1.821,1.821
02/25/2020,1.847,N/A,1.847,1.847,1.847
02/24/2020,1.827,N/A,1.827,1.827,1.827
02/21/2020,1.905,N/A,1.905,1.905,1.905
02/20/2020,1.92,N/A,1.92,1.92,1.92
02/19/2020,1.955,N/A,1.955,1.955,1.955
02/18/2020,1.981,N/A,1.981,1.981,1.981
02/14/2020,1.837,N/A,1.837,1.837,1.837
02/13/2020,1.826,N/A,1.826,1.826,1.826
02/12/2020,1.844,N/A,1.844,1.844,1.844
02/11/2020,1.788,N/A,1.788,1.788,1.788
02/10/2020,1.766,N/A,1.766,1.766,1.766
02/07/2020,1.858,N/A,1.858,1.858,1.858
02/06/2020,1.862,N/A,1.862,1.862,1.862
02/05/2020,1.861,N/A,1.861,1.861,1.861
02/04/2020,1.872,N/A,1.872,1.872,1.872
02/03/2020,1.819,N/A,1.819,1.819,1.819
01/31/2020,1.841,N/A,1.841,1.841,1.841
01/30/2020,1.829,N/A,1.829,1.829,1.829
01/29/2020,1.877,N/A,1.877,1.877,1.877
01/28/2020,1.934,N/A,1.934,1.934,1.934
01/27/2020,1.902,N/A,1.902,1.902,1.902
01/24/2020,1.893,N/A,1.893,1.893,1.893
01/23/2020,1.926,N/A,1.926,1.926,1.926
01/22/2020,1.905,N/A,1.905,1.905,1.905
01/21/2020,1.895,N/A,1.895,1.895,1.895
01/17/2020,2.003,N/A,2.003,2.003,2.003
01/16/2020,2.077,N/A,2.077,2.077,2.077
01/15/2020,2.12,N/A,2.12,2.12,2.12
01/14/2020,2.187,N/A,2.187,2.187,2.187
01/13/2020,2.182,N/A,2.182,2.182,2.182
01/10/2020,2.202,N/A,2.202,2.202,2.202
01/09/2020,2.166,N/A,2.166,2.166,2.166
01/08/2020,2.141,N/A,2.141,2.141,2.141
01/07/2020,2.162,N/A,2.162,2.162,2.162
01/06/2020,2.135,N/A,2.135,2.135,2.135
01/03/2020,2.13,N/A,2.13,2.13,2.13
01/02/2020,2.122,N/A,2.122,2.122,2.122
12/31/2019,2.189,N/A,2.189,2.189,2.189
12/30/2019,2.186,N/A,2.186,2.186,2.186
12/27/2019,2.231,N/A,2.231,2.231,2.231
12/26/2019,2.294,N/A,2.294,2.294,2.294
12/24/2019,2.172,N/A,2.172,2.172,2.172
12/23/2019,2.214,N/A,2.214,2.214,2.214
12/20/2019,2.328,N/A,2.328,2.328,2.328
12/19/2019,2.273,N/A,2.273,2.273,2.273
12/18/2019,2.286,N/A,2.286,2.286,2.286
12/17/2019,2.319,N/A,2.319,2.319,2.319
12/16/2019,2.341,N/A,2.341,2.341,2.341
12/13/2019,2.296,N/A,2.296,2.296,2.296
12/12/2019,2.328,N/A,2.328,2.328,2.328
12/11/2019,2.243,N/A,2.243,2.243,2.243
12/10/2019,2.264,N/A,2.264,2.264,2.264
12/09/2019,2.232,N/A,2.232,2.232,2.232
12/06/2019,2.334,N/A,2.334,2.334,2.334
12/05/2019,2.427,N/A,2.427,2.427,2.427
12/04/2019,2.399,N/A,2.399,2.399,2.399
12/03/2019,2.441,N/A,2.441,2.441,2.441
12/02/2019,2.329,N/A,2.329,2.329,2.329
11/29/2019,2.281,N/A,2.281,2.281,2.281
11/27/2019,2.501,N/A,2.501,2.501,2.501
11/26/2019,2.47,N/A,2.47,2.47,2.47
11/25/2019,2.531,N/A,2.531,2.531,2.531
11/22/2019,2.665,N/A,2.665,2.665,2.665
11/21/2019,2.567,N/A,2.567,2.567,2.567
11/20/2019,2.559,N/A,2.559,2.559,2.559
11/19/2019,2.51,N/A,2.51,2.51,2.51
11/18/2019,2.566,N/A,2.566,2.566,2.566
11/15/2019,2.688,N/A,2.688,2.688,2.688
11/14/2019,2.647,N/A,2.647,2.647,2.647
11/13/2019,2.6,N/A,2.6,2.6,2.6
11/12/2019,2.621,N/A,2.621,2.621,2.621
11/11/2019,2.637,N/A,2.637,2.637,2.637
11/08/2019,2.789,N/A,2.789,2.789,2.789
11/07/2019,2.772,N/A,2.772,2.772,2.772
11/06/2019,2.828,N/A,2.828,2.828,2.828
11/05/2019,2.862,N/A,2.862,2.862,2.862
11/04/2019,2.821,N/A,2.821,2.821,2.821
11/01/2019,2.714,N/A,2.714,2.714,2.714
10/31/2019,2.633,N/A,2.633,2.633,2.633
10/30/2019,2.691,N/A,2.691,2.691,2.691
10/29/2019,2.597,N/A,2.597,2.597,2.597
10/28/2019,2.446,N/A,2.446,2.446,2.446
10/25/2019,2.3,N/A,2.3,2.3,2.3
10/24/2019,2.316,N/A,2.316,2.316,2.316
10/23/2019,2.282,N/A,2.282,2.282,2.282
10/22/2019,2.272,N/A,2.272,2.272,2.272
10/21/2019,2.238,N/A,2.238,2.238,2.238
10/18/2019,2.32,N/A,2.32,2.32,2.32
10/17/2019,2.318,N/A,2.318,2.318,2.318
10/16/2019,2.303,N/A,2.303,2.303,2.303
10/15/2019,2.339,N/A,2.339,2.339,2.339
10/14/2019,2.28,N/A,2.28,2.28,2.28
10/11/2019,2.214,N/A,2.214,2.214,2.214
10/10/2019,2.218,N/A,2.218,2.218,2.218
10/09/2019,2.234,N/A,2.234,2.234,2.234
10/08/2019,2.288,N/A,2.288,2.288,2.288
10/07/2019,2.303,N/A,2.303,2.303,2.303
10/04/2019,2.352,N/A,2.352,2.352,2.352
10/03/2019,2.329,N/A,2.329,2.329,2.329
10/02/2019,2.247,N/A,2.247,2.247,2.247
10/01/2019,2.283,N/A,2.283,2.283,2.283
09/30/2019,2.33,N/A,2.33,2.33,2.33
09/27/2019,2.404,N/A,2.404,2.404,2.404
09/26/2019,2.428,N/A,2.428,2.428,2.428
09/25/2019,2.502,N/A,2.502,2.502,2.502
09/24/2019,2.503,N/A,2.503,2.503,2.503
09/23/2019,2.527,N/A,2.527,2.527,2.527
09/20/2019,2.534,N/A,2.534,2.534,2.534
09/19/2019,2.538,N/A,2.538,2.538,2.538
09/18/2019,2.637,N/A,2.637,2.637,2.637
09/17/2019,2.668,N/A,2.668,2.668,2.668
09/16/2019,2.681,N/A,2.681,2.681,2.681
09/13/2019,2.614,N/A,2.614,2.614,2.614
09/12/2019,2.574,N/A,2.574,2.574,2.574
09/11/2019,2.552,N/A,2.552,2.552,2.552
09/10/2019,2.58,N/A,2.58,2.58,2.58
09/09/2019,2.585,N/A,2.585,2.585,2.585
09/06/2019,2.496,N/A,2.496,2.496,2.496
09/05/2019,2.435,N/A,2.435,2.435,2.435
09/04/2019,2.445,N/A,2.445,2.445,2.445
09/03/2019,2.358,N/A,2.358,2.358,2.358
08/30/2019,2.285,N/A,2.285,2.285,2.285
08/29/2019,2.296,N/A,2.296,2.296,2.296
08/28/2019,2.251,N/A,2.251,2.251,2.251
08/27/2019,2.202,N/A,2.202,2.202,2.202
08/26/2019,2.23,N/A,2.23,2.23,2.23
08/23/2019,2.152,N/A,2.152,2.152,2.152
08/22/2019,2.159,N/A,2.159,2.159,2.159
08/21/2019,2.17,N/A,2.17,2.17,2.17
08/20/2019,2.218,N/A,2.218,2.218,2.218
08/19/2019,2.21,N/A,2.21,2.21,2.21
08/16/2019,2.2,N/A,2.2,2.2,2.2
08/15/2019,2.232,N/A,2.232,2.232,2.232
08/14/2019,2.143,N/A,2.143,2.143,2.143
08/13/2019,2.147,N/A,2.147,2.147,2.147
08/12/2019,2.105,N/A,2.105,2.105,2.105
08/09/2019,2.119,N/A,2.119,2.119,2.119
08/08/2019,2.128,N/A,2.128,2.128,2.128
08/07/2019,2.083,N/A,2.083,2.083,2.083
08/06/2019,2.111,N/A,2.111,2.111,2.111
08/05/2019,2.07,N/A,2.07,2.07,2.07
08/02/2019,2.121,N/A,2.121,2.121,2.121
08/01/2019,2.202,N/A,2.202,2.202,2.202
07/31/2019,2.233,N/A,2.233,2.233,2.233
07/30/2019,2.137,N/A,2.137,2.137,2.137
07/29/2019,2.141,N/A,2.141,2.141,2.141
07/26/2019,2.169,N/A,2.169,2.169,2.169
07/25/2019,2.244,N/A,2.244,2.244,2.244
07/24/2019,2.22,N/A,2.22,2.22,2.22
07/23/2019,2.3,N/A,2.3,2.3,2.3
07/22/2019,2.312,N/A,2.312,2.312,2.312
07/19/2019,2.251,N/A,2.251,2.251,2.251
07/18/2019,2.287,N/A,2.287,2.287,2.287
07/17/2019,2.304,N/A,2.304,2.304,2.304
07/16/2019,2.306,N/A,2.306,2.306,2.306
07/15/2019,2.408,N/A,2.408,2.408,2.408
07/12/2019,2.453,N/A,2.453,2.453,2.453
07/11/2019,2.416,N/A,2.416,2.416,2.416
07/10/2019,2.444,N/A,2.444,2.444,2.444
07/09/2019,2.425,N/A,2.425,2.425,2.425
07/08/2019,2.403,N/A,2.403,2.403,2.403
07/05/2019,2.418,N/A,2.418,2.418,2.418
07/03/2019,2.29,N/A,2.29,2.29,2.29
07/02/2019,2.24,N/A,2.24,2.24,2.24
07/01/2019,2.267,N/A,2.267,2.267,2.267
06/28/2019,2.308,N/A,2.308,2.308,2.308
06/27/2019,2.324,N/A,2.324,2.324,2.324
06/26/2019,2.291,N/A,2.291,2.291,2.291
06/25/2019,2.308,N/A,2.308,2.308,2.308
06/24/2019,2.303,N/A,2.303,2.303,2.303
06/21/2019,2.186,N/A,2.186,2.186,2.186
06/20/2019,2.185,N/A,2.185,2.185,2.185
06/19/2019,2.276,N/A,2.276,2.276,2.276
06/18/2019,2.328,N/A,2.328,2.328,2.328
06/17/2019,2.386,N/A,2.386,2.386,2.386
06/14/2019,2.387,N/A,2.387,2.387,2.387
06/13/2019,2.325,N/A,2.325,2.325,2.325
06/12/2019,2.386,N/A,2.386,2.386,2.386
06/11/2019,2.399,N/A,2.399,2.399,2.399
06/10/2019,2.357,N/A,2.357,2.357,2.357
06/07/2019,2.337,N/A,2.337,2.337,2.337
06/06/2019,2.324,N/A,2.324,2.324,2.324
06/05/2019,2.378,N/A,2.378,2.378,2.378
06/04/2019,2.416,N/A,2.416,2.416,2.416
06/03/2019,2.403,N/A,2.403,2.403,2.403
05/31/2019,2.454,N/A,2.454,2.454,2.454
05/30/2019,2.547,N/A,2.547,2.547,2.547
05/29/2019,2.633,N/A,2.633,2.633,2.633
05/28/2019,2.582,N/A,2.582,2.582,2.582
05/24/2019,2.598,N/A,2.598,2.598,2.598
05/23/2019,2.578,N/A,2.578,2.578,2.578
05/22/2019,2.543,N/A,2.543,2.543,2.543
05/21/2019,2.613,N/A,2.613,2.613,2.613
05/20/2019,2.673,N/A,2.673,2.673,2.673
05/17/2019,2.631,N/A,2.631,2.631,2.631
05/16/2019,2.639,N/A,2.639,2.639,2.639
05/15/2019,2.601,N/A,2.601,2.601,2.601
05/14/2019,2.659,N/A,2.659,2.659,2.659
05/13/2019,2.621,N/A,2.621,2.621,2.621
05/10/2019,2.619,N/A,2.619,2.619,2.619
05/09/2019,2.595,N/A,2.595,2.595,2.595
05/08/2019,2.61,N/A,2.61,2.61,2.61
05/07/2019,2.537,N/A,2.537,2.537,2.537
05/06/2019,2.524,N/A,2.524,2.524,2.524
05/03/2019,2.567,N/A,2.567,2.567,2.567
05/02/2019,2.589,N/A,2.589,2.589,2.589
05/01/2019,2.62,N/A,2.62,2.62,2.62
04/30/2019,2.575,N/A,2.575,2.575,2.575
04/29/2019,2.593,N/A,2.593,2.593,2.593
04/26/2019,2.566,N/A,2.566,2.566,2.566
04/25/2019,2.514,N/A,2.514,2.514,2.514
04/24/2019,2.462,N/A,2.462,2.462,2.462
04/23/2019,2.455,N/A,2.455,2.455,2.455
04/22/2019,2.524,N/A,2.524,2.524,2.524
04/18/2019,2.49,N/A,2.49,2.49,2.49
04/17/2019,2.517,N/A,2.517,2.517,2.517
04/16/2019,2.572,N/A,2.572,2.572,2.572
04/15/2019,2.59,N/A,2.59,2.59,2.59
04/12/2019,2.66,N/A,2.66,2.66,2.66
04/11/2019,2.664,N/A,2.664,2.664,2.664
04/10/2019,2.7,N/A,2.7,2.7,2.7
04/09/2019,2.699,N/A,2.699,2.699,2.699
04/08/2019,2.708,N/A,2.708,2.708,2.708
04/05/2019,2.664,N/A,2.664,2.664,2.664
04/04/2019,2.643,N/A,2.643,2.643,2.643
04/03/2019,2.677,N/A,2.677,2.677,2.677
04/02/2019,2.684,N/A,2.684,2.684,2.684
04/01/2019,2.708,N/A,2.708,2.708,2.708
03/29/2019,2.662,N/A,2.662,2.662,2.662
03/28/2019,2.712,N/A,2.712,2.712,2.712
03/27/2019,2.713,N/A,2.713,2.713,2.713
03/26/2019,2.74,N/A,2.74,2.74,2.74
03/25/2019,2.755,N/A,2.755,2.755,2.755
03/22/2019,2.753,N/A,2.753,2.753,2.753
03/21/2019,2.821,N/A,2.821,2.821,2.821
03/20/2019,2.82,N/A,2.82,2.82,2.82
03/19/2019,2.874,N/A,2.874,2.874,2.874
03/18/2019,2.85,N/A,2.85,2.85,2.85
03/15/2019,2.795,N/A,2.795,2.795,2.795
03/14/2019,2.855,N/A,2.855,2.855,2.855
03/13/2019,2.82,N/A,2.82,2.82,2.82
03/12/2019,2.784,N/A,2.784,2.784,2.784
03/11/2019,2.772,N/A,2.772,2.772,2.772
03/08/2019,2.865,N/A,2.865,2.865,2.865
03/07/2019,2.866,N/A,2.866,2.866,2.866
03/06/2019,2.841,N/A,2.841,2.841,2.841
03/05/2019,2.884,N/A,2.884,2.884,2.884
03/04/2019,2.857,N/A,2.857,2.857,2.857
03/01/2019,2.859,N/A,2.859,2.859,2.859
02/28/2019,2.812,N/A,2.812,2.812,2.812
02/27/2019,2.799,N/A,2.799,2.799,2.799
02/26/2019,2.855,N/A,2.855,2.855,2.855
02/25/2019,2.836,N/A,2.836,2.836,2.836
02/22/2019,2.717,N/A,2.717,2.717,2.717
02/21/2019,2.697,N/A,2.697,2.697,2.697
02/20/2019,2.636,N/A,2.636,2.636,2.636
02/19/2019,2.662,N/A,2.662,2.662,2.662
02/15/2019,2.625,N/A,2.625,2.625,2.625
02/14/2019,2.573,N/A,2.573,2.573,2.573
02/13/2019,2.575,N/A,2.575,2.575,2.575
02/12/2019,2.688,N/A,2.688,2.688,2.688
02/11/2019,2.642,N/A,2.642,2.642,2.642
02/08/2019,2.583,N/A,2.583,2.583,2.583
02/07/2019,2.551,N/A,2.551,2.551,2.551
02/06/2019,2.662,N/A,2.662,2.662,2.662
02/05/2019,2.662,N/A,2.662,2.662,2.662
02/04/2019,2.66,N/A,2.66,2.66,2.66
02/01/2019,2.734,N/A,2.734,2.734,2.734
01/31/2019,2.814,N/A,2.814,2.814,2.814
01/30/2019,2.854,N/A,2.854,2.854,2.854
01/29/2019,2.95,N/A,2.95,2.95,2.95
01/28/2019,2.911,N/A,2.911,2.911,2.911
01/25/2019,3.178,N/A,3.178,3.178,3.178
01/24/2019,3.099,N/A,3.099,3.099,3.099
01/23/2019,2.98,N/A,2.98,2.98,2.98
01/22/2019,3.04,N/A,3.04,3.04,3.04
01/18/2019,3.482,N/A,3.482,3.482,3.482
01/17/2019,3.413,N/A,3.413,3.413,3.413
01/16/2019,3.384,N/A,3.384,3.384,3.384
01/15/2019,3.501,N/A,3.501,3.501,3.501
01/14/2019,3.591,N/A,3.591,3.591,3.591
01/11/2019,3.099,N/A,3.099,3.099,3.099
01/10/2019,2.969,N/A,2.969,2.969,2.969
01/09/2019,2.984,N/A,2.984,2.984,2.984
01/08/2019,2.967,N/A,2.967,2.967,2.967
01/07/2019,2.944,N/A,2.944,2.944,2.944
01/04/2019,3.044,N/A,3.044,3.044,3.044
01/03/2019,2.945,N/A,2.945,2.945,2.945
01/02/2019,2.958,N/A,2.958,2.958,2.958
12/31/2018,2.94,N/A,2.94,2.94,2.94
12/28/2018,3.303,N/A,3.303,3.303,3.303
12/27/2018,3.642,N/A,3.642,3.642,3.642
12/26/2018,3.543,N/A,3.543,3.543,3.543
12/24/2018,3.467,N/A,3.467,3.467,3.467
12/21/2018,3.816,N/A,3.816,3.816,3.816
12/20/2018,3.583,N/A,3.583,3.583,3.583
12/19/2018,3.726,N/A,3.726,3.726,3.726
12/18/2018,3.838,N/A,3.838,3.838,3.838
12/17/2018,3.528,N/A,3.528,3.528,3.528
12/14/2018,3.827,N/A,3.827,3.827,3.827
12/13/2018,4.124,N/A,4.124,4.124,4.124
12/12/2018,4.136,N/A,4.136,4.136,4.136
12/11/2018,4.407,N/A,4.407,4.407,4.407
12/10/2018,4.545,N/A,4.545,4.545,4.545
12/07/2018,4.488,10,4.488,4.488,4.488
12/06/2018,4.327,N/A,4.327,4.327,4.327
12/05/2018,4.469,N/A,4.469,4.469,4.469
12/04/2018,4.457,N/A,4.457,4.457,4.457
12/03/2018,4.339,N/A,4.339,4.339,4.339
11/30/2018,4.612,N/A,4.612,4.612,4.612
11/29/2018,4.646,N/A,4.646,4.646,4.646
11/28/2018,4.715,N/A,4.715,4.715,4.715
11/27/2018,4.262,N/A,4.262,4.262,4.262
11/26/2018,4.248,N/A,4.248,4.248,4.248
11/23/2018,4.308,N/A,4.308,4.308,4.308
11/21/2018,4.451,4,4.451,4.451,4.451
11/20/2018,4.523,N/A,4.523,4.523,4.523
11/19/2018,4.7,N/A,4.7,4.7,4.7
11/16/2018,4.272,N/A,4.272,4.272,4.272
11/15/2018,4.038,N/A,4.038,4.038,4.038
11/14/2018,4.837,3,4.837,4.837,4.837
11/13/2018,4.101,2,4.101,4.101,4.101
11/12/2018,3.788,8,3.788,3.788,3.788
11/09/2018,3.719,8,3.719,3.719,3.719
11/08/2018,3.543,N/A,3.543,3.543,3.543
11/07/2018,3.555,N/A,3.555,3.555,3.555
11/06/2018,3.555,3,3.555,3.555,3.555
11/05/2018,3.567,2,3.567,3.567,3.567
11/02/2018,3.284,N/A,3.284,3.284,3.284
11/01/2018,3.237,N/A,3.237,3.237,3.237
10/31/2018,3.261,3,3.261,3.261,3.261
10/30/2018,3.187,N/A,3.187,3.187,3.187
10/29/2018,3.185,N/A,3.185,3.185,3.185
10/26/2018,3.185,1,3.185,3.185,3.185
10/25/2018,3.202,N/A,3.202,3.202,3.202
10/24/2018,3.166,N/A,3.166,3.166,3.166
10/23/2018,3.212,N/A,3.212,3.212,3.212
10/22/2018,3.138,N/A,3.138,3.138,3.138
10/19/2018,3.25,N/A,3.25,3.25,3.25
10/18/2018,3.198,N/A,3.198,3.198,3.198
10/17/2018,3.32,N/A,3.32,3.32,3.32
10/16/2018,3.239,N/A,3.239,3.239,3.239
10/15/2018,3.242,N/A,3.242,3.242,3.242
10/12/2018,3.161,N/A,3.161,3.161,3.161
10/11/2018,3.222,N/A,3.222,3.222,3.222
10/10/2018,3.284,8,3.284,3.284,3.284
10/09/2018,3.266,N/A,3.266,3.266,3.266
10/08/2018,3.267,4,3.267,3.267,3.267
10/05/2018,3.143,1,3.143,3.143,3.143
10/04/2018,3.165,N/A,3.165,3.165,3.165
10/03/2018,3.23,N/A,3.23,3.23,3.23
10/02/2018,3.166,N/A,3.166,3.166,3.166
10/01/2018,3.094,1,3.094,3.094,3.094
09/28/2018,3.008,N/A,3.008,3.008,3.008
09/27/2018,3.056,N/A,3.056,3.056,3.056
09/26/2018,2.98,N/A,2.98,2.98,2.98
09/25/2018,3.082,N/A,3.082,3.082,3.082
09/24/2018,3.038,N/A,3.038,3.038,3.038
09/21/2018,2.977,N/A,2.977,2.977,2.977
09/20/2018,2.976,N/A,2.976,2.976,2.976
09/19/2018,2.908,8,2.908,2.908,2.908
09/18/2018,2.933,N/A,2.933,2.933,2.933
09/17/2018,2.814,8,2.814,2.814,2.814
09/14/2018,2.767,N/A,2.767,2.767,2.767
09/13/2018,2.817,N/A,2.817,2.817,2.817
09/12/2018,2.829,N/A,2.829,2.829,2.829
09/11/2018,2.828,N/A,2.828,2.828,2.828
09/10/2018,2.804,N/A,2.804,2.804,2.804
09/07/2018,2.776,N/A,2.776,2.776,2.776
09/06/2018,2.772,N/A,2.772,2.772,2.772
09/05/2018,2.795,N/A,2.795,2.795,2.795
09/04/2018,2.823,N/A,2.823,2.823,2.823
08/31/2018,2.916,N/A,2.916,2.916,2.916
08/30/2018,2.874,N/A,2.874,2.874,2.874
08/29/2018,2.895,N/A,2.895,2.895,2.895
08/28/2018,2.852,N/A,2.852,2.852,2.852
08/27/2018,2.876,N/A,2.876,2.876,2.876
08/24/2018,2.917,4,2.917,2.917,2.917
08/23/2018,2.964,N/A,2.964,2.964,2.964
08/22/2018,2.956,N/A,2.956,2.956,2.956
08/21/2018,2.98,N/A,2.98,2.98,2.98
08/20/2018,2.941,N/A,2.941,2.941,2.941
08/17/2018,2.946,N/A,2.946,2.946,2.946
08/16/2018,2.908,N/A,2.908,2.908,2.908
08/15/2018,2.94,N/A,2.94,2.94,2.94
08/14/2018,2.959,N/A,2.959,2.959,2.959
08/13/2018,2.93,N/A,2.93,2.93,2.93
08/10/2018,2.944,N/A,2.944,2.944,2.944
08/09/2018,2.955,N/A,2.955,2.955,2.955
08/08/2018,2.949,N/A,2.949,2.949,2.949
08/07/2018,2.897,N/A,2.897,2.897,2.897
08/06/2018,2.86,N/A,2.86,2.86,2.86
08/03/2018,2.853,N/A,2.853,2.853,2.853
08/02/2018,2.816,N/A,2.816,2.816,2.816
08/01/2018,2.758,N/A,2.758,2.758,2.758
07/31/2018,2.782,N/A,2.782,2.782,2.782
07/30/2018,2.797,N/A,2.797,2.797,2.797
07/27/2018,2.822,N/A,2.822,2.822,2.822
07/26/2018,2.78,N/A,2.78,2.78,2.78
07/25/2018,2.775,N/A,2.775,2.775,2.775
07/24/2018,2.732,2,2.732,2.732,2.732
07/23/2018,2.721,N/A,2.721,2.721,2.721
07/20/2018,2.757,N/A,2.757,2.757,2.757
07/19/2018,2.769,N/A,2.769,2.769,2.769
07/18/2018,2.721,N/A,2.721,2.721,2.721
07/17/2018,2.74,N/A,2.74,2.74,2.74
07/16/2018,2.759,N/A,2.759,2.759,2.759
07/13/2018,2.752,3,2.752,2.752,2.752
07/12/2018,2.797,N/A,2.797,2.797,2.797
07/11/2018,2.829,3,2.829,2.829,2.829
07/10/2018,2.788,N/A,2.788,2.788,2.788
07/09/2018,2.828,N/A,2.828,2.828,2.828
07/06/2018,2.858,N/A,2.858,2.858,2.858
07/05/2018,2.837,N/A,2.837,2.837,2.837
07/03/2018,2.87,N/A,2.87,2.87,2.87
07/02/2018,2.862,N/A,2.862,2.862,2.862
06/29/2018,2.924,N/A,2.924,2.924,2.924
06/28/2018,2.94,N/A,2.94,2.94,2.94
06/27/2018,2.996,N/A,2.996,2.996,2.996
06/26/2018,2.939,1,2.939,2.939,2.939
06/25/2018,2.923,82,2.923,2.923,2.923
06/22/2018,2.945,134,2.945,2.945,2.945
06/21/2018,2.975,N/A,2.975,2.975,2.975
06/20/2018,2.964,N/A,2.964,2.964,2.964
06/19/2018,2.9,N/A,2.9,2.9,2.9
06/18/2018,2.951,N/A,2.951,2.951,2.951
06/15/2018,3.022,N/A,3.022,3.022,3.022
06/14/2018,2.965,N/A,2.965,2.965,2.965
06/13/2018,2.963,N/A,2.963,2.963,2.963
06/12/2018,2.939,N/A,2.939,2.939,2.939
06/11/2018,2.949,N/A,2.949,2.949,2.949
06/08/2018,2.89,N/A,2.89,2.89,2.89
06/07/2018,2.93,N/A,2.93,2.93,2.93
06/06/2018,2.896,N/A,2.896,2.896,2.896
06/05/2018,2.89,N/A,2.89,2.89,2.89
06/04/2018,2.93,N/A,2.93,2.93,2.93
06/01/2018,2.962,N/A,2.962,2.962,2.962
05/31/2018,2.952,N/A,2.952,2.952,2.952
05/30/2018,2.885,N/A,2.885,2.885,2.885
05/29/2018,2.875,N/A,2.875,2.875,2.875
05/25/2018,2.939,100,2.939,2.939,2.939
05/24/2018,2.94,73,2.94,2.94,2.94
05/23/2018,2.914,259,2.914,2.914,2.914
05/22/2018,2.908,N/A,2.908,2.908,2.908
05/21/2018,2.81,N/A,2.81,2.81,2.81
05/18/2018,2.847,N/A,2.847,2.847,2.847
05/17/2018,2.859,N/A,2.859,2.859,2.859
05/16/2018,2.815,N/A,2.815,2.815,2.815
05/15/2018,2.836,N/A,2.836,2.836,2.836
05/14/2018,2.842,N/A,2.842,2.842,2.842
05/11/2018,2.806,N/A,2.806,2.806,2.806
05/10/2018,2.814,N/A,2.814,2.814,2.814
05/09/2018,2.737,N/A,2.737,2.737,2.737
05/08/2018,2.732,N/A,2.732,2.732,2.732
05/07/2018,2.741,N/A,2.741,2.741,2.741
05/04/2018,2.711,N/A,2.711,2.711,2.711
05/03/2018,2.726,N/A,2.726,2.726,2.726
05/02/2018,2.754,N/A,2.754,2.754,2.754
05/01/2018,2.802,N/A,2.802,2.802,2.802
04/30/2018,2.763,N/A,2.763,2.763,2.763
04/27/2018,2.771,N/A,2.771,2.771,2.771
04/26/2018,2.821,N/A,2.821,2.821,2.821
04/25/2018,2.786,N/A,2.786,2.786,2.786
04/24/2018,2.781,N/A,2.781,2.781,2.781
04/23/2018,2.74,N/A,2.74,2.74,2.74
04/20/2018,2.739,N/A,2.739,2.739,2.739
04/19/2018,2.66,N/A,2.66,2.66,2.66
04/18/2018,2.739,N/A,2.739,2.739,2.739
04/17/2018,2.738,N/A,2.738,2.738,2.738
04/16/2018,2.752,N/A,2.752,2.752,2.752
04/13/2018,2.735,N/A,2.735,2.735,2.735
04/12/2018,2.686,N/A,2.686,2.686,2.686
04/11/2018,2.675,N/A,2.675,2.675,2.675
04/10/2018,2.656,N/A,2.656,2.656,2.656
04/09/2018,2.693,N/A,2.693,2.693,2.693
04/06/2018,2.701,N/A,2.701,2.701,2.701
04/05/2018,2.675,N/A,2.675,2.675,2.675
04/04/2018,2.718,N/A,2.718,2.718,2.718
04/03/2018,2.697,N/A,2.697,2.697,2.697
04/02/2018,2.683,N/A,2.683,2.683,2.683
03/29/2018,2.733,N/A,2.733,2.733,2.733
03/28/2018,2.698,N/A,2.698,2.698,2.698
03/27/2018,2.691,N/A,2.691,2.691,2.691
03/26/2018,2.618,1,2.618,2.618,2.618
03/23/2018,2.591,N/A,2.591,2.591,2.591
03/22/2018,2.617,N/A,2.617,2.617,2.617
03/21/2018,2.638,163,2.638,2.638,2.638
03/20/2018,2.675,N/A,2.675,2.675,2.675
03/19/2018,2.651,N/A,2.651,2.651,2.651
03/16/2018,2.688,N/A,2.688,2.688,2.688
03/15/2018,2.681,N/A,2.681,2.681,2.681
03/14/2018,2.731,N/A,2.731,2.731,2.731
03/13/2018,2.786,N/A,2.786,2.786,2.786
03/12/2018,2.778,N/A,2.778,2.778,2.778
03/09/2018,2.732,N/A,2.732,2.732,2.732
03/08/2018,2.756,N/A,2.756,2.756,2.756
03/07/2018,2.777,N/A,2.777,2.777,2.777
03/06/2018,2.749,N/A,2.749,2.749,2.749
03/05/2018,2.704,N/A,2.704,2.704,2.704
03/02/2018,2.695,N/A,2.695,2.695,2.695
03/01/2018,2.698,N/A,2.698,2.698,2.698
02/28/2018,2.667,N/A,2.667,2.667,2.667
02/27/2018,2.683,N/A,2.683,2.683,2.683
02/26/2018,2.639,N/A,2.639,2.639,2.639
02/23/2018,2.625,N/A,2.625,2.625,2.625
02/22/2018,2.634,N/A,2.634,2.634,2.634
02/21/2018,2.659,N/A,2.659,2.659,2.659
02/20/2018,2.616,N/A,2.616,2.616,2.616
02/16/2018,2.558,N/A,2.558,2.558,2.558
02/15/2018,2.58,N/A,2.58,2.58,2.58
02/14/2018,2.587,1,2.595,2.595,2.595
02/13/2018,2.594,1,2.622,2.622,2.622
02/12/2018,2.552,N/A,2.552,2.552,2.552
02/09/2018,2.584,N/A,2.584,2.584,2.584
02/08/2018,2.697,N/A,2.697,2.697,2.697
02/07/2018,2.702,N/A,2.702,2.702,2.702
02/06/2018,2.759,N/A,2.759,2.759,2.759
02/05/2018,2.747,N/A,2.747,2.747,2.747
02/02/2018,2.846,N/A,2.846,2.846,2.846
02/01/2018,2.856,N/A,2.856,2.856,2.856
01/31/2018,2.995,N/A,2.995,2.995,2.995
01/30/2018,3.195,N/A,3.195,3.195,3.195
01/29/2018,3.631,N/A,3.631,3.631,3.631
01/26/2018,3.505,N/A,3.505,3.505,3.505
01/25/2018,3.447,N/A,3.447,3.447,3.447
01/24/2018,3.509,N/A,3.509,3.509,3.509
01/23/2018,3.444,4,3.444,3.444,3.444
01/22/2018,3.224,2,3.224,3.224,3.224
01/19/2018,3.185,8,3.185,3.185,3.185
01/18/2018,3.189,N/A,3.189,3.189,3.189
01/17/2018,3.232,13,3.232,3.232,3.232
01/16/2018,3.129,10,3.129,3.129,3.129
01/12/2018,3.2,14,3.2,3.2,3.2
01/11/2018,3.084,N/A,3.084,3.084,3.084
01/10/2018,2.906,N/A,2.906,2.906,2.906
01/09/2018,2.923,N/A,2.923,2.923,2.923
01/08/2018,2.835,N/A,2.835,2.835,2.835
01/05/2018,2.795,N/A,2.795,2.795,2.795
01/04/2018,2.88,N/A,2.88,2.88,2.88
01/03/2018,3.008,N/A,3.008,3.008,3.008
01/02/2018,3.056,N/A,3.056,3.056,3.056
12/29/2017,2.953,N/A,2.953,2.953,2.953
12/28/2017,2.914,N/A,2.914,2.914,2.914
12/27/2017,2.738,72,2.738,2.738,2.738
12/26/2017,2.643,54,2.643,2.643,2.643
12/22/2017,2.667,5,2.667,2.667,2.667
12/21/2017,2.598,N/A,2.598,2.598,2.598
12/20/2017,2.637,2,2.637,2.637,2.637
12/19/2017,2.692,N/A,2.692,2.692,2.692
12/18/2017,2.745,N/A,2.745,2.745,2.745
12/15/2017,2.612,N/A,2.612,2.612,2.612
12/14/2017,2.684,N/A,2.684,2.684,2.684
12/13/2017,2.715,N/A,2.715,2.715,2.715
12/12/2017,2.678,1,2.706,2.706,2.706
12/11/2017,2.828,N/A,2.828,2.828,2.828
12/08/2017,2.772,N/A,2.772,2.772,2.772
12/07/2017,2.763,10,2.763,2.763,2.763
12/06/2017,2.922,N/A,2.922,2.922,2.922
12/05/2017,2.914,N/A,2.914,2.914,2.914
12/04/2017,2.985,N/A,2.985,2.985,2.985
12/01/2017,3.061,N/A,3.061,3.061,3.061
11/30/2017,3.025,N/A,3.025,3.025,3.025
11/29/2017,3.179,N/A,3.179,3.179,3.179
11/28/2017,3.074,N/A,3.074,3.074,3.074
11/27/2017,2.928,42,2.928,2.928,2.928
11/24/2017,2.813,N/A,2.813,2.813,2.813
11/22/2017,2.968,N/A,2.968,2.968,2.968
11/21/2017,3.017,N/A,3.017,3.017,3.017
11/20/2017,3.047,N/A,3.047,3.047,3.047
11/17/2017,3.097,11,3.078,3.115,3.078
11/16/2017,3.053,N/A,3.053,3.053,3.053
11/15/2017,3.08,N/A,3.08,3.08,3.08
11/14/2017,3.102,1,3.088,3.088,3.088
11/13/2017,3.167,N/A,3.167,3.167,3.167
11/10/2017,3.213,N/A,3.213,3.213,3.213
11/09/2017,3.2,N/A,3.2,3.2,3.2
11/08/2017,3.175,N/A,3.175,3.175,3.175
11/07/2017,3.152,N/A,3.152,3.152,3.152
11/06/2017,3.134,3,3.134,3.134,3.134
11/03/2017,2.984,N/A,2.984,2.984,2.984
11/02/2017,2.935,N/A,2.935,2.935,2.935
11/01/2017,2.893,N/A,2.893,2.893,2.893
10/31/2017,2.896,N/A,2.896,2.896,2.896
10/30/2017,2.966,N/A,2.966,2.966,2.966
10/27/2017,2.752,4,2.752,2.752,2.752
10/26/2017,2.89,2,2.89,2.89,2.89
10/25/2017,2.919,N/A,2.919,2.919,2.919
10/24/2017,2.974,N/A,2.974,2.974,2.974
10/23/2017,2.991,N/A,2.991,2.991,2.991
10/20/2017,2.915,4,2.915,2.915,2.915
10/19/2017,2.873,4,2.873,2.873,2.873
10/18/2017,2.854,N/A,2.854,2.854,2.854
10/17/2017,2.962,N/A,2.962,2.962,2.962
10/16/2017,2.946,N/A,2.946,2.946,2.946
10/13/2017,3,N/A,3,3,3
10/12/2017,2.989,N/A,2.989,2.989,2.989
10/11/2017,2.889,N/A,2.889,2.889,2.889
10/10/2017,2.891,N/A,2.891,2.891,2.891
10/09/2017,2.833,N/A,2.833,2.833,2.833
10/06/2017,2.863,N/A,2.863,2.863,2.863
10/05/2017,2.923,N/A,2.923,2.923,2.923
10/04/2017,2.94,N/A,2.94,2.94,2.94
10/03/2017,2.895,N/A,2.895,2.895,2.895
10/02/2017,2.916,N/A,2.916,2.916,2.916
09/29/2017,3.007,N/A,3.007,3.007,3.007
09/28/2017,3.017,N/A,3.017,3.017,3.017
09/27/2017,2.974,10,2.974,2.974,2.974
09/26/2017,2.918,N/A,2.918,2.918,2.918
09/25/2017,2.919,N/A,2.919,2.919,2.919
09/22/2017,2.959,N/A,2.959,2.959,2.959
09/21/2017,2.946,N/A,2.946,2.946,2.946
09/20/2017,3.094,N/A,3.094,3.094,3.094
09/19/2017,3.122,N/A,3.122,3.122,3.122
09/18/2017,3.146,N/A,3.146,3.146,3.146
09/15/2017,3.024,N/A,3.024,3.024,3.024
09/14/2017,3.07,1,3.07,3.07,3.07
09/13/2017,3.058,N/A,3.058,3.058,3.058
09/12/2017,3.001,N/A,3.001,3.001,3.001
09/11/2017,2.95,N/A,2.95,2.95,2.95
09/08/2017,2.89,N/A,2.89,2.89,2.89
09/07/2017,2.981,N/A,2.981,2.981,2.981
09/06/2017,3,N/A,3,3,3
09/05/2017,2.972,N/A,2.972,2.972,2.972
09/01/2017,3.07,N/A,3.07,3.07,3.07
08/31/2017,3.04,N/A,3.04,3.04,3.04
08/30/2017,2.939,N/A,2.939,2.939,2.939
08/29/2017,2.961,N/A,2.961,2.961,2.961
08/28/2017,2.925,N/A,2.925,2.925,2.925
08/25/2017,2.892,N/A,2.892,2.892,2.892
08/24/2017,2.949,N/A,2.949,2.949,2.949
08/23/2017,2.928,N/A,2.928,2.928,2.928
08/22/2017,2.939,N/A,2.939,2.939,2.939
08/21/2017,2.962,N/A,2.962,2.962,2.962
08/18/2017,2.893,N/A,2.893,2.893,2.893
08/17/2017,2.929,N/A,2.929,2.929,2.929
08/16/2017,2.89,N/A,2.89,2.89,2.89
08/15/2017,2.935,N/A,2.935,2.935,2.935
08/14/2017,2.959,N/A,2.959,2.959,2.959
08/11/2017,2.983,N/A,2.983,2.983,2.983
08/10/2017,2.985,N/A,2.985,2.985,2.985
08/09/2017,2.883,N/A,2.883,2.883,2.883
08/08/2017,2.822,N/A,2.822,2.822,2.822
08/07/2017,2.801,N/A,2.801,2.801,2.801
08/04/2017,2.774,N/A,2.774,2.774,2.774
08/03/2017,2.8,N/A,2.8,2.8,2.8
08/02/2017,2.811,N/A,2.811,2.811,2.811
