Date;close;open;high;low
12/08/2013;64.34;64.75;64.75;64.2
13/08/2013;64.28;64.48;64.5;64.05
14/08/2013;64.62;64.5;65;64.4
15/08/2013;64.43;64.85;65.05;64.3
16/08/2013;64.06;64.41;64.41;63.92
19/08/2013;63.93;63.97;64.05;63.67
20/08/2013;64;64;64.13;63.76
21/08/2013;63.98;64;64.15;63.85
22/08/2013;64.42;64.1;64.49;64.05
23/08/2013;63.75;64.6;64.6;63.65
26/08/2013;63.75;63.75;63.75;63.75
27/08/2013;63.93;63.5;64.04;63.45
28/08/2013;64.06;63.95;64.4;63.95
29/08/2013;63.9;63.8;64.12;63.8
30/08/2013;65.19;65.18;65.3;64.9
02/09/2013;65.49;65.1;65.68;65.1
03/09/2013;65.83;65.43;65.9;65.22
04/09/2013;65.55;65.5;65.74;65.45
05/09/2013;65.97;65.65;66.2;65.65
06/09/2013;66.49;66;66.55;65.95
09/09/2013;66.74;66.3;66.76;66.19
10/09/2013;66.58;66.83;66.9;66.5
11/09/2013;66.88;66.68;67.44;66.58
12/09/2013;67.36;67.2;67.41;67.1
13/09/2013;66.41;67.35;67.35;66.22
16/09/2013;66.45;66.35;66.9;66.3
17/09/2013;65.6;66.18;66.18;65.4
18/09/2013;65.61;65.5;65.95;65.2
19/09/2013;65.89;65.8;66.1;65.62
20/09/2013;66.24;65.75;66.31;65.75
23/09/2013;65.43;66.17;66.17;65.3
24/09/2013;65.07;65;65.48;65
25/09/2013;65.16;64.77;65.29;63.9
26/09/2013;65.41;64.9;65.6;64.9
27/09/2013;65.74;65.4;66.14;65.35
30/09/2013;67.83;68.5;68.5;67.7
01/10/2013;67.7;67.77;68.3;67.55
02/10/2013;67.64;67.63;67.9;67.5
03/10/2013;67.93;67.5;68.11;67.4
04/10/2013;68.24;67.85;68.6;67.85
07/10/2013;69.49;69;69.9;69
08/10/2013;69.31;69.36;69.61;69.2
09/10/2013;69.74;69.5;69.85;69.32
10/10/2013;69.41;69.4;69.6;69.24
11/10/2013;69.74;69;69.77;69
14/10/2013;69.47;69.7;69.7;69.35
15/10/2013;69.33;69.4;69.5;69.25
16/10/2013;68.98;69.2;69.25;68.75
17/10/2013;68.83;69.25;69.25;68.66
18/10/2013;68.95;68.6;69.26;68.6
21/10/2013;68.9;69.25;69.3;68.66
22/10/2013;68.76;68.65;68.96;68.6
23/10/2013;69.31;68.82;69.5;68.82
24/10/2013;69.4;69.15;69.65;69
25/10/2013;69.02;69;69.15;68.81
28/10/2013;68.73;68.91;68.91;68.3
29/10/2013;68.47;69.55;69.55;68.2
30/10/2013;68.35;68.45;68.5;68.04
31/10/2013;70;71.5;71.5;69.83
01/11/2013;69.87;69.83;70.3;69.54
04/11/2013;70.2;70.14;70.6;70.05
05/11/2013;70.87;70.4;70.99;70.35
06/11/2013;70.45;70.66;70.7;70.36
07/11/2013;69.74;70.45;70.45;69.6
08/11/2013;70.09;69.8;70.4;69.8
11/11/2013;70.9;70.48;71;70.48
12/11/2013;71.19;71.35;71.48;71.1
13/11/2013;71.15;71.25;71.4;71.1
14/11/2013;71.55;71.38;71.92;71.38
15/11/2013;72.38;71.62;72.85;71.55
18/11/2013;72.14;74.1;73.5;72
19/11/2013;71.57;72.3;72.4;71.45
20/11/2013;70.52;71;71.1;70.44
21/11/2013;70.28;70.36;70.54;70
22/11/2013;70.15;69.85;70.29;69.8
25/11/2013;69.97;70.29;70.29;69.18
26/11/2013;70.14;70.3;70.5;70.1
27/11/2013;70.6;70.35;70.85;70.35
28/11/2013;71.05;71;71.45;70.75
29/11/2013;71.59;71.73;72;71.3
02/12/2013;72.27;72.15;72.5;71.75
03/12/2013;73.77;72.5;73.9;72.5
04/12/2013;72.63;73.35;73.35;72.25
05/12/2013;72.41;72;72.53;71.95
06/12/2013;71.67;72.3;72.3;71.58
09/12/2013;70.81;71;71.01;70.09
10/12/2013;70.66;70.61;70.94;70.55
11/12/2013;70.62;70.65;70.8;70.45
12/12/2013;70.15;70.5;70.5;69.95
13/12/2013;70.45;69.45;70.6;69.45
16/12/2013;70.94;70.75;71;70.58
17/12/2013;70.99;70.85;71;70.36
18/12/2013;70.52;70.97;71.15;70.29
19/12/2013;70.42;70.01;70.65;69.95
20/12/2013;70.4;70.65;70.65;70.3
23/12/2013;70.26;70.2;70.42;69.9
24/12/2013;70.41;70.6;70.6;70.32
26/12/2013;70.41;70.41;70.41;70.41
27/12/2013;70.36;70.51;70.56;70.2
30/12/2013;69.18;69.3;69.4;69.15
31/12/2013;68.91;69;69.5;68.85
02/01/2014;68.29;68.5;68.75;68.1
03/01/2014;68;68.7;68.7;67.85
06/01/2014;68.49;68.25;69;68.25
07/01/2014;68.03;68.4;68.4;68.01
08/01/2014;68.59;68.45;68.94;68.43
09/01/2014;68.25;68.5;68.5;68.05
10/01/2014;67.38;67.75;67.8;67.32
13/01/2014;66.3;67;67;66.23
14/01/2014;66.27;66.25;66.65;66.15
15/01/2014;66.59;65.95;66.71;65.75
16/01/2014;67.06;66.45;67.5;66.4
17/01/2014;65.89;67;67;65.8
20/01/2014;66.28;65.85;66.4;65.6
21/01/2014;66.1;66.2;66.7;65.85
22/01/2014;65.28;66;66.3;65.21
23/01/2014;65.55;65.2;65.75;65.2
24/01/2014;66.49;65.9;66.6;65.9
27/01/2014;64.03;65.85;65.85;63.95
28/01/2014;63.94;64.75;64.75;63.25
29/01/2014;63.08;63.5;63.7;62.8
30/01/2014;62.31;62.95;62.95;62.05
31/01/2014;61.12;61.99;62.1;61.09
03/02/2014;60.47;60.3;60.85;60.05
04/02/2014;60.56;61.15;61.65;60.05
05/02/2014;60.35;59.8;60.4;59.5
06/02/2014;61.45;60.8;61.5;60.36
07/02/2014;61.05;61.04;61.89;60.45
10/02/2014;60.84;60.15;61.05;60
11/02/2014;60.64;60.5;61.45;60.5
12/02/2014;60.76;61.25;61.55;60.65
13/02/2014;59.61;60.65;60.65;59.35
14/02/2014;58.46;59.1;59.1;58.2
17/02/2014;58.79;58.2;59.32;57.9
18/02/2014;59.25;59;59.5;58.76
19/02/2014;58.48;62.35;59.65;58.35
20/02/2014;58.45;58.46;58.75;58.16
21/02/2014;58.04;58;58.5;57.88
24/02/2014;56.64;57.75;57.75;56.56
25/02/2014;56.46;57.2;57.3;56.31
26/02/2014;56.03;56.25;56.61;55.8
27/02/2014;56.95;56.5;57.4;56.5
28/02/2014;56.15;56.55;56.8;56.05
03/03/2014;61.7;56.75;62.1;56.75
04/03/2014;58.1;61.7;61.7;57.88
05/03/2014;57.6;58;58;57
06/03/2014;58.6;58;58.95;57.6
07/03/2014;59.64;58.25;60.15;58.05
10/03/2014;58.23;59.3;59.9;58.11
11/03/2014;57.61;58.53;58.8;57.54
12/03/2014;58.18;57.56;58.34;57.34
13/03/2014;58.61;58.2;58.7;58.05
14/03/2014;59.02;58.23;59.57;57.75
17/03/2014;58.17;58.75;59.14;58.05
18/03/2014;57.98;58.25;58.25;57.51
19/03/2014;56.57;57.5;57.5;56.51
20/03/2014;56.06;56.51;56.51;55.9
21/03/2014;55.54;56.05;56.57;55.47
24/03/2014;54.71;55.13;55.45;54.5
25/03/2014;54.23;54.81;54.9;54.06
26/03/2014;54.56;54.2;54.89;53.77
27/03/2014;53.59;54.8;54.8;53.52
28/03/2014;52.5;53.45;53.45;52.35
31/03/2014;51.27;52;52.05;50.65
01/04/2014;50.57;52;52.17;50.01
02/04/2014;48.46;49.85;49.85;48
03/04/2014;48.6;49;49;47.85
04/04/2014;48.46;48.2;48.8;47.7
07/04/2014;51.59;50;51.79;49.3
08/04/2014;50.44;51.79;52.93;50.3
09/04/2014;51.1;51;53.14;50.66
10/04/2014;51.35;51.5;51.55;50.3
11/04/2014;52.1;52;52.65;51.77
14/04/2014;53.1;52;53.75;52
15/04/2014;52.55;53;53.25;51.8
16/04/2014;52.53;53;53;52.2
17/04/2014;50.67;52;52.2;50.3
21/04/2014;50.67;50.67;50.67;50.67
22/04/2014;49.17;50.4;51.32;49.05
23/04/2014;49.02;49;49.35;48.6
24/04/2014;48.91;49.65;49.65;48.62
25/04/2014;49;49.35;49.35;48.45
28/04/2014;48.38;49.25;49.25;48.1
29/04/2014;47.46;48;48;47.1
30/04/2014;46.27;47.01;47.35;46.18
01/05/2014;46.03;46.5;46.7;45.5
02/05/2014;47.15;46.5;47.4;46.3
05/05/2014;47.15;47.15;47.15;47.15
06/05/2014;45.73;47.15;47.15;45.45
07/05/2014;44.86;45.05;45.48;44.7
08/05/2014;46.12;45.5;46.3;45.22
09/05/2014;46.34;47.08;46.9;45.75
12/05/2014;46.27;46;46.8;45.25
13/05/2014;45.75;46.05;46.55;45.7
14/05/2014;45.22;45.5;45.5;44.99
15/05/2014;44.75;45;45.1;44.47
16/05/2014;44.28;44.3;44.5;44.11
19/05/2014;44.4;44.05;45.1;44.05
20/05/2014;44.31;43.99;44.5;43.6
21/05/2014;44.6;44.9;45.05;44.4
22/05/2014;44.48;44.27;44.79;44.2
23/05/2014;44.51;44.26;44.87;44.26
26/05/2014;44.51;44.51;44.51;44.51
27/05/2014;42.74;45.25;45.25;42.67
28/05/2014;41.63;43.1;43.25;41.31
29/05/2014;41.63;41;41.72;41
30/05/2014;44.14;44.33;44.48;44
02/06/2014;42.55;43.7;43.7;42.5
03/06/2014;42.29;42.48;42.55;42.1
04/06/2014;41.18;42.1;42.1;40.9
05/06/2014;40.42;40.3;41.05;40.26
06/06/2014;39.51;40.05;40.05;39.3
09/06/2014;40.35;38.99;40.55;38.55
10/06/2014;39.95;39.9;41.15;39.75
11/06/2014;40.46;40.45;40.67;39.75
12/06/2014;40.35;40.3;41.2;40.25
13/06/2014;41.86;40.34;42.05;40.34
16/06/2014;42.61;43;45.55;42.5
17/06/2014;41.03;42;42;40.15
18/06/2014;40.52;41;41.2;40.28
19/06/2014;40.08;40.06;40.58;39.75
20/06/2014;39.99;39.95;40.25;39.5
23/06/2014;39.48;39.5;39.7;39.2
24/06/2014;39.68;39.18;39.82;38.99
25/06/2014;39.75;40.14;40.17;39.54
26/06/2014;39.3;39.58;39.58;39
27/06/2014;39.12;39.25;39.3;38.9
30/06/2014;39.6;40.4;40.5;39.28
01/07/2014;38.74;39.57;39.8;38.47
02/07/2014;38.38;38.72;38.85;38.15
03/07/2014;37.76;38.3;38.6;37.4
04/07/2014;36.51;37.8;37.8;36.5
07/07/2014;35.39;36;36;35.1
08/07/2014;36.29;35.37;36.95;35.25
09/07/2014;35.8;36.75;37.25;35.73
10/07/2014;35.57;36.25;36.3;35.36
11/07/2014;35.57;35.25;35.8;35.15
14/07/2014;37.43;35.95;37.7;35.95
15/07/2014;36.72;37;37.3;36.11
16/07/2014;36.98;36.5;37.75;36.35
17/07/2014;37.97;36.9;39.72;36.9
18/07/2014;38.6;39.49;39.62;37.78
21/07/2014;37.41;37.5;37.92;37.3
22/07/2014;37.3;37.1;37.48;36.75
23/07/2014;37.99;36.81;38.38;36.81
24/07/2014;38.79;38.49;39.1;37.75
25/07/2014;41.31;39.1;41.97;38.65
28/07/2014;43.16;41.61;43.33;39.7
29/07/2014;40.96;42.5;43.75;40.8
30/07/2014;39.7;41;41;39.5
31/07/2014;41.51;41;41.9;40.5
01/08/2014;40.79;41.25;41.75;40.4
04/08/2014;39.45;40.4;40.4;39.05
05/08/2014;39.85;39.45;40.32;39.4
06/08/2014;40.57;39.5;40.98;39.5
07/08/2014;41.53;40.25;42.05;40
08/08/2014;41.39;41;42.07;40.4
11/08/2014;41.31;41.45;42.68;41.25
12/08/2014;40.96;41.3;41.8;40.74
13/08/2014;41.7;40.97;42.15;40.97
14/08/2014;43.07;42.4;43.3;42.25
15/08/2014;44.82;43.84;45;43.2
18/08/2014;42.86;44;44.15;42.69
19/08/2014;42.52;43.25;43.32;42.39
20/08/2014;41.04;42.6;42.6;41
21/08/2014;41.06;40.75;41.3;40.51
22/08/2014;42.04;40.95;42.74;40.95
25/08/2014;42.04;42.04;42.04;42.04
26/08/2014;42.81;43;43.85;42.5
27/08/2014;42.9;42.11;43.05;41.75
28/08/2014;45.04;43.1;45.75;43.1
29/08/2014;51.1;50.5;51.45;49.5
01/09/2014;52.87;51.1;53.29;51.1
02/09/2014;51.24;53.2;53.45;50.85
03/09/2014;50.53;50.7;50.9;49
04/09/2014;50.77;50.89;52.5;50.7
05/09/2014;50.64;50.28;51.19;50.07
08/09/2014;50.7;50.24;50.98;50
09/09/2014;49.49;50.75;50.75;49.3
10/09/2014;49.67;49.2;50.16;48.94
11/09/2014;50;49.9;50.55;49.45
12/09/2014;49.59;49.75;50.24;49.54
15/09/2014;51.34;50.5;51.85;50.5
16/09/2014;51.31;51.35;52.4;50.88
17/09/2014;51.28;51.35;51.66;50.9
18/09/2014;51.5;51.2;52.1;51.17
19/09/2014;51.43;50.75;51.9;49.77
22/09/2014;50.89;51;51.66;50.84
23/09/2014;50.04;51.15;51.2;49.92
24/09/2014;50.17;49.7;50.36;49.35
25/09/2014;51.03;50.74;51.41;50.44
26/09/2014;50.56;51.42;52.14;49.81
29/09/2014;51.33;49.4;51.5;49.4
30/09/2014;55.79;55.9;56.5;55.4
01/10/2014;56.87;55.79;57.16;55.79
02/10/2014;56.37;57;57;56.06
03/10/2014;55.08;55.35;55.86;55.05
06/10/2014;54.71;54.75;54.95;54.27
07/10/2014;54.6;55;55.25;54.49
08/10/2014;55.44;54.54;55.8;54.54
09/10/2014;55.46;56;56.49;55
10/10/2014;55.02;56;56.21;54.8
13/10/2014;54.03;55.02;55.02;53.96
14/10/2014;54.38;54.03;54.6;54.03
15/10/2014;54.22;54.59;54.7;53.85
16/10/2014;55.07;54.58;55.2;54
17/10/2014;54.01;54.62;55.1;53.93
20/10/2014;53.47;53.5;53.75;52.72
21/10/2014;53.38;53.6;53.92;53.3
22/10/2014;53.93;53.4;54.21;53.25
23/10/2014;53.67;54.16;54.25;53.62
24/10/2014;53.27;53.4;53.44;52.95
27/10/2014;53.01;52.89;53.25;52.8
28/10/2014;53.81;53.25;53.95;53.25
29/10/2014;54.45;54.1;54.76;53.9
30/10/2014;52.95;54.25;54.25;52.9
31/10/2014;54.07;55;55;53.96
03/11/2014;54.73;54.5;55.15;54.4
04/11/2014;54.1;54.15;54.4;53.82
05/11/2014;53.84;53.19;54.2;53.19
06/11/2014;54.1;53.75;54.4;53.6
07/11/2014;55.08;54.07;55.41;54.07
10/11/2014;55.11;55.3;55.5;54.9
11/11/2014;54.3;54.71;54.71;54.1
12/11/2014;54.63;54.83;54.85;54.39
13/11/2014;53.99;53.97;54.33;53.93
14/11/2014;53.74;53.82;54.03;53.58
17/11/2014;55;54.5;55.13;54.5
18/11/2014;55.2;54.76;55.35;54.4
19/11/2014;55.37;55;55.4;55
20/11/2014;55.84;55.54;56.1;55.51
21/11/2014;56.12;55.71;56.35;55.35
24/11/2014;57.09;57;57.51;57
25/11/2014;59.43;57.25;59.94;57.25
26/11/2014;59.1;60.25;61.25;58.51
27/11/2014;58.58;58.5;59.5;58.25
28/11/2014;58.27;58.5;59.3;58.15
01/12/2014;57.69;58;58.18;57.45
02/12/2014;56.87;57.25;57.36;56.35
03/12/2014;56.27;55.91;56.55;55.9
04/12/2014;56.03;55.5;56.29;55.32
05/12/2014;55.51;55.6;55.75;55.4
08/12/2014;54.64;55.15;55.15;54.54
09/12/2014;55.36;53.95;55.65;53.8
10/12/2014;55.06;55.5;55.75;54.65
11/12/2014;54.24;54.62;54.62;54.2
12/12/2014;54.48;53.82;54.6;53.81
15/12/2014;53.67;54.45;54.45;53.55
16/12/2014;54.12;53.51;54.35;53.5
17/12/2014;53.91;54.63;55;53.81
18/12/2014;54.13;53.52;54.76;53.5
19/12/2014;53.56;54.11;54.11;53.44
22/12/2014;52.82;53;53.55;52.6
23/12/2014;53.12;52.6;53.75;52.31
24/12/2014;54.05;53.7;54.45;53.65
26/12/2014;54.05;54.05;54.05;54.05
29/12/2014;51.6;52.65;52.9;51.45
30/12/2014;50.28;50.6;50.6;50.09
31/12/2014;49.81;50.31;50.4;48.91
02/01/2015;47.99;49.81;49.81;47.75
05/01/2015;47.59;47.95;47.95;47.39
06/01/2015;46.28;48.15;48.3;45.95
07/01/2015;46.34;45.69;46.75;45.2
08/01/2015;46.23;46.2;47.25;46
09/01/2015;46.14;46;47.12;45.9
12/01/2015;46.86;46.99;47.45;46.55
13/01/2015;48.37;47.44;48.45;47.43
14/01/2015;48.66;48.34;49.5;48.34
15/01/2015;47.3;48.74;48.9;46.75
16/01/2015;45.75;47.14;47.14;45.57
19/01/2015;44.74;45.51;45.51;44.35
20/01/2015;44.56;44.1;44.92;44
21/01/2015;45.57;44.7;45.8;44.7
22/01/2015;45.07;45.25;45.92;44.7
23/01/2015;44.53;45.16;45.65;44.47
26/01/2015;44.82;45.29;45.6;44.55
27/01/2015;45.62;44.8;45.7;44.7
28/01/2015;46.36;46;46.55;45.84
29/01/2015;47.88;47.26;48;47.15
30/01/2015;45.86;46.59;46.85;45.35
02/02/2015;46.08;45.86;47.17;45.86
03/02/2015;45.79;45.9;46.25;45.62
04/02/2015;46.23;46.35;46.7;45.95
05/02/2015;48.35;46.29;48.85;45.95
06/02/2015;47.17;48.23;48.36;47.09
09/02/2015;47.39;47;50.48;46.28
10/02/2015;50.07;49.84;52.1;49.44
11/02/2015;51.47;50.5;53.18;50.25
12/02/2015;54.69;52;55.58;51.55
13/02/2015;53.12;55;55;53
16/02/2015;51.4;53.1;53.1;50.97
17/02/2015;50.96;50.5;51.13;50.16
18/02/2015;50.43;51.49;51.88;50.25
19/02/2015;48.5;50.25;50.33;48.35
20/02/2015;49.28;48.65;49.61;48.6
23/02/2015;48.3;49.24;49.43;47.89
24/02/2015;49.33;48;50.14;47.8
25/02/2015;51.32;49.45;52.1;49.3
26/02/2015;53.03;54;54.5;52.5
27/02/2015;50.03;50.35;50.75;49.7
02/03/2015;48.59;49.5;49.7;48.4
03/03/2015;47.73;48.08;48.19;47.5
04/03/2015;47.96;47.26;48.48;47.26
05/03/2015;46.58;47.74;48.65;45.61
06/03/2015;45.22;46;46;44.55
09/03/2015;47;45.65;47.1;45.6
10/03/2015;46.26;46.25;46.75;45.72
11/03/2015;47.23;46.25;47.55;46.15
12/03/2015;47.14;47.8;47.9;46.8
13/03/2015;46.55;46.51;47.06;46.32
16/03/2015;46.16;46.95;47.43;46.09
17/03/2015;46.17;46.21;46.52;45.76
18/03/2015;46.71;46.15;47.34;46.15
19/03/2015;46.36;46.55;46.8;46.02
20/03/2015;46.05;45.9;46.35;45.5
23/03/2015;46.14;45.5;46.39;45.25
24/03/2015;47;46.9;47.25;46.5
25/03/2015;46.78;47.35;47.45;46.62
26/03/2015;48.17;47.1;48.55;47.1
27/03/2015;48.16;48;49.05;47.69
30/03/2015;48.24;48.25;48.6;47.9
31/03/2015;45.89;46.41;46.52;45
01/04/2015;46.89;45.98;47.1;45.94
02/04/2015;47.14;48;48.66;46.89
06/04/2015;47.14;47.14;47.14;47.14
07/04/2015;46.01;46.82;46.82;45.6
08/04/2015;46.03;46.15;46.48;45.96
09/04/2015;46.47;46.38;46.95;46.38
10/04/2015;46.11;46;46.24;45.75
13/04/2015;46.42;46.06;46.76;45.6
14/04/2015;45.63;46.6;46.85;45.45
15/04/2015;45.97;45.59;46.06;45.59
16/04/2015;45.24;46.3;46.43;45.02
17/04/2015;44.4;45.25;45.27;44.3
20/04/2015;44.49;44.64;44.7;44.03
21/04/2015;45.04;44.75;45.14;44.49
22/04/2015;44.49;45.01;45.05;44.25
23/04/2015;44.03;44.1;44.34;43.83
24/04/2015;44.23;43.76;44.44;43.65
27/04/2015;43.88;44.5;44.95;43.8
28/04/2015;43.73;43.8;44;43.55
29/04/2015;44.05;43.65;44.1;43.53
30/04/2015;41.94;42.44;42.44;41.8
01/05/2015;41.86;41.85;42.18;41.5
04/05/2015;41.86;41.86;41.86;41.86
05/05/2015;42.41;41.38;42.47;41.3
06/05/2015;42.63;42.7;42.85;42.5
07/05/2015;42.25;42.75;42.94;42.15
08/05/2015;41.98;42.14;42.4;41.86
11/05/2015;43.03;42.03;43.24;42.03
12/05/2015;42.98;43;43.42;42.65
13/05/2015;43.16;43.1;43.56;42.63
14/05/2015;42.31;42.5;42.54;42.15
15/05/2015;42.57;42.6;42.82;42.4
18/05/2015;42.11;42.31;42.6;42.01
19/05/2015;41.86;41.6;42.07;41.6
20/05/2015;41.91;41.8;42.18;41.76
21/05/2015;41.64;42.01;42.01;41.6
22/05/2015;41.44;41.5;41.6;41.31
25/05/2015;41.44;41.44;41.44;41.44
26/05/2015;41.72;41.3;41.96;41.29
27/05/2015;41.91;41.7;42;41.52
28/05/2015;42.13;41.77;42.47;41.77
29/05/2015;41.89;41.95;42.14;41.65
01/06/2015;41.65;42.32;42.32;41.55
02/06/2015;42.26;41.9;42.47;41.76
03/06/2015;42.73;42.5;42.85;42.43
04/06/2015;42.47;42.8;43.03;42.44
05/06/2015;42.55;42.35;42.8;42.3
08/06/2015;43.53;42.75;43.67;42.75
09/06/2015;43.67;44;44;43.01
10/06/2015;43.43;43.8;43.92;43.34
11/06/2015;42.39;43.34;43.35;42.35
12/06/2015;42.3;42.4;42.58;42.14
15/06/2015;42.3;42.45;42.71;42.26
16/06/2015;42.61;42.35;42.71;42.35
17/06/2015;41.93;42.35;42.47;41.9
18/06/2015;42.26;41.65;42.4;41.6
19/06/2015;42.46;42.65;42.65;42.35
22/06/2015;43.73;42.2;43.9;42
23/06/2015;43.38;43.55;43.95;43.12
24/06/2015;43.27;43.05;43.37;42.96
25/06/2015;42.7;42.72;42.89;42.55
26/06/2015;42.36;42.7;42.89;42.35
29/06/2015;42.17;42.05;42.4;41.92
30/06/2015;42.13;41.73;42.3;41.7
01/07/2015;42.58;42.1;42.75;42.08
02/07/2015;43.18;42.7;43.3;42.48
03/07/2015;43.14;43.15;43.5;43.09
06/07/2015;42.86;43.15;43.31;42.75
07/07/2015;42.77;42.65;42.91;42.65
08/07/2015;43.13;42.79;43.41;42.66
09/07/2015;43.65;43.36;43.71;43.25
10/07/2015;43.98;43.51;44.25;43.51
13/07/2015;43.78;43.9;44.05;43.75
14/07/2015;43.26;43.95;44.16;43.21
15/07/2015;43.25;43.25;43.56;43.22
16/07/2015;43.36;43.25;43.65;43.25
17/07/2015;42.91;43.1;43.2;42.9
20/07/2015;43.2;43.17;43.33;42.79
21/07/2015;43.2;43.25;43.32;42.95
22/07/2015;42.32;42.9;42.95;42.25
23/07/2015;42.35;42.25;42.38;41.84
24/07/2015;42.01;42;42.2;41.95
27/07/2015;42.53;41.75;42.66;41.6
28/07/2015;42.86;42.49;43.08;42.39
29/07/2015;42.63;42.7;42.8;42.6
30/07/2015;42.84;42.6;43.1;42.6
31/07/2015;42.35;42.6;43;42.22
03/08/2015;41.67;41.93;41.93;41.57
04/08/2015;41.31;41.5;41.82;41
05/08/2015;40.72;40.67;40.89;40.45
06/08/2015;41.22;40.66;41.3;40.66
07/08/2015;40.66;40.94;41.08;40.55
10/08/2015;40.6;40.11;40.71;40.11
11/08/2015;40.84;40.85;41.2;40.79
12/08/2015;40.29;40.79;40.8;40.2
13/08/2015;40.09;40.3;40.5;40
14/08/2015;40.04;39.92;40.26;39.92
17/08/2015;39.5;39.5;39.7;39.35
18/08/2015;39.4;39.1;39.65;39.05
19/08/2015;39.01;39.26;39.5;38.9
20/08/2015;38.5;38.61;38.76;38.4
21/08/2015;38.78;38.3;39;38.3
24/08/2015;37.97;38.45;38.45;37.9
25/08/2015;38.58;37.9;38.78;37.75
26/08/2015;38.96;39.09;39.49;38.85
27/08/2015;39.47;39.1;39.8;39.1
28/08/2015;40.88;40.5;40.99;40.4
31/08/2015;40.88;40.88;40.88;40.88
01/09/2015;41.3;41.4;41.64;41.02
02/09/2015;41.52;41.4;41.8;41.25
03/09/2015;41.66;41.6;41.81;41.3
04/09/2015;41.4;41.61;41.74;41.35
07/09/2015;41.39;41.6;42.2;41.32
08/09/2015;41.18;41.05;41.4;40.98
09/09/2015;41.28;41.4;41.68;41.15
10/09/2015;41.38;41.4;41.5;41.14
11/09/2015;41.39;41.45;41.58;41.25
14/09/2015;41.31;41.7;41.8;41.23
15/09/2015;41.01;41.11;41.47;40.98
16/09/2015;41.41;40.85;41.5;40.85
17/09/2015;41.07;41.49;41.51;40.9
18/09/2015;40.64;40.85;41;40.45
21/09/2015;39.8;40.4;40.4;39.74
22/09/2015;40.35;39.46;40.44;39.46
23/09/2015;40.53;40.7;40.8;40.29
24/09/2015;40.18;40.3;40.35;40.1
25/09/2015;40.53;40.25;40.75;40.21
28/09/2015;40.05;40.21;40.3;39.92
29/09/2015;40.27;40.1;40.45;40.05
30/09/2015;41.7;41.94;41.94;41.6
01/10/2015;41.25;41.6;41.77;41.2
02/10/2015;41.1;41.07;41.22;40.85
05/10/2015;41.4;41.23;41.75;41.23
06/10/2015;42.34;41.4;42.66;41.17
07/10/2015;41.68;42.6;42.74;41.56
08/10/2015;41.99;41.91;42.15;41.6
09/10/2015;42.11;42.15;42.36;41.74
12/10/2015;41.18;41.5;41.5;41.11
13/10/2015;40.79;40.9;41.14;40.7
14/10/2015;40.35;40.45;40.65;40.25
15/10/2015;40.48;40.25;40.7;40.25
16/10/2015;40.36;40.4;40.5;40.1
19/10/2015;40.79;40.69;41.16;40.69
20/10/2015;40.35;40.7;40.98;40.17
21/10/2015;40.11;40.2;40.41;40.06
22/10/2015;39.85;39.97;40;39.7
23/10/2015;39.7;39.47;40.03;39.45
26/10/2015;39.14;41.31;39.8;38.86
27/10/2015;39.33;39.25;39.45;39.2
28/10/2015;39.36;39.4;39.51;39.13
29/10/2015;39.13;39.3;39.3;39.1
30/10/2015;39.45;39.85;39.9;39.4
02/11/2015;38.99;39.02;39.16;38.82
03/11/2015;39;39.4;39.4;38.71
04/11/2015;38.95;38.75;39.6;38.75
05/11/2015;38.73;38.75;39.05;38.72
06/11/2015;39.14;39;39.36;39
09/11/2015;38.17;39.76;39.76;38.14
10/11/2015;37.5;38.11;38.43;37.46
11/11/2015;37.1;37.48;37.65;36.97
12/11/2015;36.75;36.99;37.1;36.46
13/11/2015;36.9;36.99;37.36;36.83
16/11/2015;37.28;37.3;37.82;37.19
17/11/2015;37.95;37.9;38.6;37.15
18/11/2015;37.11;37.95;37.99;36.75
19/11/2015;37.3;36.77;37.7;36.56
20/11/2015;36.87;37.2;37.33;36.85
23/11/2015;36.98;36.52;37.04;36.46
24/11/2015;37.38;36.95;37.7;36.75
25/11/2015;37.61;37.35;37.75;37.1
26/11/2015;37.57;37.9;38;37.47
27/11/2015;37.33;37.5;37.65;37.13
30/11/2015;38.65;38.1;39.04;38
01/12/2015;39.28;38.45;39.63;38.26
02/12/2015;38.61;39.11;39.32;38.3
03/12/2015;38.04;38.25;38.51;37.93
04/12/2015;38.4;38.19;38.5;38.1
07/12/2015;36.97;38.34;38.34;36.95
08/12/2015;37.25;36.95;37.36;36.8
09/12/2015;36.66;36.96;36.96;36.61
10/12/2015;36.41;36.56;36.56;36.26
11/12/2015;35.9;36.25;36.34;35.74
14/12/2015;35.29;35.5;35.51;35.06
15/12/2015;35.51;35.11;35.6;35.06
16/12/2015;34.79;35.4;35.4;34.6
17/12/2015;34.52;34.2;34.65;33.95
18/12/2015;33.93;34.49;34.5;33.75
21/12/2015;33.48;33.76;33.77;33.32
22/12/2015;33.59;33.49;33.8;33.45
23/12/2015;32.73;33.51;33.52;32.54
24/12/2015;32.46;32.75;32.75;32.3
28/12/2015;32.46;32.46;32.46;32.46
29/12/2015;34.42;33;35.04;33
30/12/2015;33.48;34.51;34.51;33.48
31/12/2015;33.13;33.51;33.99;33.07
04/01/2016;32.81;33.02;33.38;32.5
05/01/2016;33.29;34;34.2;33.21
06/01/2016;34.32;33.8;34.9;33.8
07/01/2016;35.65;34.37;35.84;33.9
08/01/2016;34.07;35.4;35.4;33.7
11/01/2016;34.01;33.59;34.6;33.59
12/01/2016;32.56;33.14;33.14;32.41
13/01/2016;32.84;32.89;33.54;32.71
14/01/2016;31.95;32.85;32.85;31.9
15/01/2016;31.38;31.94;32.12;31.27
18/01/2016;31.54;31;31.68;30.9
19/01/2016;31.62;31.21;31.99;31.11
20/01/2016;30.39;31.25;31.25;30.22
21/01/2016;29.81;30.38;30.38;29.51
22/01/2016;31.11;30.5;31.48;30.1
25/01/2016;29.8;30.3;30.35;29.62
26/01/2016;30;29.35;30.3;28.95
27/01/2016;30.71;29.8;31.21;29.8
28/01/2016;31.58;31.5;32.32;31.25
29/01/2016;30.59;32.47;32.47;30.35
01/02/2016;29.39;30.55;30.55;29.31
02/02/2016;29.44;28.8;29.75;28.8
03/02/2016;29.57;29.46;29.85;29
04/02/2016;28.81;29.5;29.75;28.6
05/02/2016;28.74;28.5;29;28.46
08/02/2016;28.87;29.1;29.28;28.62
09/02/2016;29.04;28.99;29.48;28.68
10/02/2016;28.48;29;29.01;28.38
11/02/2016;28.39;28.5;28.71;28.35
12/02/2016;28.82;28.5;28.94;28.41
15/02/2016;28.44;29;29;28.25
16/02/2016;28.26;28.9;28.95;28.25
17/02/2016;28.53;28.17;28.7;28.11
18/02/2016;29.11;28.9;29.35;28.82
19/02/2016;29.09;28.82;29.4;28.78
22/02/2016;30.14;29.48;30.45;29.23
23/02/2016;29.96;30.25;30.46;29.91
24/02/2016;29.54;29.75;29.76;29.32
25/02/2016;29.23;29.5;29.75;29.2
26/02/2016;29.85;29.75;29.95;29.65
29/02/2016;29.34;29.25;29.55;29.15
01/03/2016;29.23;29.69;29.69;29.12
02/03/2016;28.98;29.35;29.63;28.91
03/03/2016;28.63;28.76;28.77;28.45
04/03/2016;27.93;28.67;28.75;27.89
07/03/2016;27.7;28.14;28.28;27.6
08/03/2016;28.23;27.76;28.62;27.75
09/03/2016;28.42;28.15;28.5;28.1
10/03/2016;27.98;28.55;28.59;27.85
11/03/2016;28.25;27.81;28.4;27.81
14/03/2016;28.3;28.35;28.56;28.1
15/03/2016;28.76;28.15;28.8;28.07
16/03/2016;28.61;28.99;29.05;28.59
17/03/2016;28.76;28.51;28.98;28.44
18/03/2016;28.83;29.19;29.27;28.52
21/03/2016;28.33;28.6;28.6;28.11
22/03/2016;28.55;28.44;28.62;28.33
23/03/2016;28.74;28.4;28.93;28.36
24/03/2016;29.07;28.74;29.18;28.74
28/03/2016;29.07;29.07;29.07;29.07
29/03/2016;29.07;28.7;29.16;28.65
30/03/2016;29.3;29.1;29.35;29.05
31/03/2016;28.02;27.8;28.09;27.6
01/04/2016;27.51;27.9;27.9;27.45
04/04/2016;26.77;27.27;27.27;26.65
05/04/2016;26.6;26.4;26.96;26.25
06/04/2016;27.01;26.93;27.09;26.75
07/04/2016;26.38;27.05;27.05;26.35
08/04/2016;26.64;26.54;26.73;26.4
11/04/2016;26.46;26.71;26.71;26.25
12/04/2016;26.67;26.5;26.85;26.5
13/04/2016;26.8;26.5;26.82;26.48
14/04/2016;26.57;26.79;26.8;26.52
15/04/2016;26.58;26.5;26.65;26.37
18/04/2016;27.01;26.32;27.26;26.3
19/04/2016;27.53;27.25;27.75;26.94
20/04/2016;27.71;27.33;28.03;27.2
21/04/2016;29.21;28.12;29.6;28.1
22/04/2016;30.32;29.87;30.37;28.67
25/04/2016;29.87;30.97;31;29.22
26/04/2016;32.17;30;32.5;29.92
27/04/2016;32.28;32.55;33;31.25
28/04/2016;29.37;31.95;31.95;29.22
29/04/2016;28.61;28.24;29.08;28.08
02/05/2016;28.61;28.61;28.61;28.61
03/05/2016;27.41;28.3;28.3;27.17
04/05/2016;28.07;27.4;28.18;27.15
05/05/2016;28.9;28.6;30.1;28.55
06/05/2016;29.18;29;29.49;28.52
09/05/2016;29.8;29.49;30.77;29.42
10/05/2016;29.31;29.8;29.8;28.8
11/05/2016;29.67;29.81;30.01;29.23
12/05/2016;29.34;30.5;30.9;29.21
13/05/2016;29.02;29.05;29.55;28.8
16/05/2016;29.9;28.8;30.05;28.8
17/05/2016;29.84;30.39;30.4;29.54
18/05/2016;29.41;29.6;29.7;29.35
19/05/2016;28.87;29.05;29.16;28.71
20/05/2016;29.32;29.25;29.46;29.05
23/05/2016;29.1;28.9;29.2;28.8
24/05/2016;28.95;29.19;29.35;28.81
25/05/2016;29.64;29.01;29.9;29.01
26/05/2016;30.45;30.09;30.9;29.95
27/05/2016;31.27;30.45;31.5;30.38
30/05/2016;31.03;31.03;31.03;31.03
31/05/2016;32.3;31.22;32.41;31.22
01/06/2016;32.54;32.23;32.72;31.81
02/06/2016;33.26;32.84;33.56;32.84
03/06/2016;33.06;33.25;33.3;32.6
06/06/2016;34;33.25;34.2;33.25
07/06/2016;34.17;34;34.4;33.5
08/06/2016;33.56;33.99;34.35;33.5
09/06/2016;33.1;34;34;32.8
10/06/2016;32.85;32.9;32.95;32.65
13/06/2016;32.73;32.85;32.87;31.98
14/06/2016;33.26;32.2;33.7;32.03
15/06/2016;33.75;33.6;34.53;33.1
16/06/2016;33.86;33;34.1;32.77
17/06/2016;34.23;34.3;34.41;33.8
20/06/2016;34.96;34.12;35.08;33.84
21/06/2016;34.09;34.8;35.05;33.8
22/06/2016;34.07;34.15;35.54;33.76
23/06/2016;33.26;34;34.25;33.2
24/06/2016;34.59;34;35;33.75
27/06/2016;34.2;34.65;35.15;34
28/06/2016;33.52;34.25;34.25;33.5
29/06/2016;33.76;33.64;34.02;33.55
30/06/2016;34.71;35.07;35.07;34.4
01/07/2016;34.69;34.1;35.17;34.1
04/07/2016;35.45;35;35.65;34.73
05/07/2016;35.02;35.2;35.45;34.59
06/07/2016;34.97;34.79;35.09;34.6
07/07/2016;35.55;35.33;35.8;35.24
08/07/2016;34.87;35.16;35.27;34.75
11/07/2016;34.66;34.75;34.8;34.5
12/07/2016;34.6;34.67;35.09;34.55
13/07/2016;34.5;34.55;34.78;34.43
14/07/2016;34.33;34.5;34.76;34.3
15/07/2016;33.24;34.2;35.03;32.41
18/07/2016;33.61;32.75;34.17;32.75
19/07/2016;34.52;33.7;34.56;33.7
20/07/2016;35.14;34.34;35.25;34.33
21/07/2016;35.99;35.25;36.31;35.25
22/07/2016;36.12;35.95;36.54;35.7
25/07/2016;36.85;35.8;37.15;35.8
26/07/2016;36.52;36.9;36.95;36.4
27/07/2016;36.37;36.05;36.7;35.9
28/07/2016;36.16;36.35;36.55;36
29/07/2016;36.62;37.1;37.13;36.5
01/08/2016;35.98;36.97;36.97;35.9
02/08/2016;35.35;35.97;36.11;35.09
03/08/2016;34.78;34.76;35.15;34.71
04/08/2016;35.05;34.75;35.24;34.7
05/08/2016;34.11;35.01;35.01;33.8
08/08/2016;33.31;33.99;34.16;33.1
09/08/2016;33.03;32.64;33.3;32.64
10/08/2016;33.26;32.9;34.22;32.89
11/08/2016;33.09;33;33.2;32.68
12/08/2016;31.78;33.09;33.2;31.5
15/08/2016;30.51;31.08;31.08;29.85
16/08/2016;30.88;30.52;31.25;30.39
17/08/2016;31.41;30.6;31.45;30.5
18/08/2016;30.84;31.2;31.5;30.05
19/08/2016;28.07;30.35;30.44;27.8
22/08/2016;29.3;28.72;29.88;28.72
23/08/2016;30.42;29.65;30.52;29.64
24/08/2016;28.68;29.89;29.89;28.58
25/08/2016;29.05;28.4;29.25;28.26
26/08/2016;29.57;28.8;29.75;28.8
29/08/2016;29.57;29.57;29.57;29.57
30/08/2016;28.82;29.62;29.62;28.72
31/08/2016;32.05;32.31;32.55;32
01/09/2016;31.81;31.8;31.95;31.3
02/09/2016;32.51;31.81;33.2;31.24
05/09/2016;31.91;33.2;33.55;31.77
06/09/2016;31.51;32.2;32.2;31.45
07/09/2016;30.4;31.49;31.49;30.25
08/09/2016;30.32;30.41;30.69;29.75
09/09/2016;30.3;30.21;30.69;29.89
12/09/2016;29.99;30.15;30.21;29.5
13/09/2016;30.96;30.05;31.56;30.05
14/09/2016;30.8;31.05;31.6;30.78
15/09/2016;32.59;30.8;33.01;30.8
16/09/2016;33.47;33.3;33.75;32.7
19/09/2016;34.98;33;35.17;33
20/09/2016;34.03;34.77;34.77;33.75
21/09/2016;34.74;33.83;35.19;33.55
22/09/2016;35.77;35.4;36.51;35.4
23/09/2016;37.02;35.1;37.37;34.99
26/09/2016;36.76;37.02;37.2;35.94
27/09/2016;34.96;36.41;36.71;34.71
28/09/2016;36.25;35;37.25;35
29/09/2016;37.05;37.4;37.95;36.85
30/09/2016;41;42.12;42.23;40.43
03/10/2016;42.04;41.84;43.5;41.77
04/10/2016;43.39;41.8;43.9;41.5
05/10/2016;43.98;44.5;44.83;43.81
06/10/2016;45.23;43.66;46.33;43.6
07/10/2016;44.81;45.9;46.3;44.72
10/10/2016;44.26;43.66;44.88;43.26
11/10/2016;43.31;44.44;44.53;42.94
12/10/2016;43.2;43;43.96;43
13/10/2016;44.17;43.9;44.86;43.9
14/10/2016;45.26;44.86;45.7;44.8
17/10/2016;46;45.36;46.49;45.25
18/10/2016;46.93;46.49;47;45.8
19/10/2016;46.85;47.6;47.71;46.26
20/10/2016;47.57;46.55;48.63;46.49
21/10/2016;46.91;47.29;47.4;46.55
24/10/2016;48.02;47.5;48.75;47.5
25/10/2016;49.1;48.24;49.34;48.24
26/10/2016;47.8;49.59;49.72;47.54
27/10/2016;48.73;47.53;49.06;47.43
28/10/2016;48.05;48.5;48.5;47.65
31/10/2016;50.92;50.49;51.3;50.47
01/11/2016;52.97;51.27;53.06;51.25
02/11/2016;54.75;52.5;55.05;52.39
03/11/2016;54.69;54.74;56.34;53.5
04/11/2016;51.94;53.05;53.36;51.4
07/11/2016;51.12;51.54;53;50.52
08/11/2016;50.42;50.05;50.7;49.5
09/11/2016;50.82;50.07;51.4;49.49
10/11/2016;50.98;51.5;51.65;50.3
11/11/2016;50.22;51.03;51.3;49.95
14/11/2016;48.73;49.99;50.02;48.5
15/11/2016;49.53;48.69;49.8;48.65
16/11/2016;48.21;49.61;50.12;47.8
17/11/2016;48.15;47.76;48.55;47.14
18/11/2016;48.85;48.5;49.5;48.14
21/11/2016;46.9;47.85;47.95;46.8
22/11/2016;47.37;47.8;47.89;47.04
23/11/2016;47.62;47.68;48.22;47.05
24/11/2016;47.68;46.81;47.85;46.65
25/11/2016;47.32;47.7;47.85;47.09
28/11/2016;48.36;47.15;48.52;47.14
29/11/2016;48.71;49.1;49.2;48.5
30/11/2016;49.5;49.01;49.6;47.91
01/12/2016;48.71;49;49.3;48
02/12/2016;46.91;48.14;48.24;46.45
05/12/2016;45.26;46.5;46.54;44.48
06/12/2016;43.3;45;45.39;43.1
07/12/2016;43.46;43.76;44.1;43.25
08/12/2016;43.7;43.25;44.2;42.35
09/12/2016;43.4;43.41;44.33;43.21
12/12/2016;44.82;43.79;44.9;43.79
13/12/2016;45.26;44.21;45.47;44.21
14/12/2016;45.02;45.02;45.33;44.48
15/12/2016;45.01;44.7;45.4;44.7
16/12/2016;46.02;44.84;46.41;44.7
19/12/2016;45.62;44.71;45.95;44.55
20/12/2016;46.12;45.36;46.64;45.36
21/12/2016;46.5;45.85;46.76;45.85
22/12/2016;48.45;46.75;49.11;46.75
23/12/2016;48.65;49.06;49.5;48.2
27/12/2016;48.65;48.65;48.65;48.65
28/12/2016;50.59;49.1;50.68;49.1
29/12/2016;51.51;50.7;52.4;50.7
30/12/2016;53.63;53.75;55;53.24
03/01/2017;49.45;52;52.01;49.1
04/01/2017;50.68;49.66;50.98;49.36
05/01/2017;50.69;50.31;51.64;50.15
06/01/2017;49.77;51;51.9;49.67
09/01/2017;51.89;51.25;52.33;51.17
10/01/2017;54.53;53.49;55.1;53.43
11/01/2017;55.99;55.2;56.2;54.3
12/01/2017;55.93;56.4;57.23;55.5
13/01/2017;55.08;54.75;55.85;54.21
16/01/2017;52.34;53.38;53.38;52.14
17/01/2017;52.74;52.35;53.65;51.9
18/01/2017;53.22;53.61;54.16;53.05
19/01/2017;53.61;54.07;55;53.45
20/01/2017;55.56;53.7;55.9;53.58
23/01/2017;56.78;56;57.5;55.1
24/01/2017;55.44;56;56.14;54.8
25/01/2017;52.81;54.25;54.5;52.6
26/01/2017;52.12;52.02;52.67;51.6
27/01/2017;51.38;52.14;52.14;51.24
30/01/2017;54.09;52.21;55;51.85
31/01/2017;55.19;55;56;54.7
01/02/2017;56.98;56.05;58.1;56.05
02/02/2017;58.35;57.45;59.42;57.02
03/02/2017;59.82;58.9;60.45;58.9
06/02/2017;58.94;59.8;60;57.75
07/02/2017;56.7;58;58;56.26
08/02/2017;53.35;56;56;52.98
09/02/2017;52.87;53.48;54.2;52.37
10/02/2017;51.79;52.05;52.23;51.17
13/02/2017;49.72;51.25;51.78;49.48
14/02/2017;48.91;49.66;50.48;48.68
15/02/2017;49.33;48.5;49.61;48.5
16/02/2017;49.94;49.75;50.45;49.75
17/02/2017;48.47;49.5;49.5;48
20/02/2017;48.49;48;49;48
21/02/2017;46.8;48.5;48.55;46.65
22/02/2017;46.46;46.78;47;45.69
23/02/2017;47.06;46.37;47.5;46.05
24/02/2017;45.81;46.21;46.25;45.3
27/02/2017;44.86;45.7;45.8;44.8
28/02/2017;43.5;44.95;45.28;43.4
01/03/2017;44.22;43.41;44.5;42.72
02/03/2017;43.14;43.91;44.4;43.1
03/03/2017;43.29;43;43.6;43
06/03/2017;42.98;43.63;43.63;42.15
07/03/2017;42.93;43.51;44.03;42.84
08/03/2017;42.32;42.75;42.75;41.9
09/03/2017;42.07;41.81;42.3;41.74
10/03/2017;42.39;42.2;43.24;41.9
13/03/2017;41.28;41.9;41.9;41.2
14/03/2017;41.78;41.74;42.2;41.55
15/03/2017;42.06;41.65;42.77;41.6
16/03/2017;41.53;41.8;42.3;41.44
17/03/2017;41.69;41.4;41.9;41.39
20/03/2017;40.98;41.5;41.56;40.84
21/03/2017;40.38;40.99;41.33;40.31
22/03/2017;40.27;40.05;40.36;39.76
23/03/2017;39.84;40.13;40.2;39.65
24/03/2017;38.87;39.36;39.36;38.75
27/03/2017;38.06;38.41;38.55;37.85
28/03/2017;38.69;38.3;39.1;37.95
29/03/2017;40.05;38.9;40.4;38.73
30/03/2017;40.9;40.65;41.05;39.35
31/03/2017;39.65;39.5;40.65;39.3
03/04/2017;40.06;39.25;40.66;39.25
04/04/2017;40.53;40.31;41.1;40.3
05/04/2017;40.82;40.31;41.06;40.3
06/04/2017;40.44;40.46;40.82;39.55
07/04/2017;39.4;40.2;40.8;39.01
10/04/2017;38.56;39.75;39.9;38.5
11/04/2017;38.37;38.35;38.75;38.17
12/04/2017;38.39;38.73;38.81;38.15
13/04/2017;38.51;38.81;38.9;38.46
17/04/2017;38.51;38.51;38.51;38.51
18/04/2017;39.46;39;39.55;38.45
19/04/2017;39.15;39.63;39.68;38.9
20/04/2017;39.03;38.66;39.36;38.66
21/04/2017;39.58;38.95;39.9;38.88
24/04/2017;39.77;39.61;40.4;39.52
25/04/2017;38.88;39.59;39.67;38.77
26/04/2017;39.4;38.99;39.65;38.93
27/04/2017;39.29;40;40.05;39.25
28/04/2017;38.16;37.66;38.64;37.65
01/05/2017;38.16;38.16;38.16;38.16
02/05/2017;39.4;38.38;39.57;38.38
03/05/2017;39.22;38.96;40;38.8
04/05/2017;37.91;38.84;38.88;37.59
05/05/2017;37.37;37.31;37.5;36.77
08/05/2017;36.28;37.6;37.99;36.06
09/05/2017;36;36;36.54;35.87
10/05/2017;36.22;35.94;36.79;35.94
11/05/2017;35.76;36.6;36.7;35.58
12/05/2017;35.97;35.66;36.05;35.35
15/05/2017;36.37;36.35;36.6;35.67
16/05/2017;36.4;36.6;36.65;36.05
17/05/2017;37.33;36.23;37.57;36.15
18/05/2017;37.66;37.46;37.79;37
19/05/2017;36.88;37.49;37.7;36.57
22/05/2017;36.65;36.37;36.74;35.61
23/05/2017;36.66;36.29;36.84;35.88
24/05/2017;36.42;36.94;37.04;36.3
25/05/2017;36.06;36.6;36.65;35.99
26/05/2017;36.55;35.99;36.75;35.8
29/05/2017;36.55;36.55;36.55;36.55
30/05/2017;37.27;36.2;37.35;36.2
31/05/2017;37.1;37.89;37.9;36.94
01/06/2017;36.64;37.38;37.5;36.56
02/06/2017;36.52;36.45;36.8;36.1
05/06/2017;36.51;36.49;37.28;36.29
06/06/2017;35.96;36.66;36.85;35.85
07/06/2017;36.02;35.75;36.25;35.75
08/06/2017;37.46;36.5;37.77;36.11
09/06/2017;36.74;38;38.25;36.64
12/06/2017;35.99;36.5;36.5;35.7
13/06/2017;35.19;35.98;35.99;35.1
14/06/2017;35.19;35.39;35.65;35.07
15/06/2017;34.33;35.2;35.2;34.08
16/06/2017;34.47;34.45;34.71;34.42
19/06/2017;34.9;34.51;35.25;34.51
20/06/2017;35.64;35;36.05;35
21/06/2017;35.71;36.25;36.37;35.66
22/06/2017;35.49;35.88;36;35.29
23/06/2017;35.6;35.28;35.9;35.19
26/06/2017;36.55;35.88;36.9;35.88
27/06/2017;37.62;36.61;37.75;36.61
28/06/2017;37.75;37.52;37.97;37.15
29/06/2017;36.6;38;38.25;36.3
30/06/2017;36.2;36.55;36.8;36.08
03/07/2017;37.94;36.79;38.09;36.51
04/07/2017;36.8;37.52;37.76;36.7
05/07/2017;36.78;36.71;37.15;36.69
06/07/2017;36.79;37.15;37.15;36.32
07/07/2017;36.17;36.21;36.4;35.98
10/07/2017;35.15;35.77;35.77;35.07
11/07/2017;34.49;34.65;34.95;34.17
12/07/2017;33.91;34.62;34.76;33.86
13/07/2017;33.93;33.8;34.2;33.15
14/07/2017;33.72;33.88;34.24;33.35
17/07/2017;35.66;33.82;35.91;33.48
18/07/2017;35.14;35.63;36.01;35.06
19/07/2017;34.81;34.65;35;34.47
20/07/2017;36.6;35.2;36.82;35.2
21/07/2017;36.76;36.93;37.43;36.36
24/07/2017;36.23;36.55;36.65;36.17
25/07/2017;36.53;36.26;36.99;35.87
26/07/2017;38.49;37;38.72;36.96
27/07/2017;38.48;38.36;38.7;38.03
28/07/2017;38.56;38.5;38.85;38.2
31/07/2017;39.5;39.72;40.31;39.4
01/08/2017;38.28;39.4;39.4;38.16
02/08/2017;38.6;37.91;38.95;37.75
03/08/2017;39.09;38.66;39.52;38.4
04/08/2017;39.92;39.15;40.17;39.15
07/08/2017;41.59;40.4;41.76;40.4
08/08/2017;40.86;41.4;41.4;40.63
09/08/2017;41.77;41.3;42.15;41
10/08/2017;42.42;41.71;42.99;41.61
11/08/2017;43.1;41.9;43.31;41.9
14/08/2017;42.61;42.78;43.1;41.7
15/08/2017;41.59;41.9;42.4;41.45
16/08/2017;43.25;41.85;43.5;41.85
17/08/2017;43.51;43.5;44;43.07
18/08/2017;43.59;43.4;44.12;43.35
21/08/2017;43.87;44.47;44.93;43.59
22/08/2017;44.07;43.67;44.28;43.32
23/08/2017;44.85;43.77;45.24;43.4
24/08/2017;44.81;45;45.3;44.46
25/08/2017;44.45;44.5;45.02;44.2
28/08/2017;44.45;44.45;44.45;44.45
29/08/2017;45.5;44;45.7;44
30/08/2017;45.41;45.8;46.4;45.4
31/08/2017;44.91;44.91;45.58;44.5
01/09/2017;44.58;44.64;45.42;44.48
04/09/2017;44.94;44.4;45.04;44.35
05/09/2017;45.63;45.47;45.84;45.31
06/09/2017;45.46;45.3;45.8;45.21
07/09/2017;45.59;46.01;46.01;45.25
08/09/2017;45.25;45.35;45.68;45.2
11/09/2017;46.42;45.19;46.52;45.15
12/09/2017;45.83;46.71;46.76;45.5
13/09/2017;46.02;45.75;46.32;45.57
14/09/2017;46.47;46.3;47.32;46.09
15/09/2017;44.99;46;46.37;44.87
18/09/2017;44.89;45.2;45.5;44.8
19/09/2017;45.35;44.66;45.78;44.66
20/09/2017;44.55;46;46.12;44.45
21/09/2017;44.08;44.4;45.04;43.95
22/09/2017;43.75;43.59;44.35;43.53
25/09/2017;46.16;43.9;46.35;43.9
26/09/2017;45.98;45.96;46.69;45.34
27/09/2017;46.32;46;46.4;45.02
28/09/2017;46.45;46;47.8;45.85
29/09/2017;47.32;49.04;49.16;47.15
02/10/2017;48.22;47.55;48.92;47.55
03/10/2017;49.24;48.05;49.3;47.75
04/10/2017;49.07;48.69;49.6;48.65
05/10/2017;50.13;49.45;50.54;48.9
06/10/2017;50.02;49.56;50.5;49.45
09/10/2017;50.23;50.4;50.6;49.99
10/10/2017;49.79;50.3;50.4;49.61
11/10/2017;49.8;49.69;50.6;49.65
12/10/2017;49.27;49.16;49.6;48.9
13/10/2017;49.19;49.16;49.58;49.11
16/10/2017;49.9;49.25;50;49.1
17/10/2017;49.79;49.6;50.3;49.6
18/10/2017;50.57;49.81;50.68;49.7
19/10/2017;49.96;50.64;50.93;49.73
20/10/2017;48.91;50.16;50.5;48.7
23/10/2017;48.38;49.44;49.9;48.32
24/10/2017;48.3;48.75;48.75;48.1
25/10/2017;48.66;48.8;49.05;48.57
26/10/2017;48.25;48.29;48.95;48.2
27/10/2017;47.85;48.49;48.5;47.76
30/10/2017;47.6;48;48.3;47.6
31/10/2017;50.38;50;50.61;50
01/11/2017;51.1;50.4;51.35;50.4
02/11/2017;51.96;51.23;52.11;50.86
03/11/2017;50.89;51.58;51.6;50.64
06/11/2017;52.67;50.51;52.85;50.51
07/11/2017;53.48;52.84;54;52.66
08/11/2017;53.81;54;54.6;53.2
09/11/2017;54.51;54.31;55.05;54.2
10/11/2017;54.83;54.51;55.21;53.64
13/11/2017;55.68;54.86;55.79;54.55
14/11/2017;53.8;54.71;54.85;53.5
15/11/2017;52.76;53.32;53.4;52.38
16/11/2017;53.27;52.8;53.75;52.7
17/11/2017;52.27;52.46;52.7;52.2
20/11/2017;53.92;52.7;54;52.7
21/11/2017;54.82;54.34;54.91;54.33
22/11/2017;54.2;54.82;55.16;54.1
23/11/2017;55.46;54.2;55.9;54.2
24/11/2017;57.72;55.71;57.83;55.71
27/11/2017;57.96;57.65;58.65;57.25
28/11/2017;56.59;57.26;57.4;55.85
29/11/2017;56.3;55.25;56.45;55.25
30/11/2017;56.7;56.85;57.25;56.22
01/12/2017;58.42;56.89;58.5;56.89
04/12/2017;59.42;59.28;61.03;59.28
05/12/2017;59.83;59.89;60.36;59.35
06/12/2017;59.04;59.4;59.58;58.43
07/12/2017;59.7;58.75;59.81;58.45
08/12/2017;58.1;58.74;58.74;57.32
11/12/2017;59.81;58.4;63.05;57.21
12/12/2017;66.31;63.24;73.7;62.5
13/12/2017;60.33;65.81;66.86;60.1
14/12/2017;62.37;59.75;63.1;58.35
15/12/2017;61.37;61.5;62.61;60.49
18/12/2017;59.92;60.56;60.59;59.15
19/12/2017;58.96;59.2;59.33;58.6
20/12/2017;60.22;59.5;60.49;58.61
21/12/2017;58.78;59.79;60.01;58.3
22/12/2017;56.85;58.3;58.38;56.04
26/12/2017;56.85;56.85;56.85;56.85
27/12/2017;54.97;56;56;54.8
28/12/2017;56.32;55.05;56.75;54.85
29/12/2017;56.43;57;57;55.55
02/01/2018;55.25;56;56.46;54.6
03/01/2018;54.69;54.7;54.95;54.01
04/01/2018;54.24;54.69;55;53.9
05/01/2018;52.91;53.67;53.67;52.65
08/01/2018;53.09;52.77;53.67;52.75
09/01/2018;54.42;53.25;54.95;53.25
10/01/2018;54.75;54.49;55.35;53.7
11/01/2018;54.38;54.49;54.9;54.13
12/01/2018;55.97;54.65;56.72;54.65
15/01/2018;53.84;54.55;54.55;53.49
16/01/2018;53;53.99;54.15;52.64
17/01/2018;51.01;52.3;52.3;50.88
18/01/2018;50.11;50.68;50.85;49.39
19/01/2018;50.13;50.27;50.8;50.01
22/01/2018;51.35;50.15;51.75;49.64
23/01/2018;49.98;51.2;52.06;49.65
24/01/2018;48.53;50;50;48.2
25/01/2018;48.59;48.15;49.22;47.66
26/01/2018;49.14;49.75;50.05;49
29/01/2018;48.21;50.47;50.5;47.86
30/01/2018;47.63;48.6;48.6;47.6
31/01/2018;48.95;48;49.34;48
01/02/2018;50.22;50.13;51.48;49.5
02/02/2018;50.03;50.5;50.67;49.85
05/02/2018;48.62;50.37;50.37;48.4
06/02/2018;49.85;48.78;50.31;47.6
07/02/2018;51.57;50.64;52.65;50.64
08/02/2018;49.18;50.75;51;48.7
09/02/2018;50.18;49.25;50.28;48.82
12/02/2018;50.29;49.49;50.51;48.98
13/02/2018;51.93;51;52.43;50.81
14/02/2018;51.1;51.5;51.8;50.63
15/02/2018;49.7;51.1;51.1;49.43
16/02/2018;51.22;49.85;51.62;49.85
19/02/2018;53.87;52.37;54.25;52.37
20/02/2018;55.18;55;55.49;53.95
21/02/2018;55.44;55.2;55.99;54.5
22/02/2018;55.89;54.97;56.51;54.65
23/02/2018;57.7;56.5;58.93;56.5
26/02/2018;51.2;54.11;54.45;50.95
27/02/2018;52.67;51.43;53.2;50.07
28/02/2018;46.67;46.85;47.8;46.25
01/03/2018;47.04;47;48.47;46.31
02/03/2018;48.66;46.75;49;46.34
05/03/2018;47.4;48.05;48.05;46.64
06/03/2018;48.27;46.8;48.39;46.74
07/03/2018;48.07;47.16;48.45;47.15
08/03/2018;49.43;47.87;49.85;47.6
09/03/2018;51.21;49.45;51.67;49.25
12/03/2018;53.57;53.73;56.5;53.01
13/03/2018;52.64;53.72;54.12;52.02
14/03/2018;49.54;51.31;51.71;49.4
15/03/2018;50.69;50.25;51.51;49.59
16/03/2018;50.09;51.15;51.15;49.76
19/03/2018;49.86;50.52;50.74;49.74
20/03/2018;51.02;50.8;51.46;50.48
21/03/2018;51.39;52.2;52.26;51.25
22/03/2018;50.53;51.39;51.39;49.37
23/03/2018;48.78;50.07;50.07;48.64
26/03/2018;47.17;48.2;48.2;46.95
27/03/2018;49.17;46.6;49.26;46.6
28/03/2018;48.63;48.87;49.58;48.3
29/03/2018;47.36;46.8;47.95;46.8
02/04/2018;47.36;47.36;47.36;47.36
03/04/2018;46.92;47.19;47.19;46.04
04/04/2018;47.18;46.95;47.51;46.72
05/04/2018;46.97;47.4;47.4;46.59
06/04/2018;46.87;46.4;47.42;46.28
09/04/2018;48.14;46.55;48.42;46.41
10/04/2018;48.56;48.88;49;48.2
11/04/2018;49.95;48.72;50.35;48.45
12/04/2018;49.25;49.8;50.15;49.15
13/04/2018;50.35;49.5;50.6;49.5
16/04/2018;49.61;50.9;50.9;48.8
17/04/2018;48.67;48.4;49.7;48.25
18/04/2018;49.98;48.45;50.12;48.26
19/04/2018;51;50.58;51.82;50.29
20/04/2018;51.31;51.5;52.3;50.75
23/04/2018;51.62;50.25;52.1;50.25
24/04/2018;50.6;50.75;51.63;50.51
25/04/2018;51.19;50.25;51.65;50.2
26/04/2018;52.02;51.3;52.2;51.25
27/04/2018;52.63;51.3;52.8;51.2
30/04/2018;53.09;52.27;53.22;51.6
01/05/2018;51.68;53;53.14;51.63
02/05/2018;50.53;51.5;52.47;50.25
03/05/2018;50.59;50.52;51.3;50.15
04/05/2018;52.28;51.5;52.55;50.8
07/05/2018;52.28;52.28;52.28;52.28
08/05/2018;52.37;52.5;53.6;51.95
09/05/2018;52.66;53.3;53.89;52.5
10/05/2018;53.04;52.67;53.57;52.4
11/05/2018;53.89;53.4;54.19;53
14/05/2018;54.78;53.77;54.99;53.6
15/05/2018;54.63;54.81;55.75;53.55
16/05/2018;54.37;53.5;54.85;53.38
17/05/2018;56;54.5;56.25;54.5
18/05/2018;55.46;55.85;56.19;55.3
21/05/2018;56.52;55.46;56.76;54.99
22/05/2018;58.31;56.61;58.51;56.47
23/05/2018;57.56;57.58;57.95;56.86
24/05/2018;57.22;58;58.45;56.75
25/05/2018;55.17;56.75;56.77;54.62
28/05/2018;55.17;55.17;55.17;55.17
29/05/2018;57.62;55.57;57.82;55.57
30/05/2018;59;57.5;59.2;57.5
31/05/2018;57.56;59.2;59.32;56.69
01/06/2018;55;56.4;57.17;54.61
04/06/2018;55.79;55.3;56.61;55.3
05/06/2018;54.28;55.6;56.8;53.69
06/06/2018;53.9;54.17;55.2;53.76
07/06/2018;55.15;54.2;55.44;53.9
08/06/2018;54.34;55;55.57;54.25
11/06/2018;53.78;54.34;54.34;53.38
12/06/2018;55.07;54.28;55.3;53.85
13/06/2018;56.84;55;57;55
14/06/2018;56.45;56.25;58.09;55.7
15/06/2018;54.35;56.36;56.4;54
18/06/2018;55.34;54.5;55.51;53.8
19/06/2018;53.68;55.17;55.17;52.97
20/06/2018;52.45;53.52;54.13;52.32
21/06/2018;52.47;52.45;52.92;51.74
22/06/2018;53.51;52.5;53.74;52.5
25/06/2018;52.69;53.5;53.5;52.45
26/06/2018;52.16;52;52.95;51.8
27/06/2018;54.26;53.6;54.6;53.4
28/06/2018;53.71;54.6;54.8;53.5
29/06/2018;55.24;55.7;55.8;55.02
02/07/2018;56.61;55;57.12;54.8
03/07/2018;57.02;57.59;57.99;56.73
04/07/2018;57.29;57.3;57.7;56.95
05/07/2018;57.97;57.5;58.51;56.65
06/07/2018;57.68;57.75;58.25;57.5
09/07/2018;59.32;58.05;59.45;57.85
10/07/2018;58.92;59.73;59.82;58.71
11/07/2018;58.38;58.8;58.8;57.65
12/07/2018;56.39;57.62;57.75;55.93
13/07/2018;57.65;56.91;57.99;56.67
16/07/2018;56.92;57.6;58.67;56.7
17/07/2018;56.81;56.41;57.2;56.39
18/07/2018;57.94;56.3;58.05;56.3
19/07/2018;57.97;58;58.65;57.35
20/07/2018;57.14;57.87;58.2;56.91
23/07/2018;57.73;57.5;58.09;57.48
24/07/2018;58.01;57.5;58.1;57.35
25/07/2018;58.04;58.5;58.55;57.83
26/07/2018;57.74;57.55;57.86;57.35
27/07/2018;57.28;57.75;57.75;57.05
30/07/2018;58.34;57.25;58.45;57.25
31/07/2018;58.55;58.73;58.85;58.3
01/08/2018;57.83;57.9;58.12;57.49
02/08/2018;57.93;57.72;58.5;57.5
03/08/2018;58.77;58.25;58.95;58.01
06/08/2018;59.54;58.28;59.85;58.28
07/08/2018;59.9;59.5;60.6;59.5
08/08/2018;60.27;60;61.13;59.95
09/08/2018;60.35;59.75;60.85;59.55
10/08/2018;60.41;59.75;60.81;59.7
13/08/2018;62.1;61.05;62.19;61
14/08/2018;62.37;62.38;63.23;62.1
15/08/2018;61.59;62.36;62.55;61.36
16/08/2018;62.74;61.85;63.39;61.85
17/08/2018;63.68;63;64;63
20/08/2018;63.97;63.36;64;62.7
21/08/2018;64.46;64.65;65.28;64.2
22/08/2018;64.66;64.74;65.56;64.57
23/08/2018;65.94;64.8;66.11;64.8
24/08/2018;66.52;65.94;66.8;65.8
27/08/2018;66.52;66.52;66.52;66.52
28/08/2018;68.08;67.9;68.68;67.69
29/08/2018;69.21;67.8;69.8;67.5
30/08/2018;69.52;70;70.51;69
31/08/2018;67.79;68.97;69.49;67.68
03/09/2018;69.55;67.75;70.13;67.75
04/09/2018;70.52;70.45;71.82;70.25
05/09/2018;71.18;71;71.8;70.05
06/09/2018;72.39;71.98;72.91;71.98
07/09/2018;73.41;72.22;74.49;72.21
10/09/2018;76.14;73.4;76.32;73.31
11/09/2018;75.33;75.71;76.5;73.46
12/09/2018;71.92;73.9;74.04;71.6
13/09/2018;69.86;71.25;72.56;69.11
14/09/2018;70.19;68.54;71.89;67.9
17/09/2018;72.91;70;73.5;70
18/09/2018;71.18;72.6;73;70.91
19/09/2018;73.5;71.5;74.16;71.13
20/09/2018;74.52;74;76.22;73.49
21/09/2018;76.5;75;77.3;74
24/09/2018;77.71;78.4;79.55;77.6
25/09/2018;77.68;77.88;78.75;76.25
26/09/2018;75.13;76.9;76.9;74.37
27/09/2018;72.63;73.75;74.5;72.2
28/09/2018;75.06;76.78;77.17;74.87
01/10/2018;75.12;74.71;76.1;72.6
02/10/2018;74.19;76.5;77.72;73.86
03/10/2018;73.92;74.19;75.02;73
04/10/2018;74.47;74.7;75.47;73.65
05/10/2018;75.33;74.85;75.65;73.55
08/10/2018;73.07;75;75.25;73
09/10/2018;71.93;73.26;73.7;71.42
10/10/2018;70.13;72;72;69.91
11/10/2018;69.13;68.3;69.88;68.25
12/10/2018;72.22;68.75;72.37;68.75
15/10/2018;72.28;72.37;74.08;71.25
16/10/2018;70.6;71.65;71.99;70.35
17/10/2018;69.7;70;71;68.54
18/10/2018;69.85;70.25;71.1;69.24
19/10/2018;72.56;69.55;72.77;69.55
22/10/2018;70.53;71.02;71.5;70.23
23/10/2018;69.3;69.5;69.6;68.35
24/10/2018;68.02;69;70.2;67.9
25/10/2018;67.31;67.4;67.9;66.78
26/10/2018;65.27;66.99;67.1;64.93
29/10/2018;67.16;65.17;67.31;65.1
30/10/2018;64.88;65.95;66.15;64.5
31/10/2018;68.18;68.6;69.86;67.57
01/11/2018;65.72;67.47;67.48;65.61
02/11/2018;67.55;66.19;67.78;65.26
05/11/2018;65.83;65.75;66.4;65.2
06/11/2018;66.04;65.36;66.16;64.91
07/11/2018;67.32;66.6;67.96;66.5
08/11/2018;67.02;68.3;69.2;66.67
09/11/2018;67.1;68;68.5;66.6
12/11/2018;71.44;70;72.05;70
13/11/2018;72.72;71.98;73.12;70.65
14/11/2018;72.16;73.02;73.5;71.73
15/11/2018;74.6;72.9;74.77;72.25
16/11/2018;72.27;74.84;75;71.54
19/11/2018;66.91;67.5;67.9;66.34
20/11/2018;66.83;66.9;67.66;66.47
21/11/2018;67.32;66.35;67.52;65.7
22/11/2018;67.05;66.5;67.22;65.21
23/11/2018;67.61;66;68.52;66
26/11/2018;66.07;67.5;67.5;65.05
27/11/2018;68.14;66.03;68.35;66.03
28/11/2018;64.76;66.2;66.25;64.32
29/11/2018;66.26;64.5;66.46;64.5
30/11/2018;67.54;67.95;68.13;67.35
03/12/2018;68.77;70.64;70.64;68
04/12/2018;66.95;68;68.2;66.62
05/12/2018;64.8;66.75;67.61;64.43
06/12/2018;62.97;63.61;63.92;62.73
07/12/2018;63.3;62.6;63.8;61.51
10/12/2018;64.46;63.3;64.65;63.3
11/12/2018;65.25;64.7;65.5;64.41
12/12/2018;66.05;64.75;67.2;64.75
13/12/2018;66.53;66.99;67.7;66.4
14/12/2018;67.95;66.85;68.21;66.85
17/12/2018;68.03;67.71;68.75;67.25
18/12/2018;65.53;66.75;66.93;65.36
19/12/2018;67.24;66.4;67.85;66.11
20/12/2018;68.64;67.95;69.3;66.72
21/12/2018;69.05;68.85;69.16;68.09
24/12/2018;67.34;69.05;69.05;66.31
26/12/2018;67.34;67.34;67.34;67.34
27/12/2018;64.36;66.8;66.8;64.2
28/12/2018;62.63;65;65.6;62.4
31/12/2018;61.07;62.87;62.91;60.2
02/01/2019;62.16;60.72;62.65;60
03/01/2019;61.81;62.75;62.75;61.2
04/01/2019;63.55;62.4;63.84;62.16
07/01/2019;59.26;61.75;61.75;58.75
08/01/2019;60.73;59.52;61.5;59.52
09/01/2019;60.03;61.3;62.1;59.65
10/01/2019;59.87;60.5;61.11;59.15
11/01/2019;61.39;60.25;62.44;60.25
14/01/2019;59.3;62;62;59.18
15/01/2019;60.61;60.25;61;59.8
16/01/2019;60.15;61.75;61.95;60
17/01/2019;62.97;61.5;63.3;61.5
18/01/2019;61.79;63.25;63.25;61.33
21/01/2019;59.29;59.6;59.95;58.5
22/01/2019;59.26;59.5;59.75;58.89
23/01/2019;60.19;59.99;60.55;59.71
24/01/2019;57.57;58.75;58.98;57.5
25/01/2019;56.04;57;57;55.25
28/01/2019;55.2;55.3;55.5;54.56
29/01/2019;55.13;53.96;55.95;53.7
30/01/2019;54.06;55;56;54.01
31/01/2019;51.52;52.5;52.5;51.15
01/02/2019;50.07;51;51;49.87
04/02/2019;50.66;48.5;50.8;48.2
05/02/2019;50.48;51;51.2;49.8
06/02/2019;49.88;49.7;50.93;49.7
07/02/2019;49.81;51;51.5;49.49
08/02/2019;48.05;49.27;49.27;48
11/02/2019;47.81;47.25;48.05;46.66
12/02/2019;46.98;47.5;48.25;46.55
13/02/2019;47.62;46.07;48;46.06
14/02/2019;47.07;47.75;48.42;46.99
15/02/2019;47.64;47;47.88;46.84
18/02/2019;45.78;47.87;47.9;45.7
19/02/2019;46.33;45.76;46.98;45.46
20/02/2019;47.42;46.33;47.89;46.15
21/02/2019;45.66;47;47;45.35
22/02/2019;44.9;45.1;45.53;44.6
25/02/2019;44.08;44.34;44.61;43.64
26/02/2019;43.76;43.5;44.76;43.5
27/02/2019;44.89;44;45.31;44
28/02/2019;44.11;44.17;44.4;43.23
01/03/2019;43.07;43.6;43.85;42.94
04/03/2019;43.14;42.5;43.5;42.5
05/03/2019;42.84;43.5;44;42.77
06/03/2019;42.08;42.36;42.61;42
07/03/2019;41.85;41.39;42.45;41.35
08/03/2019;41.95;41.75;42.35;41.72
11/03/2019;41.57;41.52;42.2;41.5
12/03/2019;40.73;41.38;41.63;40.41
13/03/2019;39.26;40.55;40.55;39.05
14/03/2019;38.8;39.3;39.61;38.75
15/03/2019;37.58;38.75;39;37.11
18/03/2019;37.26;37.29;38;37
19/03/2019;37.28;38.4;38.5;37.14
20/03/2019;38.07;36.9;38.4;36.42
21/03/2019;37.11;37.75;38.1;36.97
22/03/2019;36.25;36.95;36.95;35.91
25/03/2019;35.56;35.76;36.66;35.49
26/03/2019;35.78;35.79;36.76;35.45
27/03/2019;37.47;36.98;37.53;36.29
28/03/2019;36.05;36.75;37.59;35.75
29/03/2019;34.61;34.77;34.95;34
01/04/2019;33.34;34.6;34.6;33.05
02/04/2019;32.15;32.72;33;32.06
03/04/2019;33.98;31.6;34.63;31.55
04/04/2019;35.83;34.2;36;33.23
05/04/2019;41.09;36.5;41.75;36.5
08/04/2019;39.14;40.34;42.43;38.31
09/04/2019;41.46;39.48;41.81;39.2
10/04/2019;38.12;42.5;43.41;37.85
11/04/2019;39.14;38.15;39.85;37.26
12/04/2019;38.52;39.14;39.53;37.95
15/04/2019;36.09;37.25;37.86;35.75
16/04/2019;35.68;36;36.31;35.25
17/04/2019;36.66;36.34;37.3;35.25
18/04/2019;34.41;37.5;38;34.29
22/04/2019;34.41;34.41;34.41;34.41
23/04/2019;34.34;35.35;35.15;32.84
24/04/2019;33.87;34.39;34.75;33.75
25/04/2019;34.36;33.8;34.86;33.65
26/04/2019;33.9;34.88;35;33.35
29/04/2019;34.07;33.75;35;33.75
30/04/2019;33.66;33.5;34.18;32.88
01/05/2019;32.59;33;33;32.05
02/05/2019;33.38;33.25;34.02;32.82
03/05/2019;33.99;33.28;34.34;33.04
06/05/2019;33.99;33.99;33.99;33.99
07/05/2019;32.39;33.1;33.6;31.86
08/05/2019;33.19;31.7;33.85;31.6
09/05/2019;33.75;33.8;34.67;33.28
10/05/2019;32.54;33.5;34.1;32.5
13/05/2019;32.15;31.75;32.53;31.4
14/05/2019;32.24;31.25;32.56;31.25
15/05/2019;32.63;32.2;32.82;31.53
16/05/2019;31.23;32.06;32.15;30.48
17/05/2019;29.83;30.3;31.09;29.72
20/05/2019;30.6;31;31.3;30.47
21/05/2019;30.15;30.4;30.62;29.54
22/05/2019;30.35;30.55;31.02;30.2
23/05/2019;30.43;30.1;30.65;29.64
24/05/2019;29.93;29.54;30.49;29.5
27/05/2019;29.93;29.93;29.93;29.93
28/05/2019;30.42;30.53;30.65;30
29/05/2019;29.93;30.24;30.7;29.75
30/05/2019;28.28;30;30;28.25
31/05/2019;27.57;28;28.34;27.5
03/06/2019;26.76;27.86;27.86;26.03
04/06/2019;29.18;26.56;29.48;26.56
05/06/2019;28.61;29.35;29.6;27.86
06/06/2019;27.38;27.8;28.38;27
07/06/2019;28.59;27.5;28.87;27.5
10/06/2019;29.71;28.5;29.9;28.5
11/06/2019;27.85;29.45;30;27.75
12/06/2019;27.92;27.5;28.23;27.2
13/06/2019;28.51;28.5;29.56;28.1
14/06/2019;28.31;28.35;28.89;27.87
17/06/2019;29.31;28.8;29.49;28.18
18/06/2019;27.82;29.29;29.4;27.65
19/06/2019;26.55;27.95;27.95;26.42
20/06/2019;26.27;26.71;27.15;25.88
21/06/2019;27.15;26;27.6;25.44
24/06/2019;26.93;26.96;27.85;26.28
25/06/2019;25.1;25.8;26.2;24.94
26/06/2019;25.11;24.49;25.4;24.25
27/06/2019;24.18;24.95;24.95;23.59
28/06/2019;25.65;25.06;26.13;24.64
01/07/2019;26.48;25.2;27.29;25
02/07/2019;26.12;26.75;28.54;26.05
03/07/2019;26.5;26.54;27.15;25.87
04/07/2019;27.02;26.2;27.57;26.2
05/07/2019;29.59;26.7;30.4;26.5
08/07/2019;31.41;30;31.95;29.06
09/07/2019;31.28;32;33.74;29.89
10/07/2019;32.51;29.99;33.89;29.99
11/07/2019;35.26;33.29;35.42;32.98
12/07/2019;35.83;34.1;36.28;33.39
15/07/2019;34.97;37.43;38;34.19
16/07/2019;31.38;34.19;34.75;30.93
17/07/2019;30.04;30.9;31.69;29.54
18/07/2019;29.08;30.5;30.5;28.86
19/07/2019;29.09;29.29;30.1;28.33
22/07/2019;27.48;28.5;29.7;27.33
23/07/2019;29.57;26.74;30.1;26.74
24/07/2019;27.64;29.5;29.5;27.54
25/07/2019;27.67;27.5;28.7;27.5
26/07/2019;27.52;27.5;28.02;27.3
29/07/2019;27.45;27;28.34;27
30/07/2019;27.93;27;28.3;27
31/07/2019;29.76;29.3;31.7;29.3
01/08/2019;33.46;30.1;35;29.5
02/08/2019;32.72;33.5;35.75;31.93
05/08/2019;31.52;32.9;33.2;31.14
06/08/2019;30.33;31.25;31.25;30.13
07/08/2019;31.6;30.5;31.8;30.07
08/08/2019;33.88;31.48;34.5;30.84
09/08/2019;33.99;34.5;34.75;32.86
12/08/2019;32.27;33.1;34.75;31.99
13/08/2019;33.64;32.5;34.13;32.4
14/08/2019;31.64;32.81;32.91;31.45
15/08/2019;31.37;31.75;32.2;31.13
16/08/2019;30.48;#N/D;#N/D;#N/D
19/08/2019;30.03;30.15;31;29.7
20/08/2019;31.5;30.34;31.95;30.34
21/08/2019;32.01;31.2;32.88;31.19
22/08/2019;30.63;31.8;32.35;30.5
23/08/2019;29.84;#N/D;#N/D;#N/D
26/08/2019;29.84;29.84;29.84;29.84
27/08/2019;28.27;29;29.19;28.1
28/08/2019;28.77;29.04;29.48;28.69
29/08/2019;30.07;29.05;30.4;29.04
30/08/2019;33.03;33.5;35.17;32.71
02/09/2019;30.57;32;32.15;30.5
03/09/2019;31.54;30.4;31.98;30.25
04/09/2019;30.88;31.75;32;30.76
05/09/2019;31.57;30.78;31.89;30.35
06/09/2019;31.96;31.9;32.2;31.15
09/09/2019;31.43;32.49;32.95;31.37
10/09/2019;37.28;31;38.38;31
11/09/2019;37.04;37.3;39.1;34.68
12/09/2019;37.52;35.5;38.4;35.35
13/09/2019;38.15;38.55;41.65;37.45
16/09/2019;39.69;40;40.42;37.75
17/09/2019;35.11;39;39.17;34.14
18/09/2019;32.47;34;34;32.08
19/09/2019;32.16;33.25;34.9;31.91
20/09/2019;33.3;32.7;33.7;32.11
23/09/2019;32.26;31.42;32.5;31.5
24/09/2019;32.19;32.6;33.15;32.07
25/09/2019;30.92;31.75;32.25;30.74
26/09/2019;30.65;31;31.34;30.5
27/09/2019;30.65;31.2;32.1;30.26
30/09/2019;43.18;43.93;44.5;42.8
01/10/2019;44.4;42.25;44.5;42
02/10/2019;42.32;43.2;43.5;42.2
03/10/2019;42.08;42.02;43.3;41.74
04/10/2019;41.9;43;43.9;41.67
07/10/2019;41.18;40.95;41.61;40.16
08/10/2019;41.97;41.51;42.13;41.3
09/10/2019;41.87;42;42.86;41.15
10/10/2019;42.55;42.49;42.81;41.55
11/10/2019;42.13;43;43.25;41.45
14/10/2019;42.37;41.87;43;41.76
15/10/2019;41.75;42.3;43.08;41.61
16/10/2019;41.73;41.51;42.43;41.5
17/10/2019;41.74;41.52;41.88;40.91
18/10/2019;41.61;42.2;42.36;41.21
21/10/2019;40.35;41.5;42.38;40.17
22/10/2019;40.68;40.95;42;40.38
23/10/2019;40.33;40.23;40.72;39.87
24/10/2019;41.13;39.6;41.36;39.34
25/10/2019;39.95;41.1;41.1;39.8
28/10/2019;37.24;39.5;39.5;37.15
29/10/2019;35.85;37.75;37.8;35.7
30/10/2019;36.09;35.8;36.85;35.25
31/10/2019;42.64;42.67;43;41.65
01/11/2019;42.82;43;43.36;42.45
04/11/2019;43.61;43.5;44.1;42.63
05/11/2019;44.4;44;44.95;43.75
06/11/2019;43.08;43.6;43.62;42.83
07/11/2019;42.5;43.19;43.3;42.29
08/11/2019;41.94;42.85;42.85;41.53
11/11/2019;41.56;42.24;42.65;41.42
12/11/2019;40.76;41.72;41.9;40.48
13/11/2019;40.33;40.34;40.7;39.9
14/11/2019;40.59;40.32;41.36;40.1
15/11/2019;41.03;40.63;41.21;40.22
18/11/2019;39.75;40.31;40.36;39.65
19/11/2019;40.06;39.65;40.34;39.5
20/11/2019;40.81;40.11;40.94;39.9
21/11/2019;40.99;41;41.5;40.9
22/11/2019;42.2;41.54;42.66;41.5
25/11/2019;42.51;42.99;43.5;42.45
26/11/2019;41.56;42.3;42.3;41.48
27/11/2019;41.92;41.05;42.35;41.05
28/11/2019;40.84;41.75;41.95;40.65
29/11/2019;42.76;42.9;44.16;42.47
02/12/2019;41.27;42.2;42.2;41.16
03/12/2019;41.17;41.1;41.34;40.93
04/12/2019;41.03;40.66;41.1;40.22
05/12/2019;40.01;40.5;40.68;39.63
06/12/2019;39.05;39.49;39.58;38.75
09/12/2019;38.28;38.35;38.52;37.78
10/12/2019;37.46;37.5;37.6;36.71
11/12/2019;36;37.65;37.7;35.63
12/12/2019;38.14;35.27;38.31;35.27
13/12/2019;35.17;37.59;37.65;34.73
16/12/2019;35.46;34.88;36.28;34.77
17/12/2019;37.56;36.16;37.82;36
18/12/2019;38.81;37.6;40.48;37.1
19/12/2019;39.08;39.85;40.1;37.5
20/12/2019;37.12;37.5;37.5;35.91
23/12/2019;34.2;35.05;35.66;34
24/12/2019;33.12;33;33.6;32.75
26/12/2019;33.12;33.12;33.12;33.12
27/12/2019;33.13;33.5;34.18;32.9
30/12/2019;31.84;32.75;33.1;31.75
31/12/2019;31.07;32.93;32.93;30.91
02/01/2020;31.03;32.29;32.52;30.87
03/01/2020;33.07;31.44;33.58;31.05
06/01/2020;31.18;34.4;34.42;30.91
07/01/2020;30.24;30.83;30.84;29.93
08/01/2020;30.46;30.15;30.63;29.88
09/01/2020;31.03;30.3;31.32;29.81
10/01/2020;30.45;31.25;31.5;30.28
13/01/2020;31.34;31.5;31.86;31.06
14/01/2020;29.18;31.05;31.05;29.11
15/01/2020;29.05;28.9;29.55;28.65
16/01/2020;28.83;29.5;29.7;28.61
17/01/2020;28.31;28.25;28.8;28.15
20/01/2020;27.35;27.58;27.93;27.11
21/01/2020;27.85;27.2;28.43;27.2
22/01/2020;26.81;27.6;27.76;26.69
23/01/2020;26.77;26.85;26.9;26.31
24/01/2020;27.12;26.72;27.54;26.72
27/01/2020;27.32;27.26;27.6;27.15
28/01/2020;28.14;27.49;28.4;27.47
29/01/2020;26.66;27.81;27.81;26.42
30/01/2020;25.34;26;26.15;25.21
31/01/2020;24.18;24.33;24.81;23.86
03/02/2020;22.83;25.32;24.2;22.7
04/02/2020;23.02;22.64;23.35;22.35
05/02/2020;22.79;22.73;23.11;22.39
06/02/2020;22.4;22.65;22.82;21.8
07/02/2020;22.13;22.07;22.61;22.03
10/02/2020;20.86;21.76;21.76;20.74
11/02/2020;20.52;20.62;21.01;20.32
12/02/2020;20.69;20.49;21.41;20.49
13/02/2020;20.75;20.7;20.91;19.89
14/02/2020;20.86;20.54;21.35;20.19
17/02/2020;22.16;21.83;22.65;20.46
18/02/2020;22.33;22.59;23.05;21.84
19/02/2020;23.04;22.25;23.38;21.7
20/02/2020;23.14;23.06;23.86;22.74
21/02/2020;22.92;24.05;24.05;22.5
24/02/2020;22.58;23.04;23.17;22.4
25/02/2020;22.54;22.62;22.8;22.2
26/02/2020;23.06;22.27;23.2;22.01
27/02/2020;22.93;22.65;23.48;22.59
28/02/2020;21.7;21;22.08;20.77
02/03/2020;22.38;22.57;22.74;21.75
03/03/2020;23.2;22.25;23.58;22.25
04/03/2020;22.39;22.74;22.88;22
05/03/2020;22.35;22.6;22.6;21.86
06/03/2020;21.85;22.15;22.27;21.69
09/03/2020;21.62;21.5;21.9;20.55
10/03/2020;23.01;21.98;23.35;21.97
11/03/2020;24.18;23.4;24.4;22.85
12/03/2020;24.03;23.12;24.5;23.05
13/03/2020;23.98;24.2;25.19;23.7
16/03/2020;22.97;23.03;23.9;22.75
17/03/2020;22.36;23.15;23.15;22.14
18/03/2020;22.16;21.99;22.47;21.8
19/03/2020;23.16;22.4;23.43;22.4
20/03/2020;22.24;23.16;23.39;22
23/03/2020;21.62;21.6;22.1;21.5
24/03/2020;21.59;21.8;22.27;21.24
25/03/2020;20.65;21.75;21.75;20.4
26/03/2020;19.85;20.25;20.36;19.3
27/03/2020;18.46;18.81;18.9;18.27
30/03/2020;17;17.7;17.98;16.8
31/03/2020;16.33;16.71;17.34;16.24
01/04/2020;16.04;16;16.35;15.99
02/04/2020;16.28;17;17.7;15.99
03/04/2020;16.22;16;16.56;15.93
06/04/2020;16.98;16.14;17.25;15.95
07/04/2020;17.08;16.96;18.05;16.93
08/04/2020;16.87;17.57;17.57;16.83
09/04/2020;16.86;17;17.46;16.58
13/04/2020;16.86;16.86;16.86;16.86
14/04/2020;15.52;16.5;16.78;15.4
15/04/2020;14.68;15.47;15.65;14.62
16/04/2020;15.2;14.87;15.79;14.79
17/04/2020;15.36;16;16;15
20/04/2020;13.8;14.6;15;13.46
21/04/2020;13.99;14;14.48;12.72
22/04/2020;14.43;13.86;15.16;13.36
23/04/2020;13.82;14.18;14.35;13.57
24/04/2020;12.76;13.55;13.6;12.72
27/04/2020;13.14;12.75;13.55;12.7
28/04/2020;13.83;13.06;14.01;13
29/04/2020;13.24;13.8;14.2;13.15
30/04/2020;13.87;14.02;14.4;13.75
01/05/2020;13.28;15.09;15.09;13.14
04/05/2020;13.81;13.8;14.16;13.3
05/05/2020;13.59;13.96;14.05;13.43
06/05/2020;13.67;13.66;14;13.41
07/05/2020;13.98;14.13;14.33;13.65
08/05/2020;13.98;13.98;13.98;13.98
11/05/2020;13.29;13.53;13.82;13.04
12/05/2020;12.2;13.01;13.12;12.1
13/05/2020;12.01;12.69;12.7;11.9
14/05/2020;12.53;12.2;12.6;12.19
15/05/2020;12.59;12.71;12.98;12.25
18/05/2020;11.53;12.51;12.95;11.25
19/05/2020;11.17;11.41;11.64;11.1
20/05/2020;10.78;11.25;11.68;10.45
21/05/2020;9.27;10.35;10.37;9
22/05/2020;9.46;9.15;10.17;8.09
25/05/2020;9.46;9.46;9.46;9.46
26/05/2020;9.82;10.76;12.04;9.6
27/05/2020;8.88;9.1;9.71;8.75
28/05/2020;8.34;9;9.26;8.27
29/05/2020;9.63;8.75;10;8.75
01/06/2020;8.79;9.3;9.37;8.38
02/06/2020;10.91;9.5;11.13;9.48
03/06/2020;12.15;10.87;12.79;10.59
04/06/2020;12.79;12.49;13.12;11.23
05/06/2020;13.89;12.75;14.35;12.21
08/06/2020;12.76;12.94;14;12.35
09/06/2020;11.64;12.36;12.75;11.51
10/06/2020;11.86;11.56;12.12;11.3
11/06/2020;12.71;12;12.95;11.64
12/06/2020;13.96;12.54;14.15;12.54
15/06/2020;14.34;13.65;14.99;13.49
16/06/2020;13.21;14.45;14.54;13.11
17/06/2020;13.34;13.1;13.82;12.65
18/06/2020;14.03;13.8;14.14;13.54
19/06/2020;14.42;14.12;14.68;13.99
22/06/2020;13.83;14.53;14.53;13.7
23/06/2020;15;14.15;15.3;14.12
24/06/2020;14.64;15.22;15.55;14.28
25/06/2020;13.63;14.4;14.48;13.5
26/06/2020;13.92;13.45;14.18;13.33
29/06/2020;15.97;13.99;16.15;13.99
30/06/2020;16.22;16.8;17.4;15.9
01/07/2020;15.72;15.91;16.5;15.34
02/07/2020;15.37;15.49;15.55;14.82
03/07/2020;15.11;15.11;15.3;14.79
06/07/2020;15.23;15.3;15.8;15.15
07/07/2020;15.53;15.3;16;15.15
08/07/2020;15.07;15.6;15.68;14.86
09/07/2020;14.51;15.06;15.06;14.45
10/07/2020;13.67;14.45;14.45;13.27
13/07/2020;12.38;13.52;13.92;12.26
14/07/2020;12.93;12.69;13.26;12.37
15/07/2020;13.61;13.17;14.27;13.17
16/07/2020;12.99;13.21;13.3;12.76
17/07/2020;13.42;13.01;13.68;13
20/07/2020;12.21;13.21;13.21;12.12
21/07/2020;12.71;12.95;13.17;12.62
22/07/2020;13.05;12.59;13.28;12.57
23/07/2020;13.7;13.38;13.92;13.3
24/07/2020;13.59;14;14;13.33
27/07/2020;12.91;13.6;13.66;12.8
28/07/2020;13.19;13.14;13.3;12.84
29/07/2020;13.72;13.33;13.96;13.33
30/07/2020;13.46;13.6;14.18;13.2
31/07/2020;15.64;16.09;16.1;15.48
03/08/2020;18.19;15.17;18.76;14.56
04/08/2020;19.79;18.45;20.14;18.45
05/08/2020;19.95;19.55;20.32;19.42
06/08/2020;21.61;20.23;21.7;20.11
07/08/2020;21.82;20.9;22.78;20.58
10/08/2020;20.9;22.25;22.97;20.71
11/08/2020;20.57;20.72;22.29;20.45
12/08/2020;20.15;20;20.98;19.66
13/08/2020;20.31;20.5;20.97;20.17
14/08/2020;22.01;20.7;22.9;20.37
17/08/2020;22.48;22.7;23.6;22.21
18/08/2020;23.51;22.42;24.23;22.3
19/08/2020;22.99;24.12;24.9;22.69
20/08/2020;22.58;22.89;23.2;22.34
21/08/2020;21.05;22.1;22.12;20.59
24/08/2020;23.22;21.6;23.52;21.5
25/08/2020;24.61;23.4;24.79;22.93
26/08/2020;25.1;24.65;26.27;24.65
27/08/2020;24.33;25.3;25.83;24.2
28/08/2020;28.95;27.35;29.33;27.2
31/08/2020;28.95;28.95;28.95;28.95
01/09/2020;29.11;29.25;30.51;29
02/09/2020;28.5;29.02;29.3;27.76
03/09/2020;30.19;29;30.68;28.85
04/09/2020;30.31;30.49;31.39;30.18
07/09/2020;29.27;30.52;30.52;29.05
08/09/2020;28.13;29.5;29.92;27.96
09/09/2020;28.03;27.5;28.83;27.5
10/09/2020;27.7;28.36;28.36;27.16
11/09/2020;27.78;27.5;28;27.41
14/09/2020;28.38;27.85;28.65;27.85
15/09/2020;28.97;28.95;29.45;28.67
16/09/2020;29.74;29.45;30.25;29.45
17/09/2020;29.14;29.8;30.4;29
18/09/2020;30.36;29.4;30.54;28.84
21/09/2020;30.45;30.49;31.65;30.24
22/09/2020;31.19;30.21;31.54;29.74
23/09/2020;32.27;31.45;32.43;31.45
24/09/2020;31.39;32.13;32.53;31.2
25/09/2020;31.91;31;32.24;30.63
28/09/2020;34.02;32.99;34.16;32.59
29/09/2020;34.26;34;35.5;33.51
30/09/2020;37;37.63;38.05;36.32
01/10/2020;36.71;39;39.03;36.31
02/10/2020;36.25;36.05;36.5;35.24
05/10/2020;37.62;37.2;37.75;36.88
06/10/2020;37.25;37;37.46;36.84
07/10/2020;38.59;36.99;38.75;36.99
08/10/2020;38.7;38.6;39.35;38.32
09/10/2020;38.3;39;39;38.01
12/10/2020;38.52;37.59;38.82;37.12
13/10/2020;37.83;38.6;38.6;37.5
14/10/2020;38.84;38.07;39.33;37.98
15/10/2020;39.99;39.47;40.2;38.98
16/10/2020;40.94;39.77;41.31;39.75
19/10/2020;41.4;40.75;42.17;40.7
20/10/2020;42.06;41.51;42.3;40.54
21/10/2020;41.63;41.7;41.96;41.2
22/10/2020;43.22;41.64;43.56;41.28
23/10/2020;43.62;43;44.5;42.98
26/10/2020;42.2;43.9;43.9;41.6
27/10/2020;42.13;41.88;42.65;40.9
28/10/2020;41.48;42;42.15;41.25
29/10/2020;40.91;41.3;41.3;40.15
30/10/2020;41.5;42.75;42.75;41.05
02/11/2020;40;40.26;40.4;39.41
03/11/2020;39.29;40.09;40.44;39.17
04/11/2020;39.8;39.82;40.24;39.06
05/11/2020;41.37;40.32;41.77;40.29
06/11/2020;39.98;40.87;40.87;39.84
09/11/2020;39.72;39.75;40.72;39.21
10/11/2020;39.53;40;40;38.88
11/11/2020;39.8;39.55;40.5;39.5
12/11/2020;39.65;39.86;40.14;39.29
13/11/2020;40.27;39.85;40.57;39.85
16/11/2020;41.19;40.7;41.65;40.5
17/11/2020;39.38;40.56;40.58;39.12
18/11/2020;38.4;38.96;39.5;37.94
19/11/2020;36.84;38.5;38.51;36.62
20/11/2020;36.21;36.85;36.85;35.47
23/11/2020;37.97;35.12;38.62;37.5
24/11/2020;39.04;37.5;39.28;37.49
25/11/2020;39.48;39.48;40.44;39.02
26/11/2020;39.62;39.49;40.35;39
27/11/2020;41.68;40.8;42.1;40.8
30/11/2020;43.67;43.2;44.18;43.16
01/12/2020;43.26;44;44.89;42.7
02/12/2020;43.62;42.4;44.09;41.94
03/12/2020;41.2;43.43;43.43;40.8
04/12/2020;42.57;41.19;42.93;41.19
07/12/2020;42.11;41.5;42.36;40.83
08/12/2020;42.15;41.7;42.75;41.3
09/12/2020;42.34;41.4;42.76;41.2
10/12/2020;45.15;43.25;45.49;43.25
11/12/2020;46.35;45.55;46.55;44.6
14/12/2020;48.17;47.2;49.3;46.42
15/12/2020;49.55;49;50;48.3
16/12/2020;47.21;49.71;49.71;46.58
17/12/2020;45.67;47.2;47.61;45.5
18/12/2020;45.97;45.07;46.4;45.05
21/12/2020;49.1;46;49.38;46
22/12/2020;51.62;50.25;52.18;49.88
23/12/2020;50.89;51.83;52.72;50.3
24/12/2020;51.07;49.75;51.45;49.68
28/12/2020;51.07;51.07;51.07;51.07
29/12/2020;55.51;54.29;56.24;54.29
30/12/2020;55.82;56.45;57.1;55.41
31/12/2020;56.4;56.48;57.3;56
04/01/2021;59.45;56.5;61.07;56.5
05/01/2021;54.02;56.7;57.05;53.75
06/01/2021;52.95;54.02;55.54;51.96
07/01/2021;58.08;54.5;58.52;54.48
08/01/2021;60.69;61;61.76;59.64
11/01/2021;66.3;63.76;68.04;63.28
12/01/2021;77.43;67;83.5;67
13/01/2021;65.16;75;75;63.23
14/01/2021;63.15;68;69.08;59.87
15/01/2021;59.35;60;60.64;58.44
18/01/2021;54.86;55.71;56.86;54.47
19/01/2021;57.77;55.5;58.35;55.48
20/01/2021;57.44;59.95;61.06;56.48
21/01/2021;56.57;55.51;58.51;55.46
22/01/2021;60.15;57.99;60.4;57.99
25/01/2021;56.55;62.5;62.5;55.55
26/01/2021;54.1;54.5;55.94;53.18
27/01/2021;54.09;53.15;54.3;52.18
28/01/2021;58.24;56.7;58.65;56
29/01/2021;53.15;56.24;56.93;52
01/02/2021;48.24;51;51.12;47.42
02/02/2021;48.64;48;49.44;47.96
03/02/2021;47.23;47.49;47.49;45.74
04/02/2021;47.64;47;48.55;46.78
05/02/2021;48.17;48.35;49.9;47.71
08/02/2021;53.11;51.75;55;51.75
09/02/2021;49.73;49.53;50.68;48.75
10/02/2021;47.91;49.7;49.82;47.11
11/02/2021;44.43;47;47.01;44.3
12/02/2021;44.85;43.75;45.44;43.4
15/02/2021;41.58;43.93;43.93;41.48
16/02/2021;42.49;41.6;43.67;41.18
17/02/2021;41.81;43.5;43.89;41.51
18/02/2021;44.04;42.49;44.74;42.25
19/02/2021;42.1;44.49;45.15;41.95
22/02/2021;40.03;41.32;41.5;39.76
23/02/2021;40.66;40.25;41.18;40.15
24/02/2021;41.18;40.6;41.3;40.2
25/02/2021;40.29;41.18;41.58;40.05
26/02/2021;39.79;40.2;40.3;39.1
01/03/2021;40.92;40.2;41.5;40.16
02/03/2021;40.51;41.19;41.22;40.08
03/03/2021;38.79;40.06;40.08;38.6
04/03/2021;39.83;39.01;40.03;38.96
05/03/2021;41.25;39.94;42.09;38.96
08/03/2021;40.4;42.09;42.1;40.32
09/03/2021;42.78;41.4;42.98;41.35
10/03/2021;44.89;43.5;45.22;43.5
11/03/2021;46.58;45.12;46.87;44.14
12/03/2021;47.5;46;47.76;45.38
15/03/2021;45.29;46.5;48.48;44.94
16/03/2021;44.05;44.7;45.25;43.1
17/03/2021;45.17;44.2;45.59;42.94
18/03/2021;44.51;46.3;46.49;43.6
19/03/2021;43.1;43.25;43.85;42.86
22/03/2021;45.73;43.59;46;42.81
23/03/2021;46.67;45.5;46.76;44.72
24/03/2021;47.45;47.09;48.27;46.07
25/03/2021;47.25;47.15;48.06;47
26/03/2021;48.39;47.42;48.94;47.4
29/03/2021;47;47.3;47.72;46.43
30/03/2021;48.2;46.75;48.8;46.68
31/03/2021;46.8;46.6;47.69;46.24
01/04/2021;47.21;47.12;47.8;46.27
05/04/2021;47.21;#N/D;#N/D;#N/D
06/04/2021;48.97;48.48;49.18;48.35
07/04/2021;47.96;48.7;49.07;47.58
08/04/2021;47.2;48;48.48;47.14
09/04/2021;46.86;48;48.21;46.62
12/04/2021;49.14;48.3;49.51;47.84
13/04/2021;48.6;48.84;49.8;48.24
14/04/2021;48.88;49.1;49.52;48.64
15/04/2021;50.39;49.7;50.65;49.3
16/04/2021;51.15;51;52.4;50.64
19/04/2021;52.48;52;53.1;51.85
20/04/2021;52.82;52;53.64;51.52
21/04/2021;52.82;52.82;53.29;52.2
22/04/2021;53.86;53.25;54.71;53
23/04/2021;50.72;52.15;52.55;49.4
26/04/2021;51.64;51.25;52.33;51.25
27/04/2021;54.8;51.5;55.79;51.3
28/04/2021;54.98;55.5;56.9;54.7
29/04/2021;57.89;55.5;58.11;55.5
30/04/2021;60.24;59.24;60.6;58.57
03/05/2021;60.24;#N/D;#N/D;#N/D
04/05/2021;59.57;61.25;62.72;59.1
05/05/2021;61.7;59.5;61.79;59.5
06/05/2021;62.25;61.36;63.74;61.36
07/05/2021;61.23;62.69;62.69;60.7
10/05/2021;64.05;63;64.2;62.99
11/05/2021;65.62;62.15;65.99;62.15
12/05/2021;66.76;66.3;67.04;65.09
13/05/2021;66.92;64.34;67.25;63.9
14/05/2021;68.71;68;68.91;67.3
17/05/2021;67.23;68.45;68.45;65.34
18/05/2021;63.2;65.02;65.78;62.39
19/05/2021;57.73;60;61.72;57.25
20/05/2021;62.49;58.6;62.6;58.6
21/05/2021;62.74;63.16;64.68;61.71
24/05/2021;62.39;62.75;63.12;61.52
25/05/2021;66.14;63.3;66.83;63.29
26/05/2021;66.34;67;67.97;65.54
27/05/2021;62.87;64;65.61;62
28/05/2021;60.68;60.51;61.76;59.82
31/05/2021;60.68;#N/D;#N/D;#N/D
01/06/2021;63.77;63.36;64.69;63.17
02/06/2021;62.63;63;63.78;61.61
03/06/2021;62.68;63.57;64.16;62.46
04/06/2021;62.71;63.05;63.74;61.55
07/06/2021;64.45;62.6;65.25;62.27
08/06/2021;67.74;66.66;68.1;66.65
09/06/2021;69.29;68;69.55;67.75
10/06/2021;70.28;68.92;70.61;66.6
11/06/2021;67.6;68.75;70;67.21
14/06/2021;70.23;69.32;71.5;69.25
15/06/2021;68.87;69.3;70.25;68.2
16/06/2021;68.41;68.97;70.41;67.59
17/06/2021;68.88;67.65;70.06;67.13
18/06/2021;71.83;70.99;72.96;70.17
21/06/2021;72.54;73.9;74.3;71.55
22/06/2021;74.95;73;75.59;73
23/06/2021;76.9;75.68;77.34;74.2
24/06/2021;78.81;76.75;78.92;76.75
25/06/2021;79.88;78.8;80.01;78.45
28/06/2021;79.6;79.32;80.15;78.63
29/06/2021;82.79;80.1;83.85;80
30/06/2021;85.87;83.41;86.9;83.14
01/07/2021;89.58;88;91.9;88
02/07/2021;88.94;88.62;91.66;86
05/07/2021;93.22;89.5;94.68;89.5
06/07/2021;83.54;94.58;94.58;80.61
07/07/2021;79.23;81.5;89.2;79
08/07/2021;82.15;79.63;83.93;76.69
09/07/2021;90.02;85.6;90.66;85.6
12/07/2021;84.73;91.36;91.43;84.02
13/07/2021;87.09;84.73;88.14;83.2
14/07/2021;85.29;84.47;86.4;81.62
15/07/2021;83.13;82.29;85.25;82.06
16/07/2021;85.48;82.75;87.56;82.75
19/07/2021;88.38;88.16;91.49;87.98
20/07/2021;87.65;86.54;88.45;84.85
21/07/2021;89.68;87.45;90.4;87
22/07/2021;89.68;89.49;90.5;88.19
23/07/2021;88.44;88.75;89.31;87.38
26/07/2021;92.99;89.11;93.44;89.11
27/07/2021;95.79;94;96.37;94
28/07/2021;100.87;97.5;101.66;97.5
29/07/2021;104.6;101.22;104.89;101.22
30/07/2021;103.75;105.92;106.09;100.72
02/08/2021;107.38;106.37;109;106.37
03/08/2021;104.59;107;107.5;104.45
04/08/2021;106.92;106.93;107.17;105
05/08/2021;108.56;105;108.75;104.32
06/08/2021;108.04;110.25;111.5;107.27
09/08/2021;107.28;108.04;109.25;106.6
10/08/2021;111.55;110.92;112.11;110.5
11/08/2021;114.46;112.12;116.35;111.29
12/08/2021;113.77;115.69;115.69;112.64
13/08/2021;110.89;113.29;113.37;110.62
16/08/2021;119.06;113.99;119.34;113.73
17/08/2021;116.65;117.22;119.26;115.49
18/08/2021;111.61;116.04;118.47;103.05
19/08/2021;99.74;110;110.67;98.8
20/08/2021;104.76;101;105.9;100.98
23/08/2021;103.21;105.3;108.64;100.93
24/08/2021;111.3;107.22;113.5;107
25/08/2021;113.33;114.6;115;111.8
26/08/2021;115.1;111.99;115.5;110.5
27/08/2021;120.97;117;121.3;117
30/08/2021;122.61;#N/D;#N/D;#N/D
31/08/2021;127.71;124;129.2;122.94
01/09/2021;127.75;130.3;134.5;126.04
02/09/2021;132;129.65;133.59;126.99
03/09/2021;130.45;133;133.51;130.24
06/09/2021;134.11;132.05;135.41;130.73
07/09/2021;136.44;131.8;137.45;130.7
08/09/2021;139.66;137.2;140.4;135.44
09/09/2021;142.15;140.71;144;138.4
10/09/2021;145.52;141.07;145.94;139.41
13/09/2021;153.26;148.5;155.89;148.28
14/09/2021;164.95;153.01;167.07;153.01
15/09/2021;177.3;167.99;194.94;163.15
16/09/2021;158.38;160.85;174.52;150.3
17/09/2021;162.8;157.5;167.73;157.14
20/09/2021;189.65;165.5;190.26;165.5
21/09/2021;186.1;188.45;191.5;179.44
22/09/2021;181.11;180.56;183.5;174.75
23/09/2021;174.49;177.05;177.59;170.24
24/09/2021;175.95;172;179.64;169.06
27/09/2021;190.38;177.32;194;177
28/09/2021;195.38;206.71;213.09;194.46
29/09/2021;215.1;210;217;204.6
30/09/2021;251.18;232.06;256;224.31
01/10/2021;241.26;241.04;251.34;236.24
04/10/2021;245.87;242.06;255.52;236.48
05/10/2021;293.91;261;305.94;259
06/10/2021;273.45;303.09;407.82;255.72
07/10/2021;245.51;274.67;285.94;209
08/10/2021;222.21;267;271.38;210.96
11/10/2021;216.58;213.02;238;210
12/10/2021;217.12;216.92;223.83;207.95
13/10/2021;235.75;234.5;238.5;228.5
14/10/2021;257.61;246.18;259.04;244.21
15/10/2021;234.36;256.99;258.1;221.07
18/10/2021;237.32;212.32;270.9;212.32
19/10/2021;225.91;218.43;240.74;218.43
20/10/2021;233.81;239.99;239.99;230.1
21/10/2021;221.4;232.24;235;218.26
22/10/2021;219.22;223.73;229;217.16
25/10/2021;223.23;231;232.89;221.5
26/10/2021;221.59;226.58;228.1;219.01
27/10/2021;218.59;219.14;221.02;215.4
28/10/2021;192.09;196;203.82;188.5
29/10/2021;165.98;194.64;194.64;163.6
01/11/2021;167.47;180;190;160.78
02/11/2021;173.28;171.8;186.53;162
03/11/2021;196.72;187.99;203.5;180.76
04/11/2021;189.51;193.11;203.63;185.2
05/11/2021;191.43;196.99;201;187.48
08/11/2021;202.9;196;208;195.85
09/11/2021;187.18;193.97;200;180
10/11/2021;179.98;175;184;165.9
11/11/2021;193.33;184.46;194.22;180.01
12/11/2021;194.05;199;200;189.69
15/11/2021;204.79;194.05;210;194.05
16/11/2021;239.91;212.49;241.95;212
17/11/2021;239.01;244.99;255.65;233.51
18/11/2021;239.8;239;241.05;228.8
19/11/2021;219.51;225.76;231.79;216.75
22/11/2021;211.17;216.08;221.03;206
23/11/2021;229.05;212;233.35;210
24/11/2021;235.37;230;238;227.5
25/11/2021;233.66;228;238;224
26/11/2021;222.08;228.98;229.75;219.5
29/11/2021;236.04;240;240.4;233
30/11/2021;238.31;249.3;258.88;233
01/12/2021;244.53;238.02;247.76;236
02/12/2021;242.09;238;243.5;228
03/12/2021;228.9;233.8;238.32;227.29
06/12/2021;230.08;221.43;232.75;221.43
07/12/2021;243.98;230.08;247.08;230.08
08/12/2021;260.33;249.24;267;249
09/12/2021;256.11;261.39;266.71;249
10/12/2021;268.8;260.45;274.57;256.36
13/12/2021;294.54;293.15;301.65;285
14/12/2021;323.4;305.94;327;296.06
15/12/2021;335.06;323.4;337;302
16/12/2021;359.48;335;366;318.74
17/12/2021;344.9;315;352.66;314.99
20/12/2021;371.83;360;375;349.01
21/12/2021;451.72;394.1;470.83;392
22/12/2021;432.34;433.83;447.5;399.97
23/12/2021;325.6;395;404.01;302
24/12/2021;267.82;270.83;278.99;242.18
27/12/2021;267.82;#N/D;#N/D;#N/D
28/12/2021;267.82;#N/D;#N/D;#N/D
29/12/2021;233.18;240;259;231.5
30/12/2021;210.34;230;231;205.04
31/12/2021;170.64;207.23;207.23;158.63
03/01/2022;170.64;#N/D;#N/D;#N/D
04/01/2022;216.57;207;244.79;204
05/01/2022;223.45;231.99;239.25;215
06/01/2022;235.2;240.95;240.95;224.3
07/01/2022;214.96;239.8;251.11;201.01
10/01/2022;205.88;208;224.3;204.77
11/01/2022;190.23;199;206.65;188.02
12/01/2022;179.98;204.52;206.85;176.35
13/01/2022;204.97;173.87;208.42;173.19
14/01/2022;208.13;228;230;202.05
17/01/2022;184.35;210;210;178
18/01/2022;187.52;190;195;178.2
19/01/2022;180.73;185;185.53;172
20/01/2022;179.13;170;186;168
21/01/2022;189.31;186;197.29;176
24/01/2022;224.74;200;229.75;200
25/01/2022;225.36;217.78;230;214
26/01/2022;219.17;210;222.09;210
27/01/2022;219.96;226;226;214.75
28/01/2022;219.42;222;225;217
31/01/2022;203.08;219.82;219.82;200.02
01/02/2022;180.79;194.52;197;177.1
02/02/2022;183.9;184.56;189;182
03/02/2022;192.76;190;195;183.05
04/02/2022;200.49;197;202.15;195
07/02/2022;193.83;186.67;194.5;186.5
08/02/2022;185.99;195;199.99;181.65
09/02/2022;179.54;178.77;188.25;178.05
10/02/2022;178.16;182.15;186.5;175
11/02/2022;185.86;175;188;175
14/02/2022;193.02;200;203;189.38
15/02/2022;170.89;186;187;162.01
16/02/2022;166.92;156;171.4;156
17/02/2022;179.67;172.38;180.66;168.98
18/02/2022;176.49;171.67;177.22;169.99
21/02/2022;173.53;167;182.53;167
22/02/2022;190.99;187.75;196.88;182
23/02/2022;213.33;192.84;217.09;192.5
24/02/2022;321.97;285;348;257
25/02/2022;225.55;265.28;265.28;216.5
28/02/2022;237.78;281.48;282.77;228.32
01/03/2022;289.98;250;301.49;243
02/03/2022;394.05;325;463.83;323.21
03/03/2022;384.05;424.36;465.92;329.99
04/03/2022;460.27;358;508.8;358
07/03/2022;539.53;610;800;497.88
08/03/2022;511.44;659.5;659.5;450
09/03/2022;373.58;450;469.99;351.36
10/03/2022;296.89;355;373.58;287.33
11/03/2022;311.06;280;330;268.71
14/03/2022;270.92;280;299.98;264.75
15/03/2022;274.4;267;299.7;261.99
16/03/2022;240.81;274.4;285;238.52
17/03/2022;249.78;254.4;268.69;245.55
18/03/2022;246;256.3;256.44;233.63
21/03/2022;225.31;230;245;222.42
22/03/2022;233.6;226;240.95;223
23/03/2022;277.5;242;315.29;242
24/03/2022;264.82;275;305;249
25/03/2022;236.61;251;270;232
28/03/2022;245.77;231.2;260;230
29/03/2022;263.42;259.41;275.4;256.35
30/03/2022;283.23;280;302.36;280
31/03/2022;299.32;274.74;305.78;273.1
01/04/2022;257.32;305;310;250.11
04/04/2022;244.06;260;265;239.05
05/04/2022;242.24;235;249.99;232.79
06/04/2022;239.42;213.3;252.52;213.3
07/04/2022;233.49;235;239;231
08/04/2022;228.54;235;245;220
11/04/2022;213.01;227;227;211.11
12/04/2022;211.15;220;222.62;210.14
13/04/2022;213.09;214;215.8;209.1
14/04/2022;177.25;203.07;203.07;159
18/04/2022;177.25;#N/D;#N/D;#N/D
19/04/2022;173.33;164.5;183;164.5
20/04/2022;177.88;175;195.81;173.01
21/04/2022;188.87;178.5;197.5;178.5
22/04/2022;171.39;200;200;165
25/04/2022;153.39;171.08;175;152
26/04/2022;163.56;154.13;181.55;146.5
27/04/2022;149.64;178.3;180;143.69
28/04/2022;128.66;130;139;127.5
29/04/2022;163.68;158;179;153.56
02/05/2022;163.68;#N/D;#N/D;#N/D
03/05/2022;156.17;144.02;170.56;144.02
04/05/2022;159.2;157;171.5;157
05/05/2022;166.23;165;174;160.99
06/05/2022;137.5;167;167;127.48
09/05/2022;128.71;137.95;137.95;120.2
10/05/2022;145.77;115;153.15;114.36
11/05/2022;139.74;144;147.53;135.4
12/05/2022;175.55;165;196.85;158.5
13/05/2022;148.45;169.5;169.5;146.99
16/05/2022;172.26;149;179.5;149
17/05/2022;185.23;164;195.99;164
18/05/2022;181.98;184.95;192;173
19/05/2022;168.74;178;178;159.55
20/05/2022;147.96;154.65;164.4;139
23/05/2022;135.03;140;143.43;134.25
24/05/2022;136.67;138;141.75;133.9
25/05/2022;148.88;137.4;151;136.65
26/05/2022;144.45;146;147;138.74
27/05/2022;153.36;142;159;137.09
30/05/2022;165.91;157;172;157
31/05/2022;183.71;191;199.69;172.23
01/06/2022;159.84;166;170;151
02/06/2022;159.84;#N/D;#N/D;#N/D
03/06/2022;159.84;#N/D;#N/D;#N/D
06/06/2022;150.67;153.97;160;144
07/06/2022;136.29;145.2;148.46;134.81
08/06/2022;129.89;131.04;131.99;126.86
09/06/2022;150.61;156.5;180;148.55
10/06/2022;146.24;148.65;155.63;145
13/06/2022;153.71;148;161;148
14/06/2022;196.55;160.5;203.83;159.9
15/06/2022;257.78;205;263.06;196.75
16/06/2022;233.62;269.8;315.07;218.5
17/06/2022;201.8;233.62;255.23;196.62
20/06/2022;200.84;205;220.09;199.39
21/06/2022;205.86;215;217.71;200
22/06/2022;183.62;205;216.68;180.1
23/06/2022;186.84;185;199;183
24/06/2022;169.74;196.9;196.9;159.6
27/06/2022;171.91;170;176.66;160.01
28/06/2022;166.75;168;185;161
29/06/2022;174.12;181;190;171
30/06/2022;248.3;250;262;247
01/07/2022;240.94;249.75;253;231
04/07/2022;282.24;240;292.53;240
05/07/2022;290.43;302;317.52;280
06/07/2022;276.37;265;290.01;238.28
07/07/2022;298.32;300;328.5;296
08/07/2022;255.52;299.8;303.94;225.94
11/07/2022;222.24;226.51;250.01;216
12/07/2022;244.02;222.24;281.9;222.24
13/07/2022;269.73;280;300.01;263.21
14/07/2022;236.82;270;270;234.48
15/07/2022;200.29;235;235;195
18/07/2022;193.68;200.29;213;185
19/07/2022;216.53;198.62;232.99;198.62
20/07/2022;268.32;216.53;288.33;216.53
21/07/2022;296.13;270;313.01;219.09
22/07/2022;312.18;290.05;335;290
25/07/2022;320.47;317;329.93;300
26/07/2022;352.15;327.76;375.97;327.76
27/07/2022;371.62;389.99;399.99;347.25
28/07/2022;317.59;360;372.99;300
29/07/2022;351.92;376.11;387.69;350
01/08/2022;349.23;370;370;348
02/08/2022;361.48;357;370.75;352
03/08/2022;370.2;365.03;383.19;365
04/08/2022;379.17;365;387;365
05/08/2022;373.63;385.19;391.5;366.37
08/08/2022;355.14;380;380;351.92
09/08/2022;357.24;331.74;370.39;331.74
