Date;close;open;high;low;
09.08.2022;9,5;9,62;9,62;9,5;
08.08.2022;9,5;9,5;9,5;9,5;
05.08.2022;9,5;9,5;9,5;9,5;
04.08.2022;9,5;9,5;9,5;9,5;
03.08.2022;9,5;9,5;9,5;9,5;
02.08.2022;9,5;9,5;9,08;9,08;
01.08.2022;9,5;9,75;9,45;9,05;
29.07.2022;9,75;9,25;9,5;9,5;
28.07.2022;9,25;9,25;9,25;9,25;
27.07.2022;9,25;9,25;9,25;9,25;
26.07.2022;9,25;9,1;9,5;9,1;
25.07.2022;9,1;9,1;9,1;9,1;
22.07.2022;9,1;8,65;9,4;8,97;
21.07.2022;8,65;9,13;9;8,5;
20.07.2022;9,13;9,25;9,17;9;
19.07.2022;9,25;9,25;9,25;9,25;
18.07.2022;9,25;9,25;9,25;9,25;
15.07.2022;9,25;9,5;9,35;9,35;
14.07.2022;9,5;9,5;9;9;
13.07.2022;9,5;9,5;9,5;9,5;
12.07.2022;9,5;9,5;9,67;9,05;
11.07.2022;9,5;9,5;9,5;9,5;
08.07.2022;9,5;9,5;9,5;9,5;
07.07.2022;9,5;9,5;9,05;9,05;
06.07.2022;9,5;9,75;9,72;9,05;
05.07.2022;9,75;9,75;9,75;9,75;
04.07.2022;9,75;9,75;9,72;9,72;
01.07.2022;9,75;9,75;9,75;9,75;
30.06.2022;9,75;9,75;9,2;9,2;
29.06.2022;9,75;9,75;9,74;9,74;
28.06.2022;9,75;9,75;9,2;9,2;
27.06.2022;9,75;9,75;9,75;9,75;
24.06.2022;9,75;9,75;9;9;
23.06.2022;9,75;10,25;10;9,01;
22.06.2022;10,25;11,25;10,4;10;
21.06.2022;11,25;12;11,2;10,45;
20.06.2022;12;12;12;12;
17.06.2022;12;12;12;12;
16.06.2022;12;12;11,35;11,35;
15.06.2022;12;12;12,7;12,02;
14.06.2022;12;12;12;12;
13.06.2022;12;12;12;12;
10.06.2022;12;12;12;12;
09.06.2022;12;12;12;12;
08.06.2022;12;12;12;12;
07.06.2022;12;12;12;12;
06.06.2022;12;12;11,35;11,35;
01.06.2022;12;12;12;12;
31.05.2022;12;12;12;12;
30.05.2022;12;12;12;12;
27.05.2022;12;12;12;12;
26.05.2022;12;12;11,35;11,35;
25.05.2022;12;12;11,35;11,35;
24.05.2022;12;12;12;12;
23.05.2022;12;12;12;12;
20.05.2022;12;12;11,6;11,6;
19.05.2022;12;12;11,6;11,6;
18.05.2022;12;12;12;12;
17.05.2022;12;12;11,6;11,6;
16.05.2022;12;12;11,6;11,6;
13.05.2022;12;12;11,6;11,6;
12.05.2022;12;12;12,9;12,26;
11.05.2022;12;12;11,22;11,22;
10.05.2022;12;12;12;12;
09.05.2022;12;11,75;12,27;11,22;
06.05.2022;11,75;13;12,9;12;
05.05.2022;13;12;13,8;11,3;
04.05.2022;11,25;11,25;11;10,73;
03.05.2022;11,25;11,25;11;11;
29.04.2022;11,25;11,25;11;11;
28.04.2022;11,25;11,25;11,75;11,75;
27.04.2022;11,25;11,25;11,25;11,25;
26.04.2022;11,25;11,25;10,9;10,9;
25.04.2022;11,25;11,25;11,77;11,77;
22.04.2022;11,25;11,25;11,77;11,77;
21.04.2022;11,25;11,25;11,78;11,78;
20.04.2022;11,25;10,25;11,8;10,48;
19.04.2022;10,25;10,25;10,48;10,05;
14.04.2022;10,25;10,25;10,25;10,25;
13.04.2022;10,25;10,13;10,45;10,45;
12.04.2022;10,13;10,13;10,46;9,85;
11.04.2022;10,13;10,13;9,77;9,77;
08.04.2022;10,13;10,13;10;10;
07.04.2022;10,13;10,38;10,46;10,46;
06.04.2022;10,38;10,5;10,12;10;
05.04.2022;10,5;10,5;10,5;10,5;
04.04.2022;10,5;10,5;10,5;10,5;
01.04.2022;10,5;10,5;10,5;10,5;
31.03.2022;10,5;10,5;10,14;10,12;
30.03.2022;10,5;10,5;10,12;10,12;
29.03.2022;10,5;11,25;11;10,5;
28.03.2022;11,25;11,25;11,25;11,25;
25.03.2022;11,25;11,25;10,57;10,57;
24.03.2022;11,25;11,25;11,25;11,25;
23.03.2022;11,25;11,25;11,25;11,25;
22.03.2022;11,25;11,25;11,25;11,25;
21.03.2022;11,25;11,25;10,57;10,57;
18.03.2022;11,25;11,25;11,25;11,25;
17.03.2022;11,25;11,5;11,05;11,05;
16.03.2022;11,5;11,5;11,05;11,05;
15.03.2022;11,5;11,5;11,05;11,05;
14.03.2022;11,5;10,13;11,76;10,25;
11.03.2022;10,13;10,13;10,13;10,13;
10.03.2022;10,13;10,13;10,35;10,35;
09.03.2022;10,13;10,38;9,75;9,75;
08.03.2022;10,38;10,5;9,75;9,75;
07.03.2022;10,5;10,5;10,1;10,1;
04.03.2022;10,5;10,5;10,5;10,5;
03.03.2022;10,5;10,5;10,5;10,5;
02.03.2022;10,75;10,75;11;10,51;
01.03.2022;10,75;10,75;10,75;10,75;
28.02.2022;10,75;10,75;10,75;10,75;
25.02.2022;10,75;10,75;10,75;10,75;
24.02.2022;10,75;10,75;10,51;10,51;
23.02.2022;10,75;10,75;10,88;10,88;
22.02.2022;10,75;11,25;10,73;10,73;
21.02.2022;11,25;11,35;10,9;10,73;
18.02.2022;11,35;11,35;10,9;10,9;
17.02.2022;11,35;11,35;10,9;10,9;
16.02.2022;11,35;10,5;10,93;10,9;
15.02.2022;10,5;10,5;10,97;10,15;
14.02.2022;10,5;10,5;10,98;10,98;
11.02.2022;10,5;10,5;10,26;10,26;
10.02.2022;10,5;10,5;10,26;10,26;
09.02.2022;10,5;10,5;10,5;10,5;
08.02.2022;10,5;10,5;10,26;10,26;
07.02.2022;10,5;10,25;10,9;9,73;
04.02.2022;10,25;10,38;10,4;9,5;
03.02.2022;10,38;10,5;9,77;9,75;
02.02.2022;10,5;10,5;10,8;10,8;
01.02.2022;10,5;10,5;10,5;10,5;
31.01.2022;10,5;10,5;10,02;10;
28.01.2022;10,5;10,5;10,5;10,5;
27.01.2022;10,5;10,5;10,5;10,5;
26.01.2022;10,5;10,5;10,8;10;
25.01.2022;10,5;10,25;10,38;10,38;
24.01.2022;10,25;11,5;11;9,9;
21.01.2022;11,5;11,5;11,5;11,5;
20.01.2022;11,5;11,5;11,15;11,02;
19.01.2022;11,5;11,5;11,5;11,5;
18.01.2022;11,5;11,5;11,97;11,15;
17.01.2022;11,5;11,5;11,5;11,5;
14.01.2022;11,5;11,5;11,98;11,15;
13.01.2022;11,5;11,5;11,24;11,24;
12.01.2022;11,5;11,5;11,98;11,98;
11.01.2022;11,5;11,5;11,15;11,15;
10.01.2022;11,5;11,5;11,98;11,15;
07.01.2022;11,5;11;11,8;11,45;
06.01.2022;11;11;11,45;11,45;
05.01.2022;11;11;11,45;10,63;
04.01.2022;11;11;11,45;11,45;
31.12.2021;11;11;11;11;
30.12.2021;11;11;10,61;10,61;
29.12.2021;11;11;11;11;
24.12.2021;11;11;11;11;
23.12.2021;11;11;10,6;10,6;
22.12.2021;11;11,5;11,01;11,01;
21.12.2021;11,5;11,5;11,5;11,5;
20.12.2021;11,5;11,5;11,1;11,02;
17.12.2021;11,5;11,5;12;11,7;
16.12.2021;11,5;11,5;11,5;11,5;
15.12.2021;11,5;11,5;11,25;11,25;
14.12.2021;11,5;11,75;11,38;11,38;
13.12.2021;11,75;11,75;11,38;11,38;
10.12.2021;11,75;11,75;11,99;11,38;
09.12.2021;11,5;11,5;11,25;11;
08.12.2021;11,5;11,5;11,25;11,25;
07.12.2021;11,5;11,5;11,3;11,3;
06.12.2021;11,5;11,75;11,3;11,25;
03.12.2021;11,75;10,25;12,4;10,38;
02.12.2021;10,25;10,25;10,01;10,01;
01.12.2021;10,25;10,25;10,4;10,05;
30.11.2021;10,25;10,25;10,38;10,38;
29.11.2021;10,25;10,25;10,5;10,25;
26.11.2021;10,25;10,25;10,01;10,01;
25.11.2021;10,25;10,25;10,01;10,01;
24.11.2021;10,25;10,25;10,01;10,01;
23.11.2021;10,25;10,25;10,25;10,25;
22.11.2021;10,25;10,25;10,49;10,1;
19.11.2021;10,25;10,25;10,1;10,1;
18.11.2021;10,25;10,5;10,69;10;
17.11.2021;10,5;10,75;10,77;10,1;
16.11.2021;10,75;10,75;10,75;10,75;
15.11.2021;10,75;10,75;10,81;10,5;
12.11.2021;10,75;10,75;10,8;10,5;
11.11.2021;10,75;10,75;10,51;10,44;
10.11.2021;10,75;10,75;10,75;10,75;
09.11.2021;10,75;10,75;10,51;10,51;
08.11.2021;10,75;10,25;10,9;10,5;
05.11.2021;10,25;10,25;10,5;10,4;
04.11.2021;10,25;10,75;10,5;10;
03.11.2021;10,75;10,75;10,85;10,5;
02.11.2021;10,75;11;10,5;10,5;
01.11.2021;11;11;10,5;10,5;
29.10.2021;11;11;11;11;
28.10.2021;11;11;10,5;10,5;
27.10.2021;11;11;11;11;
26.10.2021;11;11;10,5;10,5;
25.10.2021;11;11;10,5;10,5;
22.10.2021;11;11;11;11;
21.10.2021;11;11;10,6;10,6;
20.10.2021;11;11;11;11;
19.10.2021;11;11;10,6;10,6;
18.10.2021;11;11;10,98;10,5;
15.10.2021;11;11;10,65;10,65;
14.10.2021;11;11;11;11;
13.10.2021;11;11;10,6;10,6;
12.10.2021;11;11;11;11;
11.10.2021;11;11;11;11;
08.10.2021;11;11;11;11;
07.10.2021;11;10,75;11,25;10,51;
06.10.2021;10,75;12;11,1;11;
05.10.2021;12;12;11,5;11,5;
04.10.2021;12;12,1;11,72;11,72;
01.10.2021;12,1;12,1;11,75;11,42;
30.09.2021;12,1;12,1;12,3;12,3;
29.09.2021;12,1;12,1;11,72;11,72;
28.09.2021;12,1;12,1;11,72;11,72;
27.09.2021;12,1;11,75;12,67;11,65;
24.09.2021;11,75;12,25;12;11;
23.09.2021;12,25;10;12,25;10;
22.09.2021;9,75;9,75;9,5;9,5;
21.09.2021;9,75;9,75;9,55;9,55;
20.09.2021;9,75;9,75;9,55;9,23;
17.09.2021;9,75;9,75;9,75;9,75;
16.09.2021;9,75;9,75;9,88;9,84;
15.09.2021;9,75;9,75;9,5;9,5;
14.09.2021;9,75;9,75;9,75;9,75;
13.09.2021;9,75;9,75;9,84;9,51;
10.09.2021;9,75;9,75;9,75;9,75;
09.09.2021;9,75;10;9,85;9,51;
08.09.2021;10;10;9,6;9,52;
07.09.2021;10;10;9,56;9,56;
06.09.2021;10;10;10;10;
03.09.2021;10;10;10;10;
02.09.2021;10;10;10;10;
01.09.2021;10;10;10;10;
31.08.2021;10;10;10;10;
27.08.2021;10;10;10,2;10,2;
26.08.2021;10;10;9,56;9,56;
25.08.2021;10;10;10,22;9,56;
24.08.2021;10;10;10,2;9,52;
23.08.2021;10;10;9,56;9,56;
20.08.2021;10;10;10;10;
19.08.2021;10;10;10,22;10,22;
18.08.2021;10;10;10;10;
17.08.2021;10;10;10;10;
16.08.2021;10;10;9,56;9,56;
13.08.2021;10;10;9,56;9,56;
12.08.2021;10;10;10,4;9,56;
11.08.2021;10;10,5;10;9,14;
10.08.2021;10,5;10,5;10,5;10,5;
09.08.2021;10,5;10,5;9,6;9,6;
06.08.2021;10,5;10,75;10,03;10,03;
05.08.2021;10,75;10,75;10,75;10,75;
04.08.2021;10,75;10,75;10,75;10,75;
03.08.2021;10,75;10,25;10,8;10,8;
02.08.2021;10,25;10,25;10,25;10,25;
30.07.2021;10,5;10,5;11,2;9,6;
29.07.2021;10,5;10,5;11,2;9,8;
28.07.2021;10,5;10,5;9,8;9,8;
27.07.2021;10,5;10,5;9,8;9,8;
26.07.2021;10,5;10,5;11,3;11,3;
23.07.2021;10,5;10,75;10,1;10;
22.07.2021;10,75;10,75;10,1;10,1;
21.07.2021;10,75;10,5;10,99;10,79;
20.07.2021;10,5;11;10,5;10,01;
19.07.2021;11;12,25;11,5;10,51;
16.07.2021;12,25;12,25;11,5;11,5;
15.07.2021;12,25;12,25;12,25;12,25;
14.07.2021;12,25;12,25;12,25;12,25;
13.07.2021;12,25;12,5;12,67;12;
12.07.2021;12,5;12,5;12;12;
09.07.2021;12,5;12,5;12,5;12,5;
08.07.2021;12,5;12,5;12,5;12,5;
07.07.2021;12,5;12,5;12,5;12,5;
06.07.2021;12,5;12,5;12,88;12,02;
05.07.2021;12,5;12,5;12,2;12,2;
02.07.2021;12,5;12,5;12,8;12,8;
01.07.2021;12,5;13;13;12,9;
30.06.2021;12,5;12,5;12,7;12,11;
29.06.2021;12,5;12,5;12,7;12,51;
28.06.2021;12,5;12,5;12,1;12,05;
25.06.2021;12,5;13;12,6;12,6;
24.06.2021;13;12,75;12,98;12,51;
23.06.2021;12,5;12,5;12,8;12,1;
22.06.2021;12,5;12,5;12,5;12,5;
21.06.2021;12,5;12,5;12,7;12;
18.06.2021;12,5;12,5;12,7;12,02;
17.06.2021;12,5;12,5;12,71;12;
16.06.2021;12,5;12,5;12,5;12,5;
15.06.2021;12,5;12,5;12,02;12;
14.06.2021;12,5;12,5;12,8;12,8;
11.06.2021;12,5;12,5;12,02;12,02;
10.06.2021;12,5;12;12,45;12,25;
09.06.2021;12;12,5;12,01;11,5;
08.06.2021;12,5;12,5;12,77;12,77;
07.06.2021;12,5;12,5;12,77;12,02;
04.06.2021;12,5;12,5;12,8;12,8;
03.06.2021;12,5;12,5;12,25;12,05;
02.06.2021;12,5;11,5;12,9;11,65;
01.06.2021;11,5;11,5;11,28;11,28;
28.05.2021;11,5;11,25;11,95;11,5;
27.05.2021;11,25;11,5;11,38;11,01;
26.05.2021;11,5;11,75;11;11;
25.05.2021;11,75;11,75;11,51;11,51;
24.05.2021;11,75;11,75;11,69;11,69;
21.05.2021;11,75;11,75;11,7;11,7;
20.05.2021;11,75;11,75;11,7;11,7;
19.05.2021;11,75;11,75;11,95;11,52;
18.05.2021;11,75;11,75;11,52;11,52;
17.05.2021;11,75;11,75;11,75;11,52;
14.05.2021;11,75;11,75;11,52;11,52;
13.05.2021;11,75;11,75;11,75;11,75;
12.05.2021;11,75;11,75;11,75;11,75;
11.05.2021;11,75;11,75;11,6;11,5;
10.05.2021;11,75;11,75;11,95;11,55;
07.05.2021;11,75;11,75;11,55;11,55;
06.05.2021;11,75;12;11,88;11,51;
05.05.2021;11,75;11,75;11,52;11,52;
04.05.2021;11,75;11,75;11,65;11,65;
30.04.2021;11,75;12;12,4;11,75;
29.04.2021;12;12;11,65;11,65;
28.04.2021;12;12,25;12,5;11,7;
27.04.2021;12,25;12;12,5;12,5;
26.04.2021;12;12;12,5;10,6;
23.04.2021;12;13,5;13,1;12,01;
22.04.2021;13,5;14;14;13;
21.04.2021;14;14;13,8;13,5;
20.04.2021;14;14,25;14;13,8;
19.04.2021;14,25;14,25;14,25;14,25;
16.04.2021;14,25;14,25;14,39;14,39;
15.04.2021;14,25;14,25;14,39;14,01;
14.04.2021;14,25;14,25;14,25;14,25;
13.04.2021;14,25;14,5;14;13,75;
12.04.2021;14,5;15;14;14;
09.04.2021;15;15;15;15;
08.04.2021;15;15;15;15;
07.04.2021;15;15;15,6;15,6;
06.04.2021;15;15;14,11;14;
01.04.2021;15;15;14,11;14,11;
31.03.2021;15;15;15;15;
30.03.2021;15;15;15,7;14,2;
29.03.2021;15;15;14,85;14,85;
26.03.2021;15;15;15,1;15,1;
25.03.2021;15;15,5;15,11;14;
24.03.2021;15,5;15,5;15,14;15,11;
23.03.2021;15,5;15,5;15,11;15,1;
22.03.2021;15,5;15;16;15,25;
19.03.2021;15;15;15;15;
18.03.2021;15;15;15,25;15,25;
17.03.2021;15;16;15,5;15,5;
16.03.2021;16;16;15,5;15,5;
15.03.2021;16;16;15,55;15,5;
12.03.2021;16;14,75;16;14,63;
11.03.2021;14,75;14,75;14,99;14,63;
10.03.2021;14,75;14,5;15;14,4;
09.03.2021;14,5;14,25;15;14,05;
08.03.2021;14,25;13;14;12,75;
05.03.2021;13;13;12,75;12,75;
04.03.2021;13;13;13;13;
03.03.2021;13;13;13,5;13,5;
02.03.2021;13;13;13;13;
01.03.2021;13;13;13,5;12,85;
26.02.2021;13;12,75;13,5;12,7;
25.02.2021;12,75;12,5;12,99;12,3;
24.02.2021;12,5;12,75;12,8;12,5;
23.02.2021;12,75;12,75;12,68;12,61;
22.02.2021;12,75;12,75;12,61;12,61;
19.02.2021;12,75;13;12,7;12,7;
18.02.2021;13;13;13;13;
17.02.2021;13;13;12,9;12,5;
16.02.2021;13;13;12,95;12,5;
15.02.2021;13;13;12,65;12,65;
12.02.2021;13;13;12,65;12,61;
11.02.2021;13;13,25;13,05;13;
10.02.2021;13,5;13,75;14,1;13,1;
09.02.2021;13,75;14,5;14,1;14,1;
08.02.2021;14,5;14,75;14,95;14,2;
05.02.2021;14,75;15,25;14,57;14,1;
04.02.2021;15,25;15,25;14,73;14,73;
03.02.2021;15,25;15;15,45;14,4;
02.02.2021;15;15;14,4;14,4;
01.02.2021;15;15;15,5;14,4;
29.01.2021;15;14,5;15,5;14,15;
28.01.2021;14,5;15,5;15,5;14,1;
27.01.2021;15,5;15,5;15,75;15,75;
26.01.2021;15,5;15,5;15,35;15;
25.01.2021;15,5;15,5;15,75;15,75;
22.01.2021;15,5;15,25;15,9;15,15;
21.01.2021;15,25;16,15;15,9;15,1;
20.01.2021;16,15;16,15;16,79;15,83;
19.01.2021;16,15;16,25;16,77;15,83;
18.01.2021;16,15;16,25;17;16,1;
15.01.2021;16,25;16,5;16,73;16,2;
14.01.2021;16,5;16,25;17;17;
13.01.2021;16,25;16,25;16,9;16,1;
12.01.2021;16,25;16;16,77;15;
11.01.2021;16;16,25;16,75;16,1;
08.01.2021;16,25;17;17,9;16,1;
07.01.2021;18,25;16,25;20;16,5;
06.01.2021;16,25;15,55;16,5;15,65;
05.01.2021;15,55;13,5;15,85;13,6;
04.01.2021;13,5;13;14;13,5;
31.12.2020;13;13;13,48;13,4;
30.12.2020;13;10,5;13,5;11;
29.12.2020;10,5;10,5;10,4;10,4;
24.12.2020;10,5;10,5;10,4;10,4;
23.12.2020;10,5;10,5;10,4;10,4;
22.12.2020;10,5;10,25;11;10,25;
21.12.2020;10,25;10,25;10,27;10,27;
18.12.2020;10,25;9,75;10,9;10,36;
17.12.2020;9,75;9,75;10;9,63;
16.12.2020;9,75;9,75;9,75;9,75;
15.12.2020;9,75;9,75;9,65;9,65;
14.12.2020;9,75;9,75;10;9,51;
11.12.2020;9,75;9,5;10;9,5;
10.12.2020;9,5;9,25;10,9;9,05;
09.12.2020;9,25;9;9,4;9;
08.12.2020;8,13;8,13;8,13;8,13;
07.12.2020;8,13;8,13;8,13;8,13;
04.12.2020;8,13;8,13;8,13;8,13;
03.12.2020;8,13;8,13;8,13;8;
02.12.2020;8,13;8,13;8,13;8,13;
01.12.2020;8,13;8,13;8,13;8,13;
30.11.2020;8,13;8,13;8;8;
27.11.2020;8,13;8,5;8,13;7,55;
26.11.2020;8,5;8,5;8,7;8,15;
25.11.2020;8,5;8,5;8,15;8,15;
24.11.2020;8,5;8,5;8,5;8,5;
23.11.2020;8,5;8,5;8,4;8,22;
20.11.2020;8,5;8,5;8,5;8,5;
19.11.2020;8,5;8,5;8,15;8,15;
18.11.2020;8,5;8,5;8,15;8,15;
17.11.2020;8,5;8,5;8,15;8,15;
16.11.2020;8,5;8,5;8,15;8,15;
13.11.2020;8,5;8,5;8,5;8,5;
12.11.2020;8,5;8,13;8,49;8,49;
11.11.2020;8,13;8;8,25;7,8;
10.11.2020;8;8;8,2;7,55;
09.11.2020;8;8;8,2;7,5;
06.11.2020;8;8,25;8,22;8;
05.11.2020;8,25;8,25;8;8;
04.11.2020;8,25;8,25;8,1;8,1;
03.11.2020;8,25;8,25;8,01;8,01;
02.11.2020;8,25;8,25;8,01;8,01;
30.10.2020;8,25;8,25;8,01;8;
29.10.2020;8,25;8,25;8,05;8,01;
28.10.2020;8,25;8,25;8,25;8,25;
27.10.2020;8,25;8,25;8,39;8,39;
26.10.2020;8,25;8,38;8,45;8,04;
23.10.2020;8,38;8,38;8,7;8,2;
22.10.2020;8,38;8,63;9,4;8,5;
21.10.2020;8,63;8,25;8,98;8,3;
20.10.2020;7,88;7,88;7,55;7,5;
19.10.2020;7,88;8;7,7;7,7;
16.10.2020;8;8,13;8,19;7,6;
15.10.2020;8,13;8,25;8,01;7,85;
14.10.2020;8,25;7,25;8,5;7,34;
13.10.2020;6,5;6,5;6,5;6,5;
12.10.2020;6,5;6,5;6,75;6,5;
09.10.2020;6,5;6,38;6,3;6,3;
08.10.2020;6,38;6,38;6,25;6,25;
07.10.2020;6,38;6,38;6,38;6,38;
06.10.2020;6,38;6,5;6,4;6,25;
05.10.2020;6,5;6,5;6,5;6,5;
02.10.2020;6,5;6,5;6,5;6,5;
01.10.2020;6,5;6,75;6,51;6,1;
30.09.2020;6,75;6,75;6,75;6,75;
29.09.2020;6,75;6,88;6,6;6,6;
28.09.2020;6,88;7,25;7,13;6,6;
25.09.2020;7,25;7,25;7,18;7,18;
24.09.2020;7,25;7,25;7,2;7,2;
23.09.2020;7,25;7,25;7,3;7,3;
22.09.2020;7,25;7,5;7,3;7;
21.09.2020;7,5;7,5;7,26;7,26;
18.09.2020;7,5;7,75;7,5;7,4;
17.09.2020;7,75;7,75;7,75;7,75;
16.09.2020;7,75;7,75;7,5;7,5;
15.09.2020;7,75;7,75;7,75;7,75;
14.09.2020;7,75;7,75;7,75;7,75;
11.09.2020;7,75;7,75;7,6;7,5;
10.09.2020;7,75;7,75;7,5;7,5;
09.09.2020;7,75;7,75;7,6;7,5;
08.09.2020;7,75;7,75;7,65;7,65;
07.09.2020;7,75;7,75;7,75;7,75;
04.09.2020;7,75;7,75;7,65;7,65;
03.09.2020;7,75;7,75;7,75;7,75;
02.09.2020;7,75;7,75;7,75;7,75;
01.09.2020;7,75;7,75;7,75;7,75;
28.08.2020;7,75;7,38;8;7,25;
27.08.2020;7,38;7,38;7,38;7,38;
26.08.2020;7,38;7,38;7,5;7,44;
25.08.2020;7,38;7,38;7,44;7,44;
24.08.2020;7,38;7,38;7,5;7,5;
21.08.2020;7,38;7,38;7,38;7,38;
20.08.2020;7,38;7,38;7,5;7,5;
19.08.2020;7,38;7,38;7,5;7,5;
18.08.2020;7,38;7,38;7,38;7,38;
17.08.2020;7,38;7,38;7,5;7,5;
14.08.2020;7,38;7,38;7,5;7,38;
13.08.2020;7,38;7,38;7,45;7,45;
12.08.2020;7,38;8;8,15;7;
11.08.2020;8;8;7,65;7,65;
10.08.2020;8;8;8,18;8,18;
07.08.2020;8;8;8,18;7,65;
06.08.2020;8;8;7,65;7,65;
05.08.2020;8;8;8,24;8,24;
04.08.2020;8;9,13;9,05;8;
03.08.2020;9,13;7,38;9,9;7,49;
31.07.2020;7,38;7,38;7,5;7,5;
30.07.2020;7,38;7,38;7,5;7,5;
29.07.2020;7,38;7,38;7,38;7,38;
28.07.2020;7,38;7,38;7,38;7,38;
27.07.2020;7,5;7,75;7,3;7,3;
24.07.2020;7,75;7,75;7,75;7,75;
23.07.2020;7,75;8,25;8;7,5;
22.07.2020;8,25;8,25;8,25;8,25;
21.07.2020;8,25;8,25;8,25;8,25;
20.07.2020;8,25;8,25;8,25;8,25;
17.07.2020;8,25;8,25;8,01;8,01;
16.07.2020;8,25;8,25;8,3;8,15;
15.07.2020;8,25;8,25;8,25;8,25;
14.07.2020;8,25;8,25;8,25;8,25;
13.07.2020;8,25;8,25;8,25;8,25;
10.07.2020;8,25;8,25;8,1;8,1;
09.07.2020;8,25;8,25;8,39;8,05;
08.07.2020;8,25;8,25;8,25;8,25;
07.07.2020;8,25;8,25;8,17;8;
06.07.2020;8,25;8,25;8,24;8;
03.07.2020;8,25;8,25;8,25;8,25;
02.07.2020;8,25;8,25;8,25;8,25;
01.07.2020;8,25;8,25;8,25;8,25;
30.06.2020;8,25;8,25;8,5;8,5;
29.06.2020;8,25;8,25;8,48;7,65;
26.06.2020;8,25;8,25;8,5;8,05;
25.06.2020;8,25;8,38;8,26;8,05;
24.06.2020;8,38;8,13;8,5;7,94;
23.06.2020;8,13;7,38;8,2;7,38;
22.06.2020;7,38;7,38;7,5;7,25;
19.06.2020;7,38;7,25;7,5;7,25;
18.06.2020;7,25;7,5;7,36;6,5;
17.06.2020;8,25;8,25;8,25;8,25;
16.06.2020;8,25;8,25;8,5;8,1;
15.06.2020;8,25;8,25;8,49;8,49;
12.06.2020;8,25;8,25;8,25;7,72;
11.06.2020;8,25;8,25;8,25;8,25;
10.06.2020;8,25;8,25;8,4;8,4;
09.06.2020;8,25;8,25;8,4;8;
08.06.2020;8,25;8,25;8,49;8;
05.06.2020;8,25;7,75;8,4;7,9;
04.06.2020;7,75;8,25;8,01;7,1;
03.06.2020;8,25;8;8,38;8,2;
02.06.2020;8;8;8,5;7,55;
01.06.2020;8;8;8,2;7,1;
29.05.2020;8;8,25;8,45;8;
28.05.2020;8,25;8,73;9;8,1;
27.05.2020;8,73;6,88;9;7,49;
26.05.2020;6,88;6,88;7,49;6,5;
22.05.2020;6,88;6,88;6,88;6,88;
21.05.2020;6,88;6,88;6,5;6,5;
20.05.2020;6,88;6,88;7,5;7,49;
19.05.2020;6,88;6,88;6,88;6,88;
18.05.2020;6,88;6,38;7,5;6,5;
15.05.2020;6,38;6,38;6,38;6,38;
14.05.2020;6,38;6,38;6,75;6;
13.05.2020;6,38;6,38;7;6,2;
12.05.2020;6,38;6,25;7,8;6,25;
11.05.2020;6,2;6,25;6,5;6,13;
07.05.2020;6,25;5,88;6,35;6,25;
06.05.2020;6;6;6,5;6,5;
05.05.2020;6;6;6,5;5,62;
04.05.2020;6;6;6,45;5,6;
01.05.2020;6;6;6;6;
30.04.2020;6;5,75;6;5,6;
29.04.2020;5,75;5,75;6;5,75;
28.04.2020;5,75;5,75;6,35;6;
27.04.2020;5,75;5,75;6;5,5;
24.04.2020;5,75;5,25;6,61;5,5;
23.04.2020;5,25;5,25;5,25;5;
22.04.2020;5,25;5,25;5,25;5,25;
21.04.2020;5,25;5,25;5,25;5,25;
20.04.2020;5,25;5,25;5,4;5,4;
17.04.2020;5,25;5,25;5,05;5;
16.04.2020;5,25;5,25;5,25;5,25;
15.04.2020;5,25;5;5,47;5,4;
14.04.2020;5;5;5;5;
09.04.2020;5;5,5;5,02;5;
08.04.2020;5,5;5,5;5,02;5,02;
07.04.2020;5,5;5,5;6,35;5;
06.04.2020;5,5;5,5;5,48;5,48;
03.04.2020;5,5;5,5;5,48;5,48;
02.04.2020;5,5;5,5;5,02;5;
01.04.2020;5,5;5,5;5,01;5;
31.03.2020;5,5;5,5;5,5;5,5;
30.03.2020;5,5;5,75;5,55;5,02;
27.03.2020;5,75;5,25;6;5;
26.03.2020;5,25;4,25;5,5;4,38;
25.03.2020;4,25;4,25;4,39;4,38;
24.03.2020;4,25;4,15;4,24;4,2;
23.03.2020;4,15;4,9;4;3,75;
20.03.2020;4,9;5,25;5;4,5;
19.03.2020;5,25;5,75;5,25;5,25;
18.03.2020;5,75;6,25;6,47;5;
17.03.2020;6,25;7,3;7,02;6;
16.03.2020;7,3;7,88;7,83;7,1;
10.03.2020;8,12;8,12;8,15;8,15;
09.03.2020;8,12;8,45;8,04;8,04;
06.03.2020;8,45;8,45;8,27;8,27;
05.03.2020;8,45;8,45;8,8;8,8;
04.03.2020;8,45;8,45;8,27;8,27;
03.03.2020;8,45;8,45;8,27;8,27;
02.03.2020;8,45;8,5;9;8,26;
28.02.2020;8,5;8,5;8,15;8,15;
27.02.2020;8,5;8,5;8,6;8,1;
26.02.2020;8,5;8,5;8,6;8,1;
25.02.2020;8,5;8,5;8,11;8,11;
24.02.2020;8,5;8,55;8,11;8,11;
21.02.2020;8,55;8,55;8,96;8,15;
20.02.2020;8,55;8,1;9;8,15;
19.02.2020;8,1;8,1;8,1;8;
18.02.2020;8,1;8,75;8,52;8;
17.02.2020;8,88;9,35;9,12;8,7;
14.02.2020;9,35;9,65;9,57;9,5;
13.02.2020;9,65;9,75;9,65;9;
11.02.2020;9,75;9,75;9,82;9,57;
10.02.2020;9,75;9,75;9,85;9,85;
07.02.2020;9,75;9,75;9,88;9,55;
06.02.2020;9,75;9,75;9,71;9,5;
05.02.2020;9,75;9,75;10;9,7;
04.02.2020;9,75;9,5;10;9;
03.02.2020;12,5;12,25;12,5;12,02;
30.01.2020;12,25;12,25;12,5;12,5;
29.01.2020;12,25;12,25;12,01;12,01;
28.01.2020;12,25;13;13;12;
27.01.2020;13;13,25;13;12,5;
24.01.2020;13,25;13,25;13,01;13,01;
23.01.2020;13,25;13,5;13,25;13,07;
22.01.2020;13,5;13,5;13,17;13,17;
21.01.2020;13,5;13,5;13,17;13,17;
20.01.2020;13,5;13,5;13,5;13,15;
17.01.2020;13,5;13,5;13,8;13,07;
16.01.2020;13,5;13,5;13,7;13,5;
15.01.2020;13,5;13,5;13,3;13,27;
14.01.2020;13,5;14,5;14,25;13,2;
13.01.2020;14,5;14,5;14,68;14,02;
10.01.2020;14,5;14,5;14,68;14,02;
08.01.2020;14,5;14,5;14,7;14,2;
07.01.2020;14,5;14,5;14,25;14;
06.01.2020;14,5;14,5;14,11;14,1;
31.12.2019;14,5;14,5;14,1;14,1;
30.12.2019;14,5;14,5;14,06;14,05;
27.12.2019;14,5;14,5;14,9;14,9;
24.12.2019;14,5;14,5;14,02;14,02;
23.12.2019;14,5;15;14,52;14,5;
16.12.2019;15;14,5;15,3;14,9;
13.12.2019;14,5;14,5;14,02;14;
12.12.2019;14,5;15;14,5;14,5;
11.12.2019;15;15;14,58;14,58;
10.12.2019;15;15,5;15,3;15;
09.12.2019;15,5;15,5;15,78;15,78;
04.12.2019;15,5;15,5;15,7;15;
03.12.2019;15,5;15,5;15,74;15,1;
02.12.2019;15,5;15,5;15,1;15,05;
29.11.2019;15,5;15,5;15,25;15,25;
28.11.2019;15,5;15,5;15,25;15,25;
27.11.2019;15,5;15,5;15,49;15,25;
26.11.2019;15,5;15,5;15,25;15,02;
22.11.2019;15,5;15,5;15;15;
20.11.2019;15,5;15,5;15,65;15;
18.11.2019;15,5;15,5;15,74;15,02;
15.11.2019;15,5;15,5;15,75;15,75;
14.11.2019;15,5;15,5;15,02;15,02;
13.11.2019;15,5;15,5;15,02;15,02;
12.11.2019;15,5;16;15,78;15,03;
11.11.2019;16;16;15,9;15,25;
08.11.2019;16;16;15,05;15,05;
07.11.2019;16;16;15,05;15,05;
05.11.2019;16;15,5;16;15,15;
04.11.2019;15,5;15,5;15,6;15,02;
31.10.2019;15,5;15,5;15,6;15,6;
30.10.2019;15,5;15,5;15;15;
29.10.2019;15,5;15,5;15,02;15,02;
28.10.2019;15,5;16;15,98;15;
25.10.2019;16;16;15,8;15,04;
23.10.2019;16;16;15;15;
21.10.2019;16;16;15,85;15,85;
18.10.2019;16;16;15,85;15,85;
16.10.2019;16;16;15;15;
14.10.2019;16;16;16;16;
10.10.2019;16;16;16;16;
09.10.2019;16;16;16;16;
08.10.2019;16;16;16,4;15;
04.10.2019;15;15;14,31;14,31;
01.10.2019;15;15;14,31;14,31;
30.09.2019;15;15;14,37;14,31;
26.09.2019;15;15;14,36;14,36;
25.09.2019;15;15;15,44;14,31;
24.09.2019;15;15;15,6;14,24;
23.09.2019;15;15,5;16;14,2;
20.09.2019;15,5;17;16,9;15,01;
19.09.2019;17;19;18,3;15,2;
18.09.2019;19,5;19,5;19,77;19,77;
17.09.2019;19,5;20;19;19;
16.09.2019;20;20;19,15;19,1;
12.09.2019;20;20;19,15;19,15;
09.09.2019;20;19,5;19,95;19,95;
06.09.2019;19,5;20,5;20,49;19;
05.09.2019;20,5;20,5;20,8;20,2;
04.09.2019;20,5;20;21;19;
29.08.2019;19,7;19,7;19,75;19,75;
28.08.2019;19,7;19;19,84;19,07;
23.08.2019;19;19;19,7;19,7;
22.08.2019;19;19;18,75;18,7;
21.08.2019;19;19;19,9;18,7;
20.08.2019;19;21;20;18,25;
19.08.2019;21;21,5;21,5;20,3;
16.08.2019;21,5;22;21;21;
13.08.2019;22;22;22,44;21;
09.08.2019;22,5;22,5;22;22;
06.08.2019;22,5;22,5;22,75;22,05;
05.08.2019;22,5;22,5;22,85;22;
02.08.2019;22,5;22,5;22,5;22;
01.08.2019;22,5;22,5;23;22,5;
31.07.2019;22,5;22,5;22,9;22,9;
30.07.2019;22,5;22,5;22,11;22,11;
29.07.2019;22,5;22,5;22,9;22,5;
26.07.2019;22,5;22,5;22,9;22,5;
25.07.2019;22,5;22,5;22,99;22,05;
24.07.2019;22,5;22,5;22,56;22;
23.07.2019;22,5;23;22,2;22,2;
22.07.2019;23;23;23;23;
19.07.2019;23;22,5;23;23;
18.07.2019;22,5;23;23;22;
17.07.2019;23;24;23;22;
15.07.2019;24;24;23,1;23;
11.07.2019;24;24;23,5;23,5;
10.07.2019;24;24;23,5;23,5;
09.07.2019;24;25;23,5;23,5;
08.07.2019;25;25;24;24;
04.07.2019;25;25;24,8;24,1;
03.07.2019;25;25;24,1;24,1;
02.07.2019;25;25;24,9;24,1;
01.07.2019;25;25;24;24;
28.06.2019;25;25;24,1;24,1;
27.06.2019;25;25;24,1;24,1;
25.06.2019;25;25;24,95;24,15;
24.06.2019;25;25;25,38;24,1;
20.06.2019;25;25;24,95;24,1;
19.06.2019;25;26;25,4;24,1;
18.06.2019;26;26;25,77;25;
14.06.2019;26;26;26,5;25,1;
13.06.2019;26;27;27;25,3;
12.06.2019;27;27,5;27;26,2;
11.06.2019;27,5;27,5;27,39;27,05;
10.06.2019;27,5;27,5;27,39;27,2;
07.06.2019;27,5;27,5;27,39;27;
06.06.2019;27,5;28;28,5;27,39;
05.06.2019;28;28;28;28;
04.06.2019;28;28;27,5;27,5;
03.06.2019;28;27,5;28;27,39;
31.05.2019;27,5;27,5;27,38;27,38;
30.05.2019;27,5;27;28;27,7;
29.05.2019;27;27,5;27,85;26,2;
23.05.2019;27,5;28;27,3;27,3;
22.05.2019;28;28;29;27,3;
21.05.2019;28;27;28;27;
20.05.2019;27;27;29;26,7;
17.05.2019;27;26,5;26,95;26,95;
16.05.2019;26,5;26,5;27;26,25;
15.05.2019;26,5;26;27,75;26,25;
14.05.2019;26;26;27;25,41;
13.05.2019;26;25;27;25,25;
10.05.2019;25;25;24,39;24,3;
09.05.2019;25;25;25,45;24,39;
08.05.2019;25;25;25,9;25,9;
07.05.2019;25;24;25;23,2;
03.05.2019;24;23,5;24;24;
02.05.2019;23,5;24;24;23;
01.05.2019;24;23,5;23,9;23,15;
30.04.2019;23,5;23,5;23,31;23,31;
29.04.2019;23,5;23,5;23,3;23,3;
25.04.2019;23,5;23,5;23,28;23,25;
24.04.2019;23,5;23,5;24;24;
23.04.2019;23,5;23,5;24;23,2;
18.04.2019;23,5;23,5;24;23,12;
17.04.2019;23,5;23,5;23,12;23,12;
16.04.2019;23,5;23,5;23,69;23,1;
15.04.2019;23,5;23,5;23,9;23;
12.04.2019;23,5;22,5;23,9;22,25;
11.04.2019;22,5;23;22;22;
10.04.2019;23;26,5;26,75;22,3;
09.04.2019;25;25,5;25,5;24,1;
08.04.2019;25,5;25,5;25,01;25;
05.04.2019;25,5;25,5;25,6;25,01;
04.04.2019;25,5;25,5;25,01;25,01;
03.04.2019;25,5;25,5;25;25;
02.04.2019;25,5;25,5;25,1;25,1;
01.04.2019;25,5;25,5;25,95;25;
29.03.2019;25,5;25,5;25,8;25,03;
28.03.2019;25,5;26;25,06;25,03;
26.03.2019;26;26;25,2;25,2;
25.03.2019;26;26,5;26,7;25,1;
21.03.2019;26,5;26,5;26,95;26,1;
20.03.2019;26,5;26,5;26,1;26,1;
15.03.2019;26,5;26;26,8;26,1;
14.03.2019;26;26;25,4;25,4;
13.03.2019;26;26;25,4;25,4;
12.03.2019;26;26,5;25,4;25,4;
11.03.2019;26,5;26,2;26,95;26,95;
08.03.2019;26,2;26;26,72;26,72;
06.03.2019;26;25,5;25,84;25,3;
05.03.2019;25,5;26;25,3;25,15;
04.03.2019;26;26;25,3;25,3;
01.03.2019;26;26;26,5;25;
28.02.2019;26;26;25,3;25,3;
27.02.2019;26;26,5;26,05;25,2;
26.02.2019;26,5;27;26,1;26;
22.02.2019;27;27;26,2;26,2;
21.02.2019;27;27;27,9;27,9;
20.02.2019;27;27;26,2;26,2;
15.02.2019;27;27;27,6;27,6;
13.02.2019;27;27;26,2;26,2;
08.02.2019;27;26;26,95;26,76;
07.02.2019;26;26;25,5;25,5;
05.02.2019;26;26;26,5;26,5;
04.02.2019;26;27;27,4;26;
01.02.2019;27;27;26,35;26,35;
31.01.2019;27;27;27,7;26,3;
30.01.2019;27;27;27,5;26,2;
29.01.2019;27;27;26,5;26,3;
25.01.2019;27;27;26,5;26,5;
24.01.2019;27;27;28;26,5;
23.01.2019;27;27,5;28;27;
22.01.2019;27,5;27,5;27;27;
21.01.2019;27,5;28;28;27;
18.01.2019;28;28;27,11;27,11;
17.01.2019;28;28;28,5;28,5;
16.01.2019;28;28,3;27,5;27,11;
15.01.2019;28,3;28,5;28,7;27,6;
14.01.2019;28,5;28;28,7;28;
11.01.2019;28;28;28,58;27,11;
10.01.2019;28;28,5;28,04;28,04;
09.01.2019;28,5;27;29;28;
08.01.2019;27;27;28;28;
07.01.2019;27;26;28;25,4;
04.01.2019;26;26;25,1;25,1;
03.01.2019;26;26,5;26;26;
02.01.2019;26,5;26,5;26;26;
27.12.2018;26,5;26,5;26;26;
21.12.2018;26,5;26,5;27;27;
19.12.2018;26,5;27;26;26;
17.12.2018;27;27;26,55;26,55;
14.12.2018;27;27;28;27;
12.12.2018;27;27;26,5;26,3;
11.12.2018;27;27;27,9;26,65;
10.12.2018;27;27;27,9;27,9;
07.12.2018;27;27;27,5;26,58;
06.12.2018;27;27,5;27,5;26,58;
05.12.2018;27,5;27,5;28;27;
04.12.2018;27,5;27,5;27,7;27;
03.12.2018;27,5;26,8;28,8;27;
30.11.2018;26,8;26,5;27;26;
29.11.2018;26,5;26;28,75;26;
28.11.2018;26;25;25,91;24,22;
27.11.2018;25;26,3;26,79;24,22;
26.11.2018;26,3;24,7;26,3;24,85;
23.11.2018;24,7;24,3;24,8;24,64;
22.11.2018;24,3;24;24,47;24,47;
21.11.2018;24;24;24,5;23,15;
20.11.2018;24;24,5;24,05;24;
19.11.2018;24,5;24,5;24,15;24,05;
16.11.2018;24,5;24,5;24,15;24,15;
15.11.2018;24,5;24,5;24,15;24,15;
14.11.2018;24,5;24,5;24,15;24,15;
13.11.2018;24,5;24;24,82;24;
12.11.2018;24;23;23,99;23,1;
09.11.2018;23;24;24,25;22,42;
08.11.2018;24;24;24,25;23,2;
07.11.2018;24;24;24,51;23,2;
06.11.2018;24;21,8;24,41;22,5;
05.11.2018;21,8;21;22;21,48;
01.11.2018;21;21,5;21,55;20;
31.10.2018;21,5;21,5;21,5;21,1;
30.10.2018;21,5;21,5;21,1;21,1;
29.10.2018;21,5;21,5;21,2;21,2;
26.10.2018;21,5;22;22,22;21;
25.10.2018;22;22,5;20;20;
24.10.2018;22,5;22,5;22,4;22,02;
22.10.2018;22,5;22,5;22,78;22,1;
12.10.2018;22,5;22,5;22,1;22,02;
11.10.2018;22,5;23;22,75;22;
10.10.2018;24;25;24,1;24;
08.10.2018;25;24,7;25,29;24,13;
05.10.2018;24,7;24,7;24,3;24,3;
04.10.2018;24,7;25;24,3;24,3;
03.10.2018;25;25;24,3;24,3;
02.10.2018;25;25;24,3;24,3;
01.10.2018;25;25;24,55;24,3;
27.09.2018;25;25;24,55;24,55;
25.09.2018;25,5;25;25,16;25,1;
24.09.2018;25;26;25,76;24,3;
21.09.2018;26;25,5;27;26;
20.09.2018;25,5;26,5;25,9;24,6;
19.09.2018;25,8;25,5;26,52;25;
18.09.2018;25,5;25,5;25,9;25,1;
17.09.2018;25,5;25,5;26;25;
14.09.2018;25,5;26;26;25;
13.09.2018;26;25;26;24,9;
12.09.2018;25;25,5;25,98;24,13;
11.09.2018;24,5;24,5;24,2;24,1;
10.09.2018;24,5;24,5;24,45;24,05;
07.09.2018;24,5;23,8;24,4;23,4;
06.09.2018;23,8;23,8;24,4;23,4;
05.09.2018;23,8;24;24,4;23,4;
04.09.2018;24;24;24,4;23,5;
03.09.2018;24;24;23,5;23,5;
31.08.2018;24;24;24,4;24,4;
30.08.2018;24;24;23,5;23,5;
29.08.2018;24;24,5;24,7;24,7;
28.08.2018;24,5;24,5;24,2;24,2;
24.08.2018;24,5;24;23,5;23,5;
23.08.2018;24;23,5;24;23,15;
22.08.2018;23,5;23,5;24;23,8;
21.08.2018;23,5;23,7;23,85;22,2;
20.08.2018;23,7;24;24;24;
17.08.2018;24;24;23,16;23,16;
16.08.2018;24;26;26,5;23,16;
14.08.2018;24;24;24,5;24,5;
13.08.2018;24;24;24,5;24,5;
09.08.2018;24;24;23,15;23,15;
07.08.2018;24;24;24,1;24,1;
06.08.2018;24;24;24,1;24,1;
02.08.2018;24;24;24,1;24,1;
01.08.2018;24;24;23;23;
30.07.2018;24,5;24,5;24,68;24,2;
27.07.2018;24,5;24,5;24,7;24,7;
26.07.2018;24,5;24,5;24,9;24,1;
25.07.2018;24,5;24,5;25;24;
24.07.2018;24,5;24,5;24,78;24,78;
23.07.2018;24,5;24,5;24,78;24,1;
19.07.2018;24,5;24,5;24,6;24,1;
17.07.2018;24,5;24,5;25;25;
16.07.2018;24,5;24,5;24,7;24,5;
12.07.2018;24,5;23,8;24,8;24,17;
11.07.2018;23,8;23,5;23,9;23,9;
10.07.2018;23,5;23,3;23,9;23;
09.07.2018;23,3;22,7;26,26;22,56;
06.07.2018;22,7;22,5;22,95;22,5;
05.07.2018;22,5;22,5;22,9;22,8;
04.07.2018;22,5;22,8;22,9;22;
03.07.2018;22,8;23,3;22,74;22,74;
28.06.2018;23,3;23,5;23,1;23,1;
27.06.2018;23,5;23,1;23,82;22,47;
26.06.2018;23,1;23,1;23,2;22,47;
25.06.2018;23,1;23;23,68;22,47;
22.06.2018;21,6;21,6;22;22;
21.06.2018;21,6;21,6;22,02;21,2;
20.06.2018;21,8;22,3;22,54;21,09;
19.06.2018;22,3;22,2;22,5;21,5;
15.06.2018;22,2;22,2;21,92;21,92;
13.06.2018;22,2;21,6;22,6;21,6;
12.06.2018;21,6;21,5;22;21,6;
11.06.2018;21,5;22,9;22;21,26;
08.06.2018;22,9;22,5;23,6;22,25;
07.06.2018;22,5;23,5;24,6;21,5;
06.06.2018;25;25;24,06;24;
05.06.2018;25;25;25,5;22,5;
04.06.2018;25;24,5;25,4;25;
01.06.2018;24,5;24,5;25;25;
31.05.2018;24,5;25;23,86;23,86;
30.05.2018;25;25,3;24,6;24,6;
29.05.2018;25,3;25,3;24,67;24,6;
23.05.2018;25,3;25,5;24,6;24,6;
22.05.2018;25,5;25,5;25,9;25,9;
21.05.2018;25,5;26,5;25,9;25;
18.05.2018;26,5;26,8;26,39;26;
17.05.2018;26,8;26,8;26,39;26,39;
16.05.2018;26,8;26,8;26,39;26,39;
15.05.2018;26,8;25,5;27,6;25,8;
14.05.2018;25,5;26;27,7;25;
11.05.2018;25,8;25,8;25,08;25;
10.05.2018;25,8;26;25,2;25,2;
09.05.2018;26;26;26,7;26,7;
08.05.2018;26;26;26,8;25,2;
04.05.2018;26;26;25,52;25,52;
03.05.2018;26;26;25,52;25,52;
02.05.2018;26;25,5;26,9;25,75;
01.05.2018;25,5;26;26,7;25;
27.04.2018;25,5;25,5;25,8;25;
26.04.2018;25,5;25,5;25,8;25,8;
25.04.2018;25,5;26;26,75;25;
24.04.2018;26;26,7;26,15;26;
20.04.2018;26,7;26,7;27,12;26;
19.04.2018;26,7;26,7;27,37;26;
18.04.2018;26,7;28;28,7;26;
17.04.2018;26;26;25,5;25,5;
13.04.2018;26;26;25,5;25,5;
12.04.2018;26;26;26,8;26,8;
11.04.2018;26;27;28;25,5;
10.04.2018;27;27;27,7;27,7;
09.04.2018;27;27;26,8;26,8;
06.04.2018;27;26;28;25,6;
05.04.2018;26;25;27;25,22;
04.04.2018;25;25;25,69;24,16;
03.04.2018;25;25;24,16;24,14;
29.03.2018;25;25;24,14;24,14;
28.03.2018;25;25;25,69;24,14;
27.03.2018;25;25;25,85;24;
26.03.2018;25;25,5;25,7;24,1;
23.03.2018;25,5;27;26,5;25,1;
22.03.2018;27;27;26,5;26,5;
21.03.2018;27;26;28;25,6;
20.03.2018;26;26;25,6;25,6;
19.03.2018;26;25;27;25,15;
16.03.2018;24,5;24;25;23,26;
15.03.2018;24;23;24;23,2;
14.03.2018;23;23,5;24;22;
13.03.2018;23,5;23,5;23,02;23,02;
12.03.2018;23,5;24;23,4;23,2;
09.03.2018;24;24;24,7;23,4;
07.03.2018;24;24;24,9;24,9;
06.03.2018;24;24;24;24;
05.03.2018;24;24,5;24;24;
02.03.2018;24,5;24;25;24,11;
01.03.2018;24;23,5;24;23,2;
28.02.2018;23,5;23,5;23,75;23;
27.02.2018;23,5;24,5;24;23,1;
26.02.2018;24,5;22,5;25;22,1;
23.02.2018;22,5;22;22,8;22,26;
22.02.2018;22;21,5;23;21,2;
21.02.2018;21,5;21,5;22;21,2;
20.02.2018;21,5;22,8;22,2;21;
19.02.2018;21,2;19,5;21,5;19,25;
15.02.2018;19;19;19,7;18,5;
14.02.2018;19;19;20;18,1;
13.02.2018;19;20;19;19;
12.02.2018;20;19;20;19;
08.02.2018;19;19;18,32;18,32;
07.02.2018;19;19;19,8;18;
06.02.2018;19;19;18;18;
05.02.2018;19,5;19,5;19;19;
02.02.2018;19,5;19,5;19,9;19;
01.02.2018;19,5;20;19,28;19;
30.01.2018;20;20;20;19,49;
29.01.2018;20;20;20,8;19,77;
26.01.2018;20;20;20;19,5;
25.01.2018;20;20;19,5;19,5;
24.01.2018;20;20;19,5;19,5;
23.01.2018;20;20;20,8;19,33;
22.01.2018;20;20;21;19,33;
19.01.2018;20;21;20,5;20;
18.01.2018;21;21;20,2;20;
17.01.2018;21;21,5;21;20,2;
16.01.2018;21,5;21,5;21;21;
15.01.2018;21,5;20,5;22;21;
12.01.2018;20,5;17,5;21;17,26;
11.01.2018;21;21;21,8;20,2;
10.01.2018;21;21;21,9;20,3;
09.01.2018;21;21;21,7;20,6;
08.01.2018;21;21;22;20,55;
05.01.2018;21;21,5;21;21;
04.01.2018;21,5;21,5;21,95;21;
03.01.2018;21,5;21,5;22;22;
02.01.2018;21,5;21,5;22;22;
29.12.2017;21,5;21,5;21;21;
28.12.2017;21,5;21,5;21;21;
27.12.2017;21,5;21,25;22;22;
22.12.2017;21,25;21,25;22;22;
21.12.2017;21,25;20,25;22;20,75;
20.12.2017;20,25;20,5;20,5;20,2;
19.12.2017;20,5;19,5;21;19,1;
18.12.2017;19,5;19,5;19,67;19,1;
15.12.2017;19,5;18,75;19,35;18,52;
14.12.2017;18,75;18,5;19;18,1;
13.12.2017;18,5;18,25;18,38;18,08;
12.12.2017;18,25;18,25;20,26;17,2;
11.12.2017;18,25;18;18,5;17,8;
08.12.2017;18;17,75;18,5;17,39;
07.12.2017;17,75;19;18,5;17,2;
06.12.2017;19;19;18,5;18,5;
05.12.2017;19;19,5;19,43;18,5;
04.12.2017;19,5;20,25;20,26;19;
01.12.2017;20,25;20;20,27;19,1;
30.11.2017;20;20;20,3;20,25;
29.11.2017;20;20;20,35;20,35;
28.11.2017;20;20,25;21;19,65;
27.11.2017;20,25;19,5;21;19,8;
24.11.2017;19,5;18,5;20;17,3;
23.11.2017;18,5;22,5;22,5;17;
21.11.2017;22,5;22,5;22,7;22,7;
20.11.2017;22,5;22,5;22,75;22;
17.11.2017;22,5;22,5;22,11;22,11;
15.11.2017;22,5;22,5;23;22,3;
14.11.2017;22,5;21,75;22,5;21,7;
13.11.2017;21,75;23,25;23,4;21,6;
10.11.2017;23,25;23,25;22,95;22,5;
09.11.2017;23,25;23,25;22,95;22,5;
08.11.2017;23,25;23,25;22,95;22,95;
07.11.2017;23,25;23,5;23;22,55;
03.11.2017;23,5;23,5;23,75;23;
02.11.2017;23,5;22,5;23,65;23;
01.11.2017;22,5;22,25;23;22,08;
31.10.2017;22,25;22,88;22,75;22,02;
30.10.2017;22,88;23,38;22,75;22,5;
27.10.2017;23,13;23,13;23,25;22,85;
26.10.2017;23,13;23,13;23,25;22,75;
25.10.2017;23,13;23,13;23,25;22,75;
24.10.2017;23,13;22,88;23,13;22,75;
23.10.2017;22,88;23,13;22,88;22,5;
20.10.2017;23,13;23,63;23,4;22,75;
19.10.2017;23,63;23,63;23,5;23;
18.10.2017;23,63;23,75;23,85;23;
17.10.2017;23,75;24;23,6;23;
16.10.2017;24;25,75;25,4;23,53;
13.10.2017;25,75;25,75;25,5;25,5;
12.10.2017;25,75;25,75;25,49;25;
11.10.2017;25,75;25,75;25;25;
10.10.2017;25,75;25,75;25;25;
09.10.2017;25,75;25,75;25,63;25;
06.10.2017;25,75;25,75;25,63;25;
05.10.2017;25,75;25,75;25,63;25,63;
03.10.2017;25,75;25,75;25,33;25;
02.10.2017;25,75;25;25,5;25;
29.09.2017;25;24,75;25,5;25;
28.09.2017;24,75;24,5;24,89;24;
27.09.2017;24,5;25,25;24,83;24;
26.09.2017;25,25;25,25;25,55;24,83;
25.09.2017;25,25;24,5;25,45;24,24;
22.09.2017;24,5;24,5;24,75;24,21;
21.09.2017;24,5;25,5;25;24,17;
18.09.2017;25,5;25,5;25,8;25;
15.09.2017;25,5;26,25;26,5;25,35;
14.09.2017;26,25;26,25;26,5;25,23;
13.09.2017;26,25;27,25;26,73;25,38;
12.09.2017;27,25;30;29,8;26,4;
11.09.2017;29,25;29,25;29,33;28,58;
08.09.2017;29,25;29,25;29,8;29,25;
07.09.2017;29,25;28,5;30;28,5;
06.09.2017;28,5;27,5;28,85;27,73;
05.09.2017;27,5;28,5;27,58;27;
04.09.2017;28,5;29,25;29,25;27,5;
01.09.2017;29,25;28,5;28,9;28,25;
31.08.2017;28,5;28,5;28;28;
30.08.2017;28,5;28,5;28,88;28,75;
29.08.2017;28,5;28,25;28,75;28,63;
25.08.2017;28,25;29;29,3;27,25;
24.08.2017;29;27;29,7;27,9;
23.08.2017;27;26,25;27,35;26,01;
22.08.2017;26,25;26,25;26,55;26,48;
21.08.2017;26,25;26,25;26,45;25,7;
18.08.2017;26,25;26,13;26,19;25,7;
17.08.2017;26,13;26,13;26,5;25,56;
16.08.2017;26,13;25,88;26,25;26,12;
15.08.2017;25,88;25;25,88;24,5;
14.08.2017;25;26;25,95;24,5;
10.08.2017;26,25;26,25;27;26,22;
09.08.2017;26,25;27,75;28,5;25,33;
08.08.2017;27,75;27,75;28,5;27,32;
07.08.2017;27,75;27,75;28,4;27,23;
04.08.2017;27,75;27,25;28;27,08;
03.08.2017;27,25;27,25;27,5;27,08;
02.08.2017;27,25;27,25;27,4;27;
01.08.2017;27,25;28;28;27,02;
31.07.2017;28;28;28,6;27,3;
28.07.2017;28;28,5;28;28;
27.07.2017;28,5;29,25;28,75;28;
26.07.2017;29,25;29;29,63;28;
25.07.2017;29;29,25;29,63;28,5;
24.07.2017;29,25;29,5;29,6;28;
21.07.2017;29,5;28;29,5;29;
20.07.2017;28;28;29;27,4;
19.07.2017;28;27,5;28;27,15;
18.07.2017;27,5;28,5;27,8;27;
17.07.2017;28,5;29,25;29,4;28,02;
14.07.2017;29,25;26,5;29,5;26,3;
13.07.2017;26,5;27,5;28;26,2;
12.07.2017;27,5;28,5;28,44;27;
11.07.2017;28,5;29,25;29;28;
10.07.2017;29,25;30,5;30,25;28,5;
07.07.2017;30,5;31,5;31;30;
06.07.2017;31,5;31,5;31,14;31;
05.07.2017;31,5;31,25;31,15;31,15;
04.07.2017;31,25;31,25;31,77;30,3;
03.07.2017;30,5;31,5;30,85;30;
30.06.2017;31,5;32;31,7;31;
29.06.2017;32;32;32,2;32,2;
28.06.2017;32;33,25;32,25;32;
26.06.2017;33,25;33,25;33;32,5;
23.06.2017;33,25;32,5;33,25;32;
22.06.2017;32,5;32,75;32;31,5;
21.06.2017;32,75;33,5;33,11;32;
20.06.2017;33,5;31,75;34;33;
19.06.2017;31,75;30,75;31,82;30;
16.06.2017;30,75;31,25;30,69;30,5;
15.06.2017;31,25;31,25;31,61;31,61;
14.06.2017;31,25;31,5;32;30,73;
13.06.2017;31,5;31,5;31,77;30;
12.06.2017;31,5;31,5;31,5;31;
09.06.2017;31,5;31,75;32;31;
08.06.2017;31,75;32;32,5;31,38;
07.06.2017;32;32,5;32,7;31,25;
06.06.2017;32,5;33,25;32,65;32;
05.06.2017;33,25;33,25;34;32,5;
02.06.2017;33,25;32,5;34,5;32,88;
01.06.2017;32,5;33,5;33;32,1;
31.05.2017;33,25;33,75;34;32,72;
30.05.2017;33,75;33,5;34;32,51;
26.05.2017;33,5;34,5;34,25;31;
25.05.2017;34,5;35,5;35,15;33,5;
24.05.2017;35,5;37,25;37,78;35,1;
23.05.2017;37,25;36;38;35,03;
22.05.2017;36;38;38,45;35;
19.05.2017;38;38,5;38,5;37,5;
18.05.2017;38,5;38,5;38,8;38,04;
17.05.2017;38,5;38,5;38,75;38;
16.05.2017;38,5;38,5;38,89;38;
15.05.2017;38,5;38;38,56;37,5;
12.05.2017;38;38;38,4;37,5;
11.05.2017;38;38;38,5;37,37;
10.05.2017;38;37;38,5;36,83;
09.05.2017;37;36,5;37,1;36,13;
08.05.2017;36,5;35,5;37;35,87;
05.05.2017;35,5;36,5;36,13;35,19;
04.05.2017;36,5;35,25;37;34,72;
03.05.2017;35,25;34,5;36;33,31;
02.05.2017;34,5;33,5;36;33,88;
28.04.2017;33,5;34;35,24;33;
27.04.2017;34;34,75;35,2;33;
26.04.2017;34,75;34;35,7;32;
25.04.2017;32,5;31,75;33;31,74;
24.04.2017;31,75;31,63;32,5;31;
21.04.2017;31,63;29,75;32;29,23;
20.04.2017;29,75;29,75;29,15;29,15;
19.04.2017;29,75;30;30,48;29,2;
18.04.2017;30;30;30,4;29,33;
13.04.2017;30;30,75;30,67;29,91;
11.04.2017;30,75;30,75;30,98;30;
10.04.2017;30,75;31,25;31,2;30;
07.04.2017;31,25;31;31,1;30;
06.04.2017;30,75;31;30,8;30,46;
05.04.2017;31;31;31;30,5;
04.04.2017;31;31;31;29,75;
03.04.2017;30,5;31,5;30,9;30;
31.03.2017;31,5;32;31,75;30,56;
30.03.2017;32;33;33,76;32;
29.03.2017;33;30,25;33,3;30,7;
28.03.2017;28,5;28,5;29;28,3;
27.03.2017;28,5;28,5;28,3;28,2;
24.03.2017;28,5;29,5;29;28,2;
23.03.2017;29,5;29,5;30;29,33;
22.03.2017;29,5;29,5;30;29,15;
21.03.2017;29,5;29,5;29,15;29,13;
20.03.2017;29,5;29,5;30,3;29,25;
17.03.2017;29,5;28,5;30;28,3;
16.03.2017;28,5;28,5;31;28,13;
15.03.2017;28,5;29;29;28;
14.03.2017;29;28,5;30,77;28,33;
13.03.2017;28;28;28,9;27,25;
10.03.2017;28;28;27,25;27,25;
08.03.2017;28,25;27,5;28;27,13;
07.03.2017;27,5;27,5;27,75;26,5;
06.03.2017;27,5;27,75;28,13;26,5;
03.03.2017;27,75;27,75;28,2;27,23;
02.03.2017;27,75;28;28,4;27,63;
01.03.2017;28;27,5;28,4;27,95;
28.02.2017;27,5;28,25;27,86;27;
27.02.2017;28,25;28,25;28,72;27,67;
24.02.2017;28,25;28;28,75;27,67;
23.02.2017;28;28,75;28;27,11;
22.02.2017;28,75;28,5;29;28;
21.02.2017;28,5;29;29,49;28;
20.02.2017;29;30;29,55;28,25;
17.02.2017;30;29,75;30,65;29,11;
16.02.2017;29,75;30,5;30,11;29;
15.02.2017;30,5;29;30,99;28,1;
14.02.2017;29;28;29,24;27,3;
13.02.2017;28;28,25;28,9;27,69;
10.02.2017;28,25;29,5;30;27,69;
09.02.2017;29,5;29;30;29,7;
08.02.2017;29;28,25;28,85;27,73;
07.02.2017;28,25;27,75;28,81;27,89;
06.02.2017;27,75;25,5;28;25,85;
03.02.2017;25,5;24,5;25,81;24,5;
02.02.2017;24,5;25,5;25,05;23,22;
01.02.2017;25,5;27;26,19;25,05;
31.01.2017;27;26,5;26,88;26;
30.01.2017;26,5;28;28,2;26,89;
27.01.2017;28;28;28,25;27,5;
26.01.2017;28;28;28,3;28,3;
25.01.2017;28;28,5;28,4;27,5;
24.01.2017;28,5;29,5;29,6;27,65;
23.01.2017;29,5;28;31,5;28,25;
20.01.2017;28;28,25;28,4;27,67;
19.01.2017;28,25;27,5;28,75;26;
18.01.2017;27,5;27,5;28;27;
17.01.2017;27,5;28,75;28,42;27,1;
16.01.2017;28,75;29,75;29,75;28,15;
13.01.2017;29,75;29,5;30;29,7;
12.01.2017;29,5;29,75;30;29,15;
11.01.2017;29,75;29,25;30,7;29,35;
10.01.2017;29,25;31,13;30,65;28,1;
09.01.2017;31,13;32,5;32,85;30;
06.01.2017;32,5;32,5;32,99;32,15;
05.01.2017;32,5;32,63;34;31,1;
04.01.2017;32,38;29,25;32,41;28,15;
03.01.2017;29,25;27,5;29,63;28;
30.12.2016;27,25;26,75;27,5;27;
29.12.2016;26,75;26,5;27,25;26,63;
28.12.2016;26,5;26,13;27;25,84;
23.12.2016;26,13;25,63;26,5;25,5;
22.12.2016;25,63;25;26,5;24,5;
21.12.2016;25;25;25,38;24,63;
20.12.2016;25;25,13;25,2;24,61;
19.12.2016;25,13;24,38;25;24,34;
16.12.2016;24,38;23,63;24,49;23,48;
15.12.2016;23,63;25,25;26;22,75;
14.12.2016;25,25;25,5;26;25,03;
13.12.2016;25,38;25,25;26;24,8;
12.12.2016;25,13;23,5;25,5;22,6;
09.12.2016;22;22,5;22,4;21,75;
08.12.2016;22,5;22,75;22,5;22,5;
07.12.2016;22,75;23,5;23,35;22,56;
06.12.2016;23,5;23,5;23,34;23,34;
05.12.2016;23,5;23,5;23,5;23,5;
02.12.2016;23,75;23,5;24,5;23,95;
01.12.2016;23,5;23,25;24;22,81;
30.11.2016;23,25;23;23,39;22,8;
29.11.2016;23;22,75;22,48;22,48;
28.11.2016;22,75;22,13;23,5;21,98;
25.11.2016;22,13;22,5;22,13;21,5;
24.11.2016;22,5;22,5;22,9;22,3;
23.11.2016;22,25;21;22,5;21,38;
22.11.2016;21;21,5;20,94;20,5;
21.11.2016;21,5;21,5;21,85;21,75;
18.11.2016;21,5;21,5;21,75;21,11;
17.11.2016;21,5;21,5;21,85;21,15;
16.11.2016;21,5;21,25;21,85;21,11;
15.11.2016;21,25;19,5;22,5;20;
14.11.2016;19,5;19,38;20;19,15;
11.11.2016;19,38;19,38;19,38;19,38;
10.11.2016;19,5;19,5;19,7;19;
09.11.2016;19,5;19,63;19,75;18,88;
08.11.2016;20,38;20,5;20,7;20;
07.11.2016;20,5;20,63;21;20;
04.11.2016;20,63;21,5;21,13;20,11;
03.11.2016;21,5;21,25;22;20,5;
02.11.2016;21,25;21;21,49;21;
01.11.2016;21;19,5;21,39;19,69;
31.10.2016;19,5;19;20;19;
28.10.2016;18,25;18,25;18,65;17,95;
27.10.2016;18,25;18,38;18,25;17,91;
26.10.2016;18,38;18,38;18,38;18,38;
25.10.2016;18,38;18,38;18,63;17,9;
24.10.2016;18,38;18,38;18,7;18,7;
21.10.2016;18,38;18;18,5;17,77;
20.10.2016;18;19;18,5;18;
19.10.2016;19;18,5;19,18;18,73;
18.10.2016;18,5;19,25;19,32;18,09;
17.10.2016;19,25;20;20,3;18,45;
14.10.2016;20;19,63;20,39;19,5;
13.10.2016;19,63;19,25;20,31;19,34;
12.10.2016;19,25;19;19,62;18,8;
11.10.2016;19;18,25;19,5;17,74;
10.10.2016;18,25;16,88;19;16,44;
07.10.2016;15,5;15,88;15,9;15,57;
06.10.2016;15,88;16,25;16;15,65;
05.10.2016;16,25;15,5;16,4;15,5;
04.10.2016;15,5;15,5;15;15;
03.10.2016;15,5;15,5;15,5;15,5;
30.09.2016;15,5;15,5;15,5;15,5;
29.09.2016;15,5;15,5;15,4;15,1;
28.09.2016;15,5;15,5;15;15;
27.09.2016;15,5;15,5;15,5;15;
26.09.2016;15,5;15,5;15,7;15;
23.09.2016;15,5;15,5;14,13;14,13;
22.09.2016;15,5;15,63;15,02;15,02;
21.09.2016;15,63;15,75;15,62;15;
20.09.2016;15,75;15,75;15,65;15,65;
19.09.2016;15,75;15,75;15;15;
16.09.2016;15,75;15,63;15,75;15,38;
15.09.2016;15,63;16,63;16,5;15;
14.09.2016;16,63;17,13;16,77;16,5;
13.09.2016;17,13;17,25;17,38;16,75;
12.09.2016;17,25;17,25;17,38;17,38;
09.09.2016;17,25;17,38;17,09;17;
08.09.2016;17,38;17,63;17,29;17,25;
07.09.2016;17,63;18;18,38;16,5;
06.09.2016;17,75;17,63;18;18;
05.09.2016;17,63;17,63;17,34;17,25;
02.09.2016;17,63;17,38;17,9;17,5;
01.09.2016;17,38;17,13;17,74;17,25;
31.08.2016;17,13;16,75;17,66;16,58;
30.08.2016;16,75;16,5;17;16,5;
26.08.2016;16,5;16,5;16,75;16,74;
25.08.2016;16,5;16,5;16,01;16,01;
24.08.2016;16,5;16,5;16,9;16,13;
23.08.2016;16,5;16,5;16,78;16,11;
22.08.2016;16,5;16,5;16,88;16,78;
19.08.2016;16,5;16,5;16,85;16,75;
18.08.2016;16,5;16,5;17;16,21;
17.08.2016;16,5;16,5;16,5;16,06;
16.08.2016;16,5;15,63;16,5;15,6;
15.08.2016;15,38;15,38;15,73;15,1;
12.08.2016;15,38;15,5;15,68;15,6;
11.08.2016;15,38;15,38;15,66;15,66;
10.08.2016;15,38;15,38;15,6;15,39;
09.08.2016;15,38;15,5;15,51;15,35;
08.08.2016;15,5;15,63;15,98;15,5;
05.08.2016;15,63;15,63;15,44;15,44;
04.08.2016;15,63;15,63;15,44;15,44;
03.08.2016;15,63;15,63;15,44;15,44;
02.08.2016;15,63;15,5;16;15,3;
01.08.2016;15,5;14,38;15,5;14,64;
29.07.2016;14,38;14,38;14,38;14,38;
28.07.2016;14,38;14,38;14,38;14,38;
27.07.2016;14,38;14,38;14,38;14,38;
26.07.2016;14,38;14,38;14,12;14,12;
25.07.2016;14,38;14,5;15;14;
22.07.2016;13,38;13,25;13,28;13,28;
21.07.2016;13,25;13,63;13,89;13,29;
20.07.2016;13,63;12;13,89;12,25;
19.07.2016;12;12;12,25;12,25;
18.07.2016;12;12,13;12,19;11,75;
15.07.2016;12,13;12,13;12,13;12,13;
14.07.2016;12,13;12,13;11,84;11,75;
13.07.2016;12,13;12,13;11,84;11,84;
12.07.2016;12,13;12,13;12,41;12,41;
11.07.2016;12,13;12,13;12,4;12,4;
08.07.2016;12,13;12,13;12,13;12,13;
07.07.2016;12,13;12,13;11,85;11,85;
06.07.2016;12,13;12,13;12,13;12,13;
05.07.2016;12,38;12,38;12,64;12,64;
04.07.2016;12,38;12,38;12,11;12,11;
01.07.2016;12,38;12,38;12,11;12,11;
30.06.2016;12,38;12,25;12,66;11,88;
29.06.2016;12,25;12,5;12,45;12;
28.06.2016;12,5;12,5;12,45;12;
27.06.2016;12,5;12,75;13;12,5;
24.06.2016;12,75;12,75;12,75;12,75;
23.06.2016;13,5;13,5;13,3;13,3;
22.06.2016;13,5;13,5;13,63;13,63;
21.06.2016;13,5;13,5;13,5;13,5;
20.06.2016;13,5;13,5;13,31;13,25;
17.06.2016;13,5;13,5;13,5;13,5;
16.06.2016;13,5;13,5;13,31;13,31;
15.06.2016;13,5;13,5;13,5;13,5;
14.06.2016;13,5;13,63;13,25;13,25;
13.06.2016;13,63;13,75;13,48;13,48;
10.06.2016;13,75;13,75;13,9;13,5;
09.06.2016;13,75;13,75;13,9;13,56;
08.06.2016;13,75;13,63;13,75;13,75;
07.06.2016;13,63;13,63;13,63;13,63;
06.06.2016;13,63;13,63;13,75;13,75;
03.06.2016;13,63;13,63;13,63;13,63;
02.06.2016;13,63;13,63;13,34;13,34;
01.06.2016;13,63;13,63;13,5;13,44;
31.05.2016;13,63;13,63;13,63;13,63;
27.05.2016;13,63;13,63;13,9;13,55;
26.05.2016;13,63;13,63;13,8;13,8;
25.05.2016;13,63;13,63;13,5;13,5;
24.05.2016;13,63;13,63;13,63;13,63;
23.05.2016;13,63;13,63;13,9;13,9;
20.05.2016;13,63;14;13,75;13,41;
19.05.2016;14;14;13,6;13,6;
18.05.2016;14;14;14;14;
17.05.2016;14;14;13,63;13,63;
16.05.2016;14;14;13,63;13,63;
13.05.2016;14;14;13,94;13,8;
12.05.2016;14,13;14;14,39;13,84;
11.05.2016;14,13;13,75;14,39;14;
10.05.2016;13,75;13,75;13,75;13,75;
09.05.2016;13,75;13,75;13,75;13,75;
06.05.2016;13,75;13,88;14;13,65;
05.05.2016;13,88;14;14,45;13,69;
04.05.2016;14;14;14;14;
03.05.2016;14;14;14,4;13,65;
29.04.2016;14;13,88;14;13,59;
28.04.2016;13,88;14;14;13,71;
27.04.2016;14;14;13,85;13,85;
26.04.2016;14;14;14,4;13,85;
25.04.2016;14;14;14,38;13,82;
22.04.2016;14;14;13,75;13,75;
21.04.2016;14;14;14,25;13,7;
20.04.2016;14;14;14,1;13,69;
19.04.2016;14;14;14,1;13,69;
18.04.2016;14;14;14,18;13,6;
15.04.2016;14;14,25;14,41;13,75;
14.04.2016;14,25;14,13;15;14;
13.04.2016;13,25;13,25;13,2;13,2;
12.04.2016;13,25;13,25;13,2;13,2;
11.04.2016;13,25;13,38;14,5;12,32;
08.04.2016;13,38;13,13;13,46;12,9;
07.04.2016;13,13;12,88;13;13;
06.04.2016;12,88;12,63;12,93;12,93;
05.04.2016;12,63;12,63;12,93;12,45;
04.04.2016;12,63;12,63;12,93;12,9;
01.04.2016;12,63;12,63;12,9;12,4;
31.03.2016;12,63;12,63;12,9;12,9;
30.03.2016;12,63;12,63;12,63;12,63;
29.03.2016;12,63;12,5;12,93;12,4;
24.03.2016;12,5;12,5;12,5;12,5;
23.03.2016;12,75;12,75;12,75;12,75;
22.03.2016;12,75;12,75;12,9;12,9;
21.03.2016;12,75;12,63;12,88;12,79;
18.03.2016;12,63;12,75;12,53;12,38;
17.03.2016;12,75;12,63;12,97;12,36;
16.03.2016;12,63;12,63;12,36;12,36;
15.03.2016;12,63;12,75;13,4;12,4;
14.03.2016;12,38;12,38;12;12;
11.03.2016;12,38;12,38;12,38;12,38;
10.03.2016;12,38;12,25;12,15;12,15;
09.03.2016;12,25;12,25;12;12;
08.03.2016;12,25;12,38;12,2;12;
07.03.2016;12,38;12,38;12,3;12;
04.03.2016;12,38;12,63;12,25;12,09;
03.03.2016;12,63;12,63;13;12,35;
02.03.2016;12,63;12,63;12,63;12,63;
01.03.2016;12,63;12,63;12,25;12,25;
29.02.2016;12,63;12,63;12,35;12,25;
26.02.2016;12,63;12,63;12,25;12,25;
25.02.2016;12,63;12,63;12,63;12,63;
24.02.2016;12,63;12,63;12,35;12,35;
23.02.2016;12,63;12,63;12,25;12,25;
22.02.2016;12,63;12,63;12,63;12,63;
19.02.2016;12,63;12,63;12,25;12,25;
18.02.2016;12,63;12,63;12,25;12,25;
17.02.2016;12,63;12,63;12,25;12,25;
16.02.2016;12,63;12,63;12,63;12,63;
15.02.2016;12,63;12,63;12,63;12,63;
12.02.2016;12,63;12,63;12,25;12,25;
11.02.2016;12,63;12,63;12,25;12,25;
10.02.2016;12,63;12,63;12,26;12,25;
09.02.2016;12,63;12,63;12,26;12,26;
08.02.2016;12,63;12,63;12,68;12,26;
05.02.2016;12,63;12,63;12,9;12,9;
04.02.2016;12,63;12,63;12,69;12,26;
03.02.2016;12,63;12,63;12,63;12,63;
02.02.2016;12,63;12,63;12,69;12,68;
01.02.2016;12,63;12,63;12,69;12,69;
29.01.2016;12,63;12,63;12,25;12,25;
28.01.2016;12,63;12,63;12,25;12,25;
27.01.2016;12,63;12,63;12,3;12,3;
26.01.2016;12,63;12,63;12,63;12,63;
25.01.2016;12,63;12,63;12,63;12,63;
22.01.2016;12,63;12,63;12,63;12,63;
21.01.2016;12,63;12,63;12,25;12,25;
20.01.2016;12,63;12,63;12,63;12,63;
19.01.2016;12,63;12,63;12,3;12,25;
18.01.2016;12,63;12,63;12,63;12,63;
15.01.2016;12,63;12,63;12,63;12,63;
14.01.2016;12,63;12,75;12,75;12,28;
13.01.2016;12,75;12,38;12,85;12,6;
12.01.2016;12,38;12,25;12,5;12;
11.01.2016;12,25;12,25;12,25;12,25;
08.01.2016;12,25;12,25;12;12;
07.01.2016;12,25;12,25;12,25;12,25;
06.01.2016;12,25;12,25;12,25;12,25;
05.01.2016;12,25;12,25;12,25;12;
04.01.2016;12,25;12,25;12,3;12,05;
31.12.2015;12,25;12,25;12,3;12,25;
30.12.2015;12,25;12,25;12,3;12;
29.12.2015;12,25;12,25;12;12;
24.12.2015;12,25;12,25;12,3;12,3;
23.12.2015;12,25;12,25;12,33;12,33;
22.12.2015;12,25;12,25;12,25;12,25;
21.12.2015;12,25;12,25;12,25;12,25;
18.12.2015;12,25;12,75;12,5;11,75;
17.12.2015;12,75;12,75;12,75;12,75;
16.12.2015;12,75;12,5;12,73;12,63;
15.12.2015;12,5;12,63;12,26;12,26;
14.12.2015;12,63;12,63;12,81;12,81;
11.12.2015;12,63;13,25;12,75;12,5;
10.12.2015;13,25;13,13;13;12,75;
09.12.2015;13,13;13,13;13,25;12,75;
08.12.2015;13,13;13,13;13,05;12,75;
07.12.2015;13,13;13,13;13,13;13,13;
04.12.2015;13,25;13,5;13,5;12,75;
03.12.2015;13,5;13,5;13,5;13,5;
02.12.2015;13,5;13,5;13,5;13,5;
01.12.2015;13,5;13,5;13,3;13,3;
30.11.2015;13,5;13,25;13,3;13,3;
27.11.2015;13,25;13,25;13,25;13,25;
26.11.2015;13,25;12,88;13,3;12,75;
25.11.2015;12,88;13,25;13,1;12,75;
24.11.2015;13,25;13,88;13,5;13,5;
23.11.2015;13,88;13,88;13,65;13,65;
20.11.2015;13,88;13,88;14,04;13,6;
19.11.2015;13,88;13,88;13,6;13,6;
18.11.2015;13,88;13,88;13,88;13,88;
17.11.2015;13,88;13,88;13,88;13,88;
16.11.2015;13,88;13,88;13,88;13,88;
13.11.2015;13,88;13,88;13,6;13,6;
12.11.2015;13,88;13,88;14,04;14,04;
11.11.2015;13,88;13,88;14,04;14,04;
10.11.2015;13,88;13,88;13,61;13,6;
09.11.2015;13,88;13,88;13,61;13,6;
06.11.2015;13,88;13,88;13,88;13,88;
05.11.2015;13,88;14;13,61;13,61;
04.11.2015;14;14;14,18;14,18;
03.11.2015;14;13,88;14,25;13,77;
02.11.2015;13,88;13,88;14,15;14,15;
30.10.2015;13,88;13,88;13,88;13,88;
29.10.2015;14;14,38;14,65;14;
28.10.2015;14,38;13,5;14,5;13,9;
27.10.2015;13,5;13,5;13,5;13,5;
26.10.2015;13,5;13,75;13,61;13,61;
23.10.2015;13,75;13;13,9;13,13;
22.10.2015;13;13;12,61;12,61;
21.10.2015;13;13,25;13;12,61;
20.10.2015;13,25;13,25;13,25;13,25;
19.10.2015;13,25;13,25;13;13;
16.10.2015;13,25;13,25;13,25;13,25;
15.10.2015;13,25;13,25;13,48;13;
14.10.2015;13,25;13,38;13,5;13,5;
13.10.2015;13,38;13,5;14;13,05;
12.10.2015;13,5;14,5;14,56;12,97;
09.10.2015;12,5;12,5;12;12;
08.10.2015;12,5;12,5;12,26;12,26;
07.10.2015;12,5;12,5;12,26;12,26;
06.10.2015;12,5;12,5;12,5;12,5;
05.10.2015;12,5;12,5;12,5;12,5;
02.10.2015;12,5;12,5;12,26;12,26;
01.10.2015;12,5;12,5;12,5;12,5;
30.09.2015;12,5;12,5;12,5;12,5;
29.09.2015;12,5;12,5;12,33;12,26;
28.09.2015;12,5;12,5;12,8;12,33;
25.09.2015;12,5;12,5;12,33;12,33;
24.09.2015;12,5;12,5;12,33;12,33;
23.09.2015;12,5;12,75;12,33;12,33;
22.09.2015;12,75;12,75;12,75;12,75;
21.09.2015;12,75;12,75;12,75;12,75;
18.09.2015;12,75;12,75;12,75;12,75;
17.09.2015;12,75;12,75;13;12,5;
16.09.2015;12,75;13,13;12,83;12,5;
15.09.2015;13,13;12,75;13;12,72;
14.09.2015;12,75;12,88;12,73;12,73;
11.09.2015;12,88;12,88;12,84;12,84;
10.09.2015;12,88;12,88;13;12,81;
09.09.2015;12,88;12,5;13;12,56;
08.09.2015;12,5;11,75;13;12,15;
07.09.2015;11,63;11,63;12;12;
04.09.2015;11,63;11,63;11,36;11,36;
03.09.2015;11,63;11,75;12;11,36;
02.09.2015;11,63;11,63;11,43;11,25;
01.09.2015;11,63;11,63;11,43;11,43;
28.08.2015;11,63;11,63;11,63;11,63;
27.08.2015;11,5;11,5;11,68;11,68;
26.08.2015;11,5;11,5;11,5;11,35;
25.08.2015;11,5;11,5;11,5;11,5;
24.08.2015;11,5;11,5;11,35;11,32;
21.08.2015;11,5;11,5;11,32;11,32;
20.08.2015;11,5;11,5;11,5;11,5;
19.08.2015;11,5;11,5;11,32;11,32;
18.08.2015;11,5;11,5;11,31;11,31;
17.08.2015;11,5;11,5;11,5;11,5;
14.08.2015;11,5;11,5;11,5;11,31;
13.08.2015;11,5;11,5;11,31;11,31;
12.08.2015;11,5;11,5;11,31;11,31;
11.08.2015;11,5;11,5;11,31;11,31;
10.08.2015;11,5;11,5;11,31;11,31;
07.08.2015;11,5;11,5;11,35;11,25;
06.08.2015;11,5;11,75;11,75;11,75;
05.08.2015;11,75;11,88;12;11,25;
04.08.2015;11,88;11,88;12;11,3;
03.08.2015;11,88;12;12,12;11,5;
31.07.2015;12;11,13;12,25;11,4;
30.07.2015;11,13;10,88;11;11;
29.07.2015;10,88;10,5;11;10,25;
28.07.2015;10,5;10,25;10,75;10,3;
27.07.2015;10,13;10,13;10,13;10,13;
24.07.2015;10,25;10,25;10,25;10,25;
23.07.2015;10,5;10,5;10,01;10,01;
22.07.2015;10,5;10,5;10,1;10,1;
21.07.2015;10,5;10,5;10,5;10,5;
20.07.2015;10,5;10,5;10,69;10,69;
17.07.2015;10,5;10,5;10,5;10,5;
16.07.2015;10,5;10,63;10,25;10,25;
15.07.2015;10,63;10,63;10,3;10,3;
14.07.2015;10,63;10,63;10,63;10,63;
13.07.2015;10,63;10,63;10,63;10,63;
10.07.2015;10,63;10,63;10,79;10,79;
09.07.2015;10,63;10,63;10,79;10,79;
08.07.2015;10,63;10,63;10,8;10,8;
07.07.2015;10,63;11;10,93;10,5;
06.07.2015;11;11;10,56;10,55;
03.07.2015;11;11;11;11;
02.07.2015;11;11;11;11;
01.07.2015;11;11;11,25;10,88;
30.06.2015;11;11;10,66;10,6;
29.06.2015;11;11;10,65;10,58;
26.06.2015;11;11;10,58;10,58;
25.06.2015;11;11;10,58;10,58;
24.06.2015;11;11;10,58;10,57;
23.06.2015;11;11;11,19;10,57;
22.06.2015;11;10,75;11;11;
19.06.2015;10,75;10,63;10,9;10,5;
18.06.2015;10,63;10,75;10,56;10,56;
17.06.2015;10,75;10,75;10,75;10,75;
16.06.2015;10,75;10,88;10,8;10,8;
15.06.2015;10,88;10,88;10,88;10,88;
12.06.2015;10,75;10,75;10,5;10,5;
11.06.2015;10,75;10,75;10,75;10,75;
10.06.2015;10,75;11;11;10,5;
09.06.2015;11;11;11;11;
08.06.2015;11,13;11,13;11,13;11,13;
05.06.2015;11,13;11,13;11,13;11,13;
04.06.2015;11,13;11,13;10,75;10,75;
03.06.2015;11,13;11,13;11,13;11,13;
02.06.2015;11,13;11,13;10,75;10,75;
01.06.2015;11,13;11,13;10,75;10,75;
29.05.2015;11,13;11,25;11,45;10,75;
28.05.2015;11,25;11,25;11,25;11,25;
27.05.2015;11,25;11,25;11,25;11,25;
26.05.2015;11,25;11,25;11,3;11;
22.05.2015;11,25;11,25;11,25;11,25;
21.05.2015;11,25;11,25;11,25;11,25;
20.05.2015;11,25;11;11,2;11,2;
19.05.2015;11;11;11;11;
18.05.2015;11;11;10,55;10,55;
15.05.2015;11;11;11;11;
14.05.2015;11;11;11,25;10,5;
13.05.2015;11;11,13;10,75;10,6;
12.05.2015;11,13;11,13;11,13;11,13;
11.05.2015;11,13;11,25;11,25;11;
08.05.2015;11,25;11,38;11,25;11;
07.05.2015;11,38;11,38;11,25;11;
06.05.2015;11,38;11,5;11;11;
05.05.2015;11,5;11,75;11,6;11,25;
01.05.2015;11,75;11,38;11,9;11,75;
30.04.2015;11,38;11,5;11,1;11,1;
29.04.2015;11,5;11,63;11,75;11,56;
28.04.2015;11,63;11,63;11,56;11,56;
27.04.2015;11,63;11,63;11,64;11,56;
24.04.2015;11,63;11,63;11,63;11,63;
23.04.2015;11,63;11,5;11,7;11,25;
22.04.2015;11,5;11,38;11,77;11,39;
21.04.2015;11,25;11,25;11,39;11,39;
20.04.2015;11,25;11,25;11;11;
17.04.2015;11,25;11,75;11,13;11;
16.04.2015;11,75;11,75;11,5;11,5;
15.04.2015;11,75;11,75;11,75;11,75;
14.04.2015;11,75;10,63;11,5;10,7;
13.04.2015;10,38;10,38;10,3;10,3;
10.04.2015;10,38;10,38;10,3;10;
09.04.2015;10,38;10,38;10,35;10,05;
08.04.2015;10,38;10,25;10,35;10;
07.04.2015;10,25;10,25;10,4;10,1;
02.04.2015;10,25;10,25;10,25;10,25;
01.04.2015;10,25;10,25;10,06;10;
31.03.2015;10,25;11,13;10,75;10,03;
30.03.2015;11,13;11,38;11,22;10,75;
27.03.2015;11,38;11,38;11,76;11,08;
26.03.2015;11,38;11,38;11,08;11,08;
25.03.2015;11,38;11,63;11,5;11,28;
24.03.2015;11,63;11,88;11,75;11,29;
23.03.2015;11,88;11,88;11,88;11,5;
20.03.2015;11,88;11,88;11,75;11,75;
19.03.2015;11,88;11,88;11,81;11,81;
18.03.2015;11,88;11,88;11,88;11,88;
17.03.2015;11,88;12,13;12,01;11,5;
16.03.2015;12,13;12,38;13;11,5;
13.03.2015;12,13;12,13;12,13;12,12;
12.03.2015;12,13;12,13;12,15;11,8;
11.03.2015;12,13;12,13;11,75;11,75;
10.03.2015;12,13;12,25;12,18;11,75;
09.03.2015;12,25;12,63;12,01;12;
06.03.2015;12,63;12,63;12,63;12,63;
05.03.2015;12,63;12,63;12,63;12,63;
04.03.2015;12,63;12,5;12,69;12,25;
03.03.2015;12,38;12,75;13,44;11,75;
02.03.2015;12,13;12,13;12,13;12,13;
27.02.2015;12,13;12,13;12,1;12,1;
26.02.2015;12,13;12,13;12,13;12,13;
25.02.2015;12,13;12,38;12,01;12;
24.02.2015;12,38;12,38;12,25;12,25;
23.02.2015;12,38;12,38;12,45;12,45;
20.02.2015;12,38;12,75;12,5;12,25;
19.02.2015;12,75;12,75;12,5;12,5;
18.02.2015;12,75;12,88;12,75;12,5;
17.02.2015;12,88;12,75;13;12,75;
16.02.2015;12,75;12,25;12,75;12,25;
13.02.2015;12,25;12,13;12,48;12;
12.02.2015;12,13;12,13;12,24;12,24;
11.02.2015;12,13;11,88;12;11,75;
10.02.2015;11,88;11,88;11,75;11,75;
09.02.2015;11,88;11,88;11,75;11,75;
06.02.2015;11,88;11,88;11,75;11,75;
05.02.2015;11,88;11,88;11,9;11,75;
04.02.2015;11,88;11,88;11,88;11,88;
03.02.2015;11,88;11,88;11,75;11,75;
02.02.2015;11,88;11,88;11,75;11,75;
30.01.2015;11,88;11,88;11,75;11,75;
29.01.2015;11,88;11,88;11,9;11,75;
28.01.2015;11,88;11,88;11,75;11,75;
27.01.2015;11,88;11,88;11,75;11,75;
26.01.2015;11,88;11,88;11,75;11,75;
23.01.2015;11,88;11,88;11,75;11,75;
22.01.2015;11,88;11,88;11,8;11,75;
21.01.2015;11,88;11,75;11,75;11,75;
20.01.2015;11,75;11,75;11,75;11,51;
19.01.2015;11,75;11,75;11,51;11,25;
16.01.2015;11,75;11,75;11,51;11,51;
15.01.2015;11,75;11,75;11,51;11,5;
14.01.2015;11,75;11,75;11,85;11,51;
13.01.2015;11,63;11,63;11,5;11,5;
12.01.2015;11,63;11,63;11,74;11,5;
09.01.2015;11,63;11,63;11,5;11,5;
08.01.2015;11,63;11,63;11,5;11,5;
07.01.2015;11,63;11,63;11,5;11,5;
06.01.2015;11,63;11,63;11,75;11,48;
05.01.2015;11,63;11,5;11,75;11,25;
02.01.2015;11,5;11,88;11,75;11,25;
31.12.2014;11,88;11,63;12;11,75;
30.12.2014;11,63;10,63;12,5;10,63;
29.12.2014;10,63;10,63;10,6;10,26;
24.12.2014;10,63;10,75;10,51;10,5;
23.12.2014;10,75;10,88;11;10,25;
22.12.2014;10,88;10,13;11,7;9,94;
19.12.2014;10,13;10,13;10,13;10,13;
18.12.2014;10,13;10,13;9,89;9,89;
17.12.2014;10,13;10,13;9,9;9,9;
16.12.2014;10,13;10,13;10,13;10,13;
15.12.2014;10,13;10,13;9,75;9,75;
12.12.2014;10,13;10,13;9,75;9,75;
11.12.2014;10,13;10,13;9,75;9,75;
10.12.2014;10,13;10,13;9,95;9,75;
09.12.2014;10,13;10,63;10,25;10;
08.12.2014;10,63;10,63;10,3;10,3;
05.12.2014;10,63;10,88;10,7;10,5;
04.12.2014;10,88;11;10,76;10,5;
03.12.2014;11;11;10,76;10,75;
02.12.2014;11;11,25;11,14;10,76;
01.12.2014;11,25;11,25;11;11;
28.11.2014;11,25;11,25;11;11;
27.11.2014;11,25;11,25;11,23;11,19;
26.11.2014;11,25;11,25;11;11;
25.11.2014;11,25;11,38;11,01;11;
24.11.2014;11,38;11,38;11,36;11;
21.11.2014;11,38;11,38;11,36;11,01;
20.11.2014;11,38;11,38;11,01;11;
19.11.2014;11,38;11,38;11,01;11;
18.11.2014;11,38;11,38;11,38;11,38;
17.11.2014;11,38;11,38;11,36;11,36;
14.11.2014;11,38;11,38;11,38;11,38;
13.11.2014;11,38;11,38;11,38;11,38;
12.11.2014;11,38;11,38;11,13;11,13;
11.11.2014;11,38;11,38;11,38;11,38;
10.11.2014;11,38;11,5;11,26;11,01;
07.11.2014;11,5;11,5;11,26;11,26;
06.11.2014;11,5;11,88;11,5;11,25;
05.11.2014;11,88;11,88;11,88;11,88;
04.11.2014;11,88;11,88;11,88;11,88;
03.11.2014;11,88;11,88;11,6;11,6;
31.10.2014;11,88;11,88;11,88;11,88;
30.10.2014;11,88;11,63;11,8;11,52;
29.10.2014;11,63;11,5;11,87;11,27;
28.10.2014;11,5;11,5;11,5;11,5;
27.10.2014;11,38;11,38;11,03;11,03;
24.10.2014;11,38;11,38;11,38;11,38;
23.10.2014;11,38;11,38;11,03;11,03;
22.10.2014;11,38;11,38;11,03;11,02;
21.10.2014;11,38;11,5;11,68;11,11;
20.10.2014;11,5;11,13;12;11,25;
17.10.2014;11,13;11,25;11,39;10,5;
16.10.2014;11,25;11,63;11,59;10,93;
15.10.2014;11,63;11,63;11,73;11,27;
14.10.2014;11,63;11,75;11,72;11,25;
13.10.2014;11,75;11,75;11,87;11,51;
10.10.2014;11,75;11,88;11,87;11,5;
09.10.2014;11,88;12,25;12,06;11,75;
08.10.2014;12,25;12,88;12,56;11,76;
07.10.2014;12,88;13,5;12,75;12,5;
06.10.2014;13,5;13,5;13;13;
03.10.2014;13,5;13,75;13,26;13;
02.10.2014;13,75;13,13;13,75;12,55;
01.10.2014;13,13;13,13;12,76;12,75;
30.09.2014;13,13;13;13,24;12,5;
29.09.2014;13;13,25;13,38;12,6;
26.09.2014;13,25;13,25;13,25;13,25;
25.09.2014;13,25;12,88;13,43;13,43;
24.09.2014;12,88;13,25;12,75;12,75;
23.09.2014;13,25;13,5;13,6;12,75;
22.09.2014;13,5;13;15,08;13,18;
19.09.2014;13;12,75;13,18;12,75;
18.09.2014;12,75;12,75;12,94;12,8;
17.09.2014;12,75;12,75;12,5;12,5;
16.09.2014;12,75;13,13;12,76;12,5;
15.09.2014;13,13;13,25;13,01;12;
12.09.2014;13,25;13,25;13,2;13,01;
11.09.2014;13,25;13,25;13,19;13;
10.09.2014;13,25;13,25;13,2;13;
09.09.2014;13,25;13,5;13,01;13;
08.09.2014;13,5;13,5;13,33;13;
05.09.2014;13,5;13,25;13,32;13;
04.09.2014;13,25;13,75;13,5;13;
03.09.2014;13,75;14,75;15,99;13,39;
02.09.2014;13,75;13,5;13,99;13,26;
01.09.2014;13,5;13,88;13,7;12,76;
29.08.2014;13,88;14,13;14,16;13,51;
28.08.2014;14,13;14;14,5;13,5;
27.08.2014;14;13,63;14,24;13,27;
26.08.2014;13,63;13,25;13,5;13,3;
22.08.2014;13,25;13,25;13,43;13,01;
21.08.2014;13,25;12,13;13,49;12,14;
20.08.2014;12,13;12,13;12,16;11,76;
19.08.2014;12,13;12,13;12;12;
18.08.2014;12,13;12,13;11,76;11,76;
15.08.2014;12,13;12,13;12;11,76;
14.08.2014;12,13;12,13;11,76;11,76;
13.08.2014;12,13;12;12,49;11,75;
12.08.2014;11,88;11,88;11,76;11,76;
11.08.2014;11,88;11,88;11,95;11,75;
08.08.2014;11,88;11,88;11,75;11,75;
07.08.2014;11,88;11,88;11,95;11,75;
06.08.2014;11,88;11,88;11,95;11,77;
05.08.2014;11,88;11,88;11,95;11,75;
04.08.2014;11,88;11,88;11,75;11,63;
01.08.2014;11,88;11,88;11,8;11,75;
31.07.2014;11,88;11,88;11,75;11,75;
30.07.2014;11,88;11,88;11,75;11,75;
29.07.2014;11,88;11,75;11,88;11,6;
28.07.2014;11,75;11,75;12;11,5;
25.07.2014;11,75;11,75;11,51;11,51;
24.07.2014;11,75;11,75;11,51;11,51;
23.07.2014;11,75;12,38;11,91;11,5;
22.07.2014;12,38;12,5;12,22;12;
21.07.2014;12,5;12,88;12,75;11,76;
18.07.2014;12,88;12,63;12,9;11,94;
17.07.2014;12,63;11,88;12,68;11,94;
16.07.2014;11,88;11,88;11,5;11,5;
15.07.2014;11,88;11,5;11,75;11,25;
14.07.2014;11,5;11,63;11,72;11,5;
11.07.2014;11,63;11,63;11,5;11,5;
10.07.2014;11,63;12,5;12,25;11,5;
09.07.2014;12,5;12,5;12,56;12;
08.07.2014;12,5;13,13;12,76;11,75;
07.07.2014;13,13;13,38;13,38;12,76;
04.07.2014;13,38;13,38;13,39;13,25;
03.07.2014;13,38;13,5;13,7;13,25;
02.07.2014;13,5;13,5;14,75;12,5;
01.07.2014;11,25;10,75;11,02;10,55;
30.06.2014;10,75;10,75;10,9;10,5;
27.06.2014;10,75;10,5;10,7;10,28;
26.06.2014;10,5;8,88;11,25;8,5;
25.06.2014;8,88;8,88;8,88;8,5;
24.06.2014;8,88;9,25;9;8,5;
23.06.2014;9,25;9,25;9,25;9;
20.06.2014;9,25;9,25;9;9;
19.06.2014;9,25;9,5;9,3;9;
18.06.2014;9,5;9,25;9,05;9,05;
17.06.2014;9,25;9,25;9;9;
16.06.2014;9,25;9,75;9,5;9;
13.06.2014;9,75;9,75;9,88;9,5;
12.06.2014;9,75;9,88;9,76;9,75;
11.06.2014;9,88;9,88;9,9;9,75;
10.06.2014;9,88;9,63;9,75;9,5;
09.06.2014;9,63;9,5;9,67;9,25;
06.06.2014;9,5;9,5;9,6;9,25;
05.06.2014;9,5;9,5;9,26;9,25;
04.06.2014;9,5;9,5;9,26;9,26;
03.06.2014;9,5;9,5;9,6;9,26;
02.06.2014;9,5;9,88;9,75;9,25;
30.05.2014;9,88;9,75;9,73;9,51;
29.05.2014;9,75;9,75;9,75;9,51;
28.05.2014;9,75;9,25;9,75;9,5;
27.05.2014;9,5;9,63;9,26;9,26;
23.05.2014;9,63;9,5;9,65;9,25;
22.05.2014;9,5;9,5;9,5;9,41;
21.05.2014;9,5;8,88;9,43;8,51;
20.05.2014;8,88;10,75;10,5;8,25;
19.05.2014;10,75;10,75;10,88;10,51;
16.05.2014;10,75;11;11;10,5;
15.05.2014;11;10,75;11;10,61;
14.05.2014;10,75;11;10,85;10,5;
13.05.2014;11;11;11,14;10,5;
12.05.2014;11;11;11,4;10,55;
09.05.2014;10,88;10;11,48;10,35;
08.05.2014;10;9,88;11;9,75;
07.05.2014;9,63;9,63;9,55;9,25;
06.05.2014;9,63;9,25;10,5;9,02;
02.05.2014;9,25;9,25;9;9;
01.05.2014;9,25;9,25;9,25;9,25;
30.04.2014;9,25;9,25;9;9;
29.04.2014;9,25;9,25;9,05;9;
28.04.2014;9,25;9,5;9,1;9;
25.04.2014;9,5;9,63;9,25;9;
24.04.2014;9,63;10,13;9,89;9,25;
23.04.2014;10,13;10,25;9,75;9,75;
22.04.2014;10,25;10,25;9,99;9,65;
17.04.2014;10,25;10,25;9,99;9,69;
16.04.2014;10,25;10,25;10,75;9,75;
15.04.2014;10,25;10,25;10;9,75;
14.04.2014;10,25;10,25;9,75;9,5;
11.04.2014;10,25;10,38;10;9,6;
10.04.2014;10,38;10,5;10,1;9,75;
09.04.2014;10,5;10,5;10,14;10;
08.04.2014;10,5;10,5;10,17;10;
07.04.2014;10,5;10,5;10,19;10;
04.04.2014;10,5;10,5;10,01;10;
03.04.2014;10,5;10,63;10,35;10;
02.04.2014;10,63;10,63;10,26;10,25;
01.04.2014;10,63;10,5;10,5;10,01;
31.03.2014;10,5;12,38;11,93;9,8;
28.03.2014;12,13;12,13;12;12;
27.03.2014;12,13;12,25;12;12;
26.03.2014;12,13;11,88;12,13;11,5;
25.03.2014;11,88;11,88;11,5;11,5;
24.03.2014;11,88;11,88;12;11,5;
21.03.2014;11,88;11,25;12;11,03;
20.03.2014;11,25;11,5;11,5;10,75;
19.03.2014;11,5;11,5;11,63;11;
18.03.2014;11,5;11,75;11,7;11,25;
17.03.2014;11,75;12,13;12,15;11,5;
14.03.2014;12,13;12;12,1;11,5;
13.03.2014;12;12,13;12,13;11,75;
12.03.2014;12,13;12,13;12,1;11,75;
11.03.2014;12,13;12;12,24;11,76;
10.03.2014;12;11,25;12,21;11,23;
07.03.2014;11,25;11,75;11,25;10,8;
06.03.2014;11,75;11,88;11,68;11,25;
05.03.2014;11,88;11,88;11,75;11,5;
04.03.2014;11,88;11,88;11,78;11,26;
03.03.2014;11,88;11,75;12,2;10,55;
28.02.2014;11,75;12;11,82;11,5;
27.02.2014;12;12;11,82;11,5;
26.02.2014;12;12,25;11,95;11,55;
25.02.2014;12,25;12,63;12,25;10,97;
24.02.2014;12,63;13,38;13,45;12,13;
21.02.2014;13,38;12,88;13,75;12,28;
20.02.2014;12,88;13,5;13,63;12,25;
19.02.2014;13,38;11;13,5;11,07;
18.02.2014;11;11;11;11;
17.02.2014;11;11,13;10,75;10,75;
14.02.2014;11,13;11;11;10,75;
13.02.2014;11;11,13;11,02;10,75;
12.02.2014;11,13;11,25;11,13;11;
11.02.2014;11,25;11,63;11,73;11,13;
10.02.2014;11,63;12,13;12;11,5;
07.02.2014;12,13;12,5;12,64;11,75;
06.02.2014;12,5;12,13;13,91;12;
05.02.2014;12,13;11,25;12,45;11;
04.02.2014;11,25;11;11,55;10,5;
03.02.2014;11;11;10,5;10,5;
31.01.2014;11;11;10,5;10,5;
30.01.2014;11;11;10,5;10,25;
29.01.2014;11;11;11,1;10,9;
28.01.2014;11;11,25;11,2;10,1;
27.01.2014;11,25;11,5;11,47;10,6;
24.01.2014;11,5;11,5;11,49;11,05;
23.01.2014;11,5;11,63;11,3;11;
22.01.2014;11,63;11,63;11,63;11,25;
21.01.2014;11,63;12,25;11,5;11,25;
20.01.2014;12,25;12,25;12,25;11,75;
17.01.2014;12,25;12,25;12,25;11,51;
16.01.2014;12,25;12,25;12,25;11,75;
15.01.2014;12,25;11,88;12,25;11,01;
14.01.2014;11,88;12,25;12,05;11,75;
13.01.2014;12,25;12,25;12,25;11,9;
10.01.2014;12,25;12,25;12;11,9;
09.01.2014;12,25;12,75;12,87;12;
08.01.2014;12,75;11,13;14;11,23;
07.01.2014;11,13;11,63;11;11;
06.01.2014;11,63;11,63;11,43;11,25;
03.01.2014;11,63;12,13;11,59;11,59;
02.01.2014;11,63;11,75;11,5;11;
31.12.2013;11,75;11,75;11,5;11,5;
30.12.2013;11,75;11,75;11,55;11,5;
27.12.2013;11,75;11,75;11,99;11,5;
24.12.2013;11,75;11,75;12;11,9;
23.12.2013;11,75;11,63;11,99;11,99;
20.12.2013;11,63;11,63;12;11,6;
19.12.2013;11,63;12,38;12,25;11,6;
18.12.2013;12,38;10,75;12,5;10,8;
17.12.2013;10,75;10,88;11,45;10,55;
16.12.2013;10,88;11,5;11,85;11;
13.12.2013;11,5;11,75;11,9;11,4;
12.12.2013;11,75;10,38;12,84;10,3;
11.12.2013;10,75;12;12,95;10,35;
10.12.2013;10,75;10,88;10,88;10,25;
09.12.2013;10,88;11,38;11,7;10,25;
06.12.2013;11,88;11,88;11,89;11,5;
05.12.2013;11,88;11,88;11,95;11,5;
04.12.2013;11,88;11,88;12,15;11,51;
03.12.2013;11,88;11,75;12,1;11,87;
02.12.2013;11,75;12,25;12,05;11,63;
29.11.2013;12,25;12,25;12,1;12;
28.11.2013;12,25;12,25;12,15;12,1;
27.11.2013;12,25;12,25;12,5;12,15;
26.11.2013;12,25;12,38;12,34;12,3;
25.11.2013;12,38;12,38;12,41;12,05;
22.11.2013;12,38;12,75;12,88;12,05;
21.11.2013;12,75;12,88;13,52;12,95;
20.11.2013;12,88;13,5;13,25;12,52;
19.11.2013;13,5;14,5;14,2;13;
18.11.2013;14,63;16;15,65;14,31;
15.11.2013;16;17,5;17,15;15,65;
14.11.2013;17,25;20,75;20,45;16,15;
13.11.2013;19,25;11,5;29;11,75;
12.11.2013;11,5;12,25;11,5;11;
11.11.2013;12,25;11,5;13;11,55;
08.11.2013;11,5;11,5;11,1;11,1;
07.11.2013;11,5;11,5;11,5;11,5;
06.11.2013;11,5;11,5;11,5;11,5;
05.11.2013;10,5;10,5;10,5;10,5;
04.11.2013;10,5;10,5;9,5;9,5;
01.11.2013;10,5;11;11,4;10;
31.10.2013;11;11;11,6;11,6;
30.10.2013;11;11,5;12,3;10;
29.10.2013;11,5;11,5;12,3;12,3;
28.10.2013;11,5;11,5;12,46;10;
25.10.2013;11,5;11,5;12,5;10;
24.10.2013;11,5;11,5;12;11,95;
23.10.2013;10,5;10,5;10,5;10,5;
22.10.2013;10,5;11;10;10;
21.10.2013;10,5;11;10;10;
18.10.2013;10,5;10,5;10,3;8,25;
17.10.2013;10,5;10,5;10,85;10,85;
16.10.2013;10,5;10,5;10;10;
15.10.2013;10,5;10,5;10,5;10,5;
14.10.2013;10,5;10,5;10;10;
11.10.2013;10,5;10,5;10,26;10,26;
10.10.2013;10,5;11;10,15;10,15;
09.10.2013;11;11;14,25;10;
08.10.2013;10;10;10;10;
07.10.2013;10;10;10;10;
04.10.2013;10;10;10,5;9,02;
03.10.2013;10;10;10;10;
02.10.2013;10;10;10;10;
01.10.2013;10;11,5;11,33;9,5;
30.09.2013;11,5;11,5;11,52;10;
27.09.2013;12,5;12,5;12,5;12,5;
26.09.2013;13;13;13;13;
25.09.2013;13;13;13;13;
24.09.2013;13;13;13;13;
23.09.2013;13;13;12;12;
20.09.2013;13;13;11,87;11,87;
19.09.2013;13;13,5;14,24;12;
18.09.2013;13;13;12;12;
17.09.2013;13;13;12,5;12,5;
16.09.2013;13;13;12;12;
13.09.2013;13;13;13;13;
12.09.2013;13;13;12,5;11;
11.09.2013;13;12;13;13;
10.09.2013;12;12;10,1;10,1;
09.09.2013;12;12;13;13;
06.09.2013;12;12;12,5;10;
05.09.2013;12;12;13;12,5;
04.09.2013;12;12;12;12;
03.09.2013;12;12;12;12;
02.09.2013;12;12;10;10;
30.08.2013;12;12;12,5;12,5;
29.08.2013;12;12;12;12;
28.08.2013;12;12;12;12;
27.08.2013;12;12;12;12;
23.08.2013;12;12;12;12;
22.08.2013;12;12;12;12;
21.08.2013;12;12;13;13;
20.08.2013;12;12;12;12;
19.08.2013;12;12;12;12;
16.08.2013;12;12;12;12;
15.08.2013;12;12;13;13;
14.08.2013;12;12;12;12;
13.08.2013;12;12;12;12;
12.08.2013;12;12,5;11;11;
