Date,close,open,high,low
41498,108.97,108.13,109.13,107.43
41499,109.82,109.08,110.06,108.95
41500,110.2,109.51,110.36,109.05
41501,111.11,110.35,111.53,110.35
41502,110.4,109.42,110.7,109.17
41505,109.9,110.53,111,109.59
41506,110.15,109.67,110.73,108.61
41507,109.81,110.11,110.28,109.23
41508,109.9,109.7,110.15,109.4
41509,111.04,109.9,111.23,109.77
41512,110.73,111.15,111.68,110.5
41513,114.36,111.16,115.29,110.73
41514,116.61,115.3,117.34,114.81
41515,115.16,115.86,117.04,114.18
41516,114.01,114.2,115.53,113.63
41519,114.33,114,114.57,112.2
41520,115.68,114.45,116,114.06
41521,114.91,115.65,116.09,114.4
41522,115.26,114.95,115.55,114.29
41523,116.12,115.35,116.56,115.02
41526,113.72,115.93,116.18,113
41527,111.25,113,113.55,110.59
41528,111.5,111.52,112.49,111.02
41529,112.63,111.51,113.05,111.33
41530,112.78,112.87,112.91,111.6
41533,110.07,111.25,111.49,108.73
41534,108.19,109.5,110,107.41
41535,110.6,107.85,111.06,107.64
41536,108.76,110.92,111.26,108.52
41537,109.22,108.62,109.67,108.4
41540,108.16,109.22,109.45,107.76
41541,108.64,107.96,108.9,107.43
41542,108.32,108.73,110.09,107.89
41543,109.21,108,109.26,108
41544,108.63,109,109.67,108.1
41547,108.37,108.2,108.68,107.22
41548,107.94,108.38,108.41,106.81
41549,109.19,107.55,109.48,107.44
41550,109,108.9,109.85,108.58
41551,109.46,108.69,109.77,108.61
41554,109.68,109.21,110.17,107.89
41555,110.16,109.64,110.8,109.38
41556,109.06,110.16,110.25,108.12
41557,111.8,109.04,112,108.92
41558,111.28,111.65,111.85,110.51
41561,111.04,110.87,111.41,109.87
41562,109.96,111.08,111.27,109.53
41563,110.86,109.45,111.23,109.45
41564,109.11,110.57,110.66,108.71
41565,109.94,109.13,110.24,108.95
41568,109.64,109.96,110.19,109.21
41569,109.97,109.76,110.94,109.57
41570,107.8,109.99,110.06,107.35
41571,106.99,107.65,108.26,106.9
41572,106.93,107.09,107.39,106.27
41575,109.61,107.04,109.68,106.85
41576,109.01,109.41,109.46,108.45
41577,109.86,108.76,110.16,108.59
41578,108.84,109.69,109.87,108.55
41579,105.91,109.05,109.41,105.78
41582,106.23,105.78,106.58,105.13
41583,105.33,106.25,106.53,105.19
41584,105.24,105.64,106.41,104.82
41585,103.46,105,105.21,103.24
41586,105.12,103.53,105.38,102.98
41589,106.4,105.17,106.56,105.15
41590,105.81,106.4,107.38,105.51
41591,107.12,105.93,107.45,105.89
41592,108.54,107.17,108.96,107.15
41593,108.5,108.38,108.65,107.69
41596,108.47,108.5,108.73,107.53
41597,106.92,108.3,108.63,106.81
41598,108.06,107.2,108.38,106.51
41599,110.08,107.76,110.25,107.62
41600,111.05,110.07,111.4,109.65
41603,111,109,111.66,108.05
41604,110.88,111.08,111.49,110.41
41605,111.31,111,111.65,110.51
41606,110.86,111.4,111.55,110.61
41607,109.69,111.04,111.5,109.62
41610,111.45,109.6,112.34,109.28
41611,112.62,111.53,112.93,111.04
41612,111.88,112.91,113.02,111.46
41613,110.98,111.65,112.23,110.76
41614,111.61,111.07,112.06,110.94
41617,109.39,111.69,111.79,109
41618,109.38,109.31,110.45,108.55
41619,109.7,109.45,109.89,108.62
41620,108.67,109.52,109.98,108.44
41621,108.83,108.53,109,108.02
41624,110.47,109.15,110.8,109
41625,108.44,109.2,109.41,108.2
41626,109.63,108.33,109.73,107.8
41627,110.29,109.25,110.53,109.14
41628,111.77,110.09,111.89,109.87
41631,111.56,111.55,111.93,111.27
41632,111.9,111.61,112.06,111.42
41634,111.98,111.99,112.12,111.46
41635,112.18,111.95,112.8,111.5
41638,111.21,112.2,112.64,110.9
41639,110.8,111.18,111.52,110.4
41641,107.78,111,111.35,107.65
41642,106.89,107.88,108.64,106.79
41645,106.73,106.8,107.96,106.58
41646,107.35,107.03,107.72,106.88
41647,107.15,107.49,107.95,107
41648,106.39,107.35,108.2,106.12
41649,107.25,106.44,107.58,106.03
41652,106.75,107.25,107.64,106.36
41653,106.39,106.62,107.14,106.06
41654,107.13,106.17,107.55,105.8
41655,107.09,106.82,107.35,106.44
41656,106.48,105.55,106.95,105.44
41659,106.35,106.28,106.65,105.81
41660,106.73,106.35,108,106.28
41661,108.27,106.9,108.33,106.78
41662,107.58,108.14,108.28,107.37
41663,107.88,107.58,108.03,106.23
41666,106.69,107.91,108.09,106.45
41667,107.41,106.86,107.79,106.76
41668,107.85,107.36,108.05,106.93
41669,107.95,107.85,108.4,107.65
41670,106.4,107.75,107.94,106.3
41673,106.04,106.4,106.72,105.4
41674,105.78,105.85,106.23,105.49
41675,106.25,106.09,106.44,105.58
41676,107.19,106.28,107.48,106.15
41677,109.57,107.32,109.74,106.88
41680,108.63,109.75,109.75,108.4
41681,108.68,108.52,109.24,108.47
41682,108.79,108.78,109.5,108.47
41683,108.73,108.68,108.84,108.09
41684,109.08,108.58,109.25,107.85
41687,109.18,109.13,109.4,108.64
41688,110.46,109.07,110.7,108.84
41689,110.47,110.55,110.82,110.02
41690,110.3,110.39,110.49,109.58
41691,109.85,110.5,110.5,109.35
41694,110.64,109.65,110.77,109.5
41695,109.51,110.64,110.64,109.42
41696,109.52,109.56,109.97,109.2
41697,108.96,109.41,109.45,108.65
41698,109.07,108.85,109.34,108.4
41701,111.2,109.44,112.39,109.26
41702,109.3,111.16,111.32,109
41703,107.76,109.17,109.36,107.55
41704,108.1,107.66,108.54,107.37
41705,109,108.3,109.09,107.82
41708,108.08,108.73,108.85,107.75
41709,108.55,107.88,108.7,107.83
41710,108.02,108.41,108.55,107.61
41711,107.39,108.26,108.51,106.98
41712,108.57,107.25,108.69,107.24
41715,106.24,108.55,108.6,106.16
41716,106.79,106.4,106.85,105.85
41717,105.85,106.6,106.87,105.71
41718,106.45,105.9,106.75,105.41
41719,106.92,106.22,107.77,106.01
41722,106.81,107.01,107.5,106.45
41723,106.99,106.59,107.48,106.44
41724,107.03,106.97,107.35,106.48
41725,107.83,107,107.99,106.77
41726,108.07,107.73,108.39,107.62
41729,107.76,108,108.33,107.05
41730,105.62,107.66,107.8,105.1
41731,104.79,105.32,105.85,103.95
41732,106.15,104.59,106.32,104.45
41733,106.72,106.17,107.04,106.1
41736,105.82,106.35,106.63,105.13
41737,107.67,105.97,107.85,105.78
41738,107.98,107.5,108.14,107.12
41739,107.46,107.9,107.92,107.26
41740,107.33,107.35,107.87,106.98
41743,109.07,107.42,109.12,107.26
41744,108.74,108.92,109.11,108.27
41745,109.6,109.43,110.36,109
41746,109.53,109.6,110.19,109.08
41750,109.95,109.76,110.05,108.89
41751,109.27,109.94,109.99,108.53
41752,109.11,109.5,109.54,108.6
41753,110.33,109.22,110.65,109.07
41754,109.58,110.33,110.63,109.25
41757,108.12,109.5,110.2,107.86
41758,108.98,108.13,109.37,108
41759,108.07,108.8,108.8,107.55
41760,107.76,108.08,108.12,106.85
41761,108.59,107.72,108.99,107.6
41764,107.72,108.92,108.92,107.05
41765,107.06,107.53,108.21,106.97
41766,108.13,107.17,108.25,106.96
41767,108.04,108.07,108.15,107.38
41768,107.89,108.08,109.02,107.64
41771,108.41,107.94,108.77,107.94
41772,109.24,108.37,109.46,108.05
41773,110.19,109.39,110.41,109.32
41774,110.44,110.21,110.6,109.75
41775,109.75,108.96,110.05,108.88
41778,109.37,109.82,110.33,109.3
41779,109.69,109.33,110,109.1
41780,110.55,109.76,110.73,109.7
41781,110.36,110.49,111.04,110.17
41782,110.54,110.38,110.7,110.25
41785,110.32,110.4,110.55,109.75
41786,110.02,110.35,110.8,109.71
41787,109.81,110.22,110.4,109.41
41788,109.97,109.89,110.46,109.72
41789,109.41,110.02,110.13,109.22
41792,108.83,109.7,109.87,108.62
41793,108.82,108.8,108.98,108.32
41794,108.4,108.89,109.5,108.07
41795,108.79,108.13,108.96,107.77
41796,108.61,108.85,109.31,108.46
41799,109.99,108.68,110.16,108.55
41800,109.52,109.95,110.32,109.1
41801,109.95,109.61,110.25,109.44
41802,113.02,110.09,113.34,110
41803,113.41,113.75,114.69,112.75
41806,112.94,112.73,113.28,112.33
41807,113.45,112.97,113.8,112.16
41808,114.26,113.46,114.54,113.05
41809,115.06,114.22,115.71,114.15
41810,114.81,114.92,115.11,114.43
41813,114.12,114.99,115.66,113.86
41814,114.46,113.9,114.83,113.55
41815,114,114.31,114.65,113.23
41816,113.21,114.24,114.29,113
41817,113.3,113.07,113.71,112.9
41820,112.36,113.3,113.3,112.16
41821,112.29,112.5,112.83,111.85
41822,111.24,112.19,112.42,110.92
41823,111,111,111.17,110.53
41824,110.64,111.05,111.29,110.56
41827,110.24,110.65,110.92,109.88
41828,108.94,110,110.16,108.69
41829,108.28,108.97,109,108.12
41830,108.67,108.15,108.88,107.76
41831,106.66,108.58,108.74,106.27
41834,106.98,106.42,107.5,106.21
41835,106.02,106.81,106.9,104.39
41836,105.85,105.9,106.58,105.72
41837,107.89,107.13,108.6,106.8
41838,107.24,108.5,108.62,106.94
41841,107.68,107.15,107.87,106.79
41842,107.33,107.8,108.4,106.83
41843,108.03,106.87,108.25,106.87
41844,107.07,108.15,108.21,106.83
41845,108.39,107.2,108.46,106.73
41848,107.57,108.3,108.38,107.01
41849,107.72,107.46,108.05,107.13
41850,106.51,107.5,107.86,105.84
41851,106.02,106.06,106.59,105.41
41852,104.84,105.6,106.12,104.39
41855,105.41,104.82,105.71,104.52
41856,104.61,105.5,105.65,104.07
41857,104.59,104.88,105.44,104.54
41858,105.44,104.64,105.92,104.16
41859,105.02,105.67,106.85,104.67
41862,104.68,105,105.43,104.35
41863,103.02,104.5,104.61,102.65
41864,104.28,102.84,104.35,102.37
41865,102.01,104.06,104.33,101.92
41866,103.53,102.05,103.76,102.05
41869,101.6,103.21,103.3,101.11
41870,101.56,101.62,102.07,101.07
41871,102.28,101.5,102.37,101.44
41872,102.63,102.14,102.79,101.21
41873,102.29,102.67,102.83,102
41876,102.65,102.1,102.82,101.65
41877,102.5,102.71,103.4,102.35
41878,102.72,102.42,103.07,102.05
41879,102.46,102.54,103.2,102.25
41880,103.19,102.51,103.3,102.49
41883,102.79,102.95,103.3,102.56
41884,100.34,102.64,102.86,100.17
41885,102.77,100.4,103.13,100.4
41886,101.83,102.41,102.95,101.7
41887,100.82,101.87,102.44,100.35
41890,100.2,100.8,101,99.36
41891,99.16,100.2,100.62,99.03
41892,98.04,99.35,99.47,97.6
41893,98.08,98.12,98.49,96.72
41894,97.11,98.25,98.8,96.83
41897,96.65,96.9,97.33,96.21
41898,99.05,97.96,99.45,97.44
41899,98.97,98.95,99.61,98.51
41900,97.7,98.69,99.14,97.42
41901,98.39,97.65,98.49,97.18
41904,96.97,98.5,98.5,96.38
41905,96.85,96.91,97.59,96.55
41906,96.95,96.89,97.33,95.6
41907,97,97.03,97.56,96.22
41908,97,97.11,97.5,96.46
41911,97.2,96.81,97.34,96.27
41912,94.67,97.15,97.8,94.24
41913,94.16,94.77,96.23,93.78
41914,93.42,94.3,94.37,91.55
41915,92.31,93.75,94.06,91.48
41918,92.79,91.9,93.21,91.25
41919,92.11,92.81,92.99,91.4
41920,91.38,91.89,91.89,90.57
41921,90.05,91.62,91.85,88.42
41922,90.21,89.1,90.49,88.11
41925,88.89,89.89,90.18,87.74
41926,85.04,88.23,88.74,84.48
41927,83.78,85.54,85.62,83.02
41928,84.47,83.45,85,82.6
41929,86.16,86.5,87.34,85.49
41932,85.4,86.35,86.7,84.41
41933,86.22,85.13,86.49,85.1
41934,84.71,86.46,87.07,84.47
41935,86.83,84.71,87.19,84.12
41936,86.13,86.78,86.78,85.29
41939,85.83,86.08,86.25,84.55
41940,86.03,85.5,86.38,85.08
41941,87.12,86.1,87.94,86.06
41942,86.24,86.93,87.1,85.71
41943,85.86,86.02,86.25,84.6
41946,84.78,85.85,86.4,84.01
41947,82.82,84.21,84.43,82.08
41948,82.95,82.78,84.45,81.63
41949,82.86,83.1,83.27,82.05
41950,83.39,82.67,83.86,82.16
41953,82.34,83.26,84.97,81.88
41954,81.67,82.13,82.38,80.46
41955,80.38,81.25,81.65,79.72
41956,77.92,79.97,80.2,77.83
41957,79.41,77.67,79.75,76.76
41960,79.31,79.5,79.6,77.94
41961,78.47,79.01,79.95,78.21
41962,78.1,78.41,79.45,78.04
41963,79.33,78.16,79.95,77.56
41964,80.36,79.95,81.61,79.07
41967,79.68,80.5,80.85,79.4
41968,78.33,79.45,80.44,78.05
41969,77.75,78.28,78.86,77.3
41970,72.58,77.4,77.46,71.25
41971,70.15,72.58,73.41,69.78
41974,72.54,70.15,73.02,67.53
41975,70.54,72.51,73.03,70.4
41976,69.92,70.95,71.46,69.5
41977,69.64,70.15,70.6,68.81
41978,69.07,69.53,69.82,68.1
41981,66.19,68.79,68.79,65.93
41982,66.84,66,67.04,65.29
41983,64.24,66.25,66.36,63.56
41984,63.68,64.47,65.13,63.05
41985,61.85,63.01,63.66,61.35
41988,61.06,61.2,63.25,60.2
41989,59.86,60.65,61.01,58.5
41990,61.18,59.9,63.4,58.71
41991,59.27,60.94,63.7,59.17
41992,61.38,59.85,62.66,59.05
41995,60.11,61.99,62.97,59.84
41996,61.69,60.24,62.14,59.84
41997,60.24,61.63,61.71,59.37
41999,59.45,60.19,60.97,59.21
42002,57.88,59.65,60.43,57.37
42003,57.9,57.93,58.39,56.74
42004,57.33,57.35,57.68,55.81
42006,56.42,58.02,58.54,55.48
42009,53.11,56.25,56.3,52.66
42010,51.1,53.2,53.6,50.52
42011,51.15,51.15,51.84,49.66
42012,50.96,51.06,51.91,49.81
42013,50.11,51.25,51.44,48.9
42016,47.43,49.93,49.98,47.16
42017,46.59,47.06,47.29,45.19
42018,48.69,46.84,49.21,45.59
42019,47.67,48.68,50.62,47
42020,50.17,48.25,50.41,48.07
42023,48.84,50.1,50.35,48.68
42024,47.99,48.91,49.48,47.78
42025,49.03,48.29,49.59,48.21
42026,48.52,48.6,50.45,48.02
42027,48.79,49.11,49.8,48.55
42030,48.16,48.56,49.29,47.57
42031,49.6,48.25,49.99,47.67
42032,48.47,49.1,49.72,48.29
42033,49.13,48.69,49.25,48.37
42034,52.99,49.15,53.08,48.76
42037,54.75,52.68,55.62,51.41
42038,57.91,55,59,54.84
42039,54.16,57.19,58.06,53.5
42040,56.57,54.8,57.87,53.07
42041,57.8,56.74,59.06,56.71
42044,58.34,57.93,59.61,57.3
42045,56.43,57.79,58.57,56.11
42046,54.66,56.81,57,53.91
42047,57.05,55.12,57.5,54.72
42048,61.52,59.27,61.77,59.08
42051,61.4,61.49,62.57,60.71
42052,62.53,61.68,63,60.27
42053,60.53,62.3,62.46,59.25
42054,60.21,59.54,60.99,57.8
42055,60.22,60.2,61.15,59.82
42058,58.9,60.3,60.67,58.37
42059,58.66,59.09,60.3,58.1
42060,61.63,58.75,62.2,58.41
42061,60.05,61.85,62.63,59.66
42062,62.58,60.75,62.83,60.51
42065,59.54,62.5,62.5,59.34
42066,61.02,60,61.81,59.84
42067,60.55,60.85,60.94,59.47
42068,60.48,60.6,61.57,60.08
42069,59.73,60.75,61.3,59.17
42072,58.53,59.62,60.02,58.38
42073,56.39,58.37,58.72,56.12
42074,57.54,56.45,57.95,55.92
42075,57.08,57.92,58.81,56.51
42076,54.67,57.03,57.4,54.43
42079,53.44,54.41,54.64,52.5
42080,53.51,54.1,54.38,52.57
42081,55.91,53.28,56.84,52.68
42082,54.43,56.18,56.2,53.91
42083,55.32,54.46,55.67,53.55
42086,55.92,55.24,56.19,54.12
42087,55.11,55.83,56.79,54.85
42088,56.48,55.09,57.17,54.7
42089,59.19,56.35,59.78,56.3
42090,56.41,58.97,59.04,55.95
42093,56.29,55.96,56.65,55.2
42094,55.11,56.31,56.33,54.72
42095,57.1,55.18,57.69,54.7
42096,54.95,56.72,57.28,54
42100,58.12,55.18,58.24,55.08
42101,59.1,57.8,59.27,57.02
42102,55.55,58.3,58.72,55.45
42103,56.57,56.1,58.02,55.97
42104,57.87,56.84,58.12,56.25
42107,57.93,58.02,59.54,57.46
42108,58.43,58.17,59.24,57.76
42109,60.32,58.74,60.45,58.74
42110,63.98,62.9,64.95,62
42111,63.45,64.02,64.5,62.95
42114,63.45,63.85,64.4,62.1
42115,62.08,63.52,63.52,61.65
42116,62.73,61.9,63.33,61.39
42117,64.85,62.88,65.58,62.22
42118,65.28,64.75,65.8,64.48
42121,64.83,65.47,65.61,64.4
42122,64.64,64.74,65.49,63.9
42123,65.84,64.64,66.72,64.13
42124,66.78,65.63,66.93,65.37
42125,66.46,66.78,66.93,65.52
42128,66.45,66.4,67.1,65.95
42129,67.52,66.33,68.4,66.14
42130,67.77,67.71,69.63,67.35
42131,65.54,67.37,68.49,65.17
42132,65.39,65.64,66.12,64.23
42135,64.91,65.37,65.75,64.25
42136,66.86,64.77,67.46,64.68
42137,66.81,67.32,68.17,66.41
42138,66.59,66.54,67.29,66.25
42139,66.81,66.75,67,65.37
42142,66.27,66.91,67.88,65.92
42143,64.02,66.19,66.39,63.95
42144,65.03,64.49,65.18,64.1
42145,66.54,64.89,66.88,64.83
42146,65.37,66.59,66.64,65.1
42149,65.52,65.56,66.22,64.72
42150,63.72,65.7,65.7,63.29
42151,62.06,63.89,64.67,61.96
42152,62.58,62.2,62.95,61.24
42153,65.56,62.89,65.83,62.68
42156,64.88,65.59,65.8,64.25
42157,65.49,64.9,65.88,64.58
42158,63.8,65.38,65.4,63.5
42159,62.03,63.81,64.08,61.78
42160,63.31,62.08,63.43,60.94
42163,62.69,63.06,63.38,62.47
42164,64.88,62.81,65.23,62.72
42165,65.7,65.04,66.36,64.88
42166,65.11,65.57,66.06,64.5
42167,63.87,64.87,64.95,63.68
42170,62.61,63.62,63.96,62.24
42171,63.7,63.8,64.41,63.42
42172,63.87,63.6,65.47,62.6
42173,64.26,63.74,64.96,63.44
42174,63.02,64.2,64.56,62.34
42177,63.34,62.57,63.74,62.1
42178,64.45,63.21,64.89,62.76
42179,63.49,64.66,65.05,63.01
42180,63.2,63.5,63.95,62.72
42181,63.26,63.34,63.62,62.5
42184,62.01,62.85,62.96,61.35
42185,63.59,61.77,63.83,61.71
42186,62.01,63.02,63.35,61.84
42187,62.07,61.92,63.2,61.75
42188,60.32,61.73,62.06,60.12
42191,56.54,60,60,56.38
42192,56.85,56.85,57.83,55.1
42193,57.05,57.25,57.75,55.87
42194,58.61,57.1,59.27,57.01
42195,58.73,58.49,59.66,57.86
42198,57.85,58.35,58.83,56.84
42199,58.51,57.71,58.82,56.43
42200,57.05,58.63,58.81,56.86
42201,57.51,57.31,58.21,56.95
42202,57.1,56.93,57.35,56.4
42205,56.65,57.12,57.44,56.33
42206,57.04,56.55,57.44,56.33
42207,56.13,56.88,56.9,55.92
42208,55.27,56.04,56.53,55.1
42209,54.62,55.39,55.6,54.3
42212,53.47,54.45,54.89,52.83
42213,53.3,53.08,54.08,52.28
42214,53.38,52.99,54.33,52.51
42215,53.31,53.6,54.38,53.02
42216,52.21,53.43,53.47,51.63
42219,49.52,51.55,52.01,49.36
42220,49.99,49.7,50.45,49.58
42221,49.59,50.14,50.99,49.02
42222,49.52,49.72,49.83,48.88
42223,48.61,49.62,50.06,48.42
42226,50.41,48.43,50.49,48.24
42227,49.18,50.22,51.1,48.61
42228,49.66,49.38,50.01,48.72
42229,49.22,49.82,50.39,48.85
42230,49.03,49.11,49.52,48.8
42233,48.74,48.76,49.44,48.35
42234,48.81,48.55,49.04,48.25
42235,47.16,48.5,49.11,46.78
42236,46.62,47.03,47.38,46.03
42237,45.46,46.34,46.51,45.07
42240,42.69,45.35,45.46,42.23
42241,43.21,42.79,44.5,42.68
42242,43.14,43.32,43.76,42.81
42243,47.56,43.75,47.75,43.7
42244,50.05,47.4,50.98,46.61
42247,54.15,50.05,54.32,48.25
42248,49.56,52.92,53.47,48.47
42249,50.5,48.62,51,47.74
42250,50.68,50.58,52.46,49.82
42251,49.61,50.69,51.05,49.25
42254,47.63,49.27,49.44,47.5
42255,49.52,47.76,49.85,47.64
42256,47.58,49.39,50.04,47.32
42257,48.89,47.46,48.95,46.76
42258,48.14,48.64,48.98,47.16
42261,46.37,48.08,48.35,46.26
42262,46.63,46.65,46.9,45.98
42263,49.75,48.06,50.34,47.71
42264,49.08,49.98,50.14,48.32
42265,47.47,49.26,49.75,47.16
42268,48.92,47.64,48.99,47.48
42269,49.08,48.5,49.21,47.7
42270,47.75,49.08,50.25,47.68
42271,48.17,47.88,48.47,47.4
42272,48.6,48.17,49.1,47.86
42275,47.34,48.34,48.44,47.25
42276,48.23,47.45,48.65,47.25
42277,48.37,47.96,49,47.79
42278,47.69,48.4,49.84,47.62
42279,48.13,47.99,48.5,46.93
42282,49.25,48.08,49.87,47.84
42283,51.92,49.35,52.26,48.86
42284,51.33,52.15,53.15,51.21
42285,53.05,51.76,53.52,51.28
42286,52.65,53.35,54.05,52.21
42289,49.86,52.64,53.31,49.77
42290,49.24,50.27,50.7,48.88
42291,49.15,49.22,49.52,48.71
42292,48.71,49.01,49.38,48.21
42293,50.46,50.21,50.7,49.31
42296,48.61,50.38,50.68,48.57
42297,48.71,48.83,49.2,48.22
42298,47.85,48.58,48.65,47.5
42299,48.08,47.96,48.73,47.65
42300,47.99,48.32,48.65,47.45
42303,47.54,48,48.33,47.3
42304,46.81,47.43,47.57,46.41
42305,49.05,46.91,49.23,46.61
42306,48.8,49.15,49.38,48.17
42307,49.56,48.66,50,48.28
42310,48.79,49.5,49.69,48.61
42311,50.54,48.9,50.91,48.46
42312,48.58,50.25,50.87,48.49
42313,47.98,48.84,49,47.93
42314,47.42,48.05,48.58,47.27
42317,47.19,47.46,48.41,47.01
42318,47.44,47.32,47.86,46.96
42319,45.81,47.08,47.73,45.62
42320,44.06,45.92,46.27,43.89
42321,43.61,44.08,44.85,43.57
42324,44.56,44.7,45.18,43.15
42325,43.57,44.7,45.1,43.5
42326,44.14,43.97,44.74,43.34
42327,44.18,44.3,44.76,43.7
42328,44.66,44.38,45.5,44.06
42331,44.83,44.46,45.73,43.57
42332,46.12,45.11,46.5,44.92
42333,46.17,46.04,46.5,45.03
42334,45.46,46.23,46.32,45
42335,44.86,45.57,45.63,44.79
42338,44.61,44.86,45.75,44.44
42339,44.44,44.62,45.18,44.03
42340,42.49,44.32,44.64,42.43
42341,43.84,42.77,44.69,42.61
42342,43,43.98,44.82,42.67
42345,40.73,43.26,43.26,40.6
42346,40.26,40.82,41.45,39.81
42347,40.11,40.63,41.59,39.57
42348,39.73,40.44,40.7,39.46
42349,37.93,39.55,39.74,37.36
42352,37.92,37.85,38.43,36.33
42353,38.45,37.89,39.41,37.55
42354,37.19,38.09,38.45,37.11
42355,37.06,37.6,37.93,36.75
42356,36.88,36.81,37.73,36.41
42359,36.35,36.55,36.75,36.04
42360,36.11,36.36,36.72,35.98
42361,37.36,36.37,37.88,36.28
42362,37.89,37.77,38.1,36.91
42366,36.62,37.84,37.95,36.41
42367,37.79,36.59,37.98,36.56
42368,36.46,37.29,37.55,36.35
42369,37.28,36.57,37.95,36.1
42373,37.22,37.85,38.99,36.77
42374,36.42,37.27,37.57,36.24
42375,34.23,36.64,36.67,34.13
42376,33.75,34.52,34.74,32.16
42377,33.55,34.02,34.72,32.78
42380,31.55,33.34,33.38,31.17
42381,30.86,31.54,32.38,30.34
42382,30.31,30.82,31.92,29.96
42383,31.03,30.26,31.23,29.73
42384,28.94,31,31.02,28.82
42387,28.55,28.73,29.58,27.67
42388,28.76,28.7,30.24,28.6
42389,27.88,28.66,28.75,27.1
42390,29.25,27.99,29.84,27.29
42391,32.18,29.62,32.3,29.29
42394,30.5,32.1,32.81,30
42395,31.8,30.01,32.72,29.27
42396,33.1,31.2,33.49,30.83
42397,33.89,32.84,35.84,32.56
42398,34.74,34.08,35,33.59
42401,34.24,35.85,36.25,33.92
42402,32.72,34.18,34.18,32.23
42403,35.04,32.41,35.53,32.3
42404,34.46,35.32,35.84,34.15
42405,34.06,34.39,35.14,33.81
42408,32.88,33.99,34.68,32.77
42409,30.32,33.17,33.56,30.28
42410,30.84,30.95,31.9,30.35
42411,30.06,30.83,31.35,29.92
42412,33.36,31.31,33.44,30.85
42415,33.39,32.77,34.09,32.67
42416,32.18,34.51,35.55,31.92
42417,34.5,32.54,34.99,31.82
42418,34.28,34.91,35.73,33.79
42419,33.01,33.88,34.46,32.68
42422,34.69,33.25,34.97,32.85
42423,33.27,34.54,35.11,32.9
42424,34.41,32.98,34.67,32.37
42425,35.29,34.39,35.74,33.29
42426,35.1,35.1,37,34.73
42429,35.97,35.1,36.23,34.83
42430,36.81,36.6,37.25,35.95
42431,36.93,36.62,37.4,36.1
42432,37.07,37.05,37.37,36.35
42433,38.72,37.04,38.95,36.82
42436,40.84,38.88,41.04,38.87
42437,39.65,40.71,41.48,39.31
42438,41.07,39.65,41.18,39.39
42439,40.05,40.89,41.01,39.63
42440,40.39,40.33,41.03,40.02
42443,39.53,40.25,40.65,38.82
42444,38.74,39.67,39.74,38.32
42445,40.33,39.14,40.44,38.83
42446,41.54,40.45,41.6,40.41
42447,41.2,41.38,42.54,41.07
42450,41.54,41.31,41.88,40.48
42451,41.79,41.47,42.08,40.97
42452,40.47,41.56,41.82,40.42
42453,40.44,40.4,40.64,39.22
42457,40.27,40.58,41,39.64
42458,39.14,40.19,40.25,38.76
42459,39.26,39.42,40.61,39.09
42460,39.6,39.12,40,38.74
42461,38.67,40.14,40.43,38.55
42464,37.69,38.69,38.92,37.5
42465,37.87,37.5,38.44,37.27
42466,39.84,38.4,39.94,38.34
42467,39.43,39.9,40.29,38.7
42468,41.94,39.68,42.01,39.62
42471,42.83,42,43.06,41.41
42472,44.69,42.7,44.81,42.56
42473,44.18,44.44,44.94,43.76
42474,43.84,44.01,44.62,43.29
42475,43.1,43.8,44.05,42.28
42478,42.91,41.8,43.43,40.1
42479,44.03,43.14,44.5,42.6
42480,45.8,43.52,45.88,42.81
42481,44.53,45.54,46.18,44.44
42482,45.11,44.75,45.9,44.3
42485,44.48,45.13,45.59,44.26
42486,45.74,44.69,46.49,44.36
42487,47.18,46.26,47.45,45.63
42488,48.14,47.1,48.19,46.74
42489,48.13,47.9,48.5,47.41
42492,45.83,47.37,47.4,45.72
42493,44.97,45.8,46.4,44.62
42494,44.62,45.21,46.01,44.19
42495,45.01,45.08,46.77,44.65
42496,45.37,45.16,46.12,44.19
42499,43.63,45.75,46.48,43.43
42500,45.52,43.49,45.7,43.33
42501,47.6,45.59,47.75,44.8
42502,48.08,47.32,48.19,46.8
42503,47.83,47.85,48.12,47.26
42506,48.97,47.8,49.47,47.77
42507,49.28,49.03,49.75,48.57
42508,48.93,49.36,49.85,48.45
42509,48.81,48.67,48.88,47.38
42510,48.72,48.9,49.39,48.07
42513,48.35,48.72,48.84,47.58
42514,48.61,48.35,49.24,47.8
42515,49.74,49.16,49.96,48.91
42516,49.59,49.76,50.51,49.25
42517,49.32,49.42,49.55,48.69
42520,49.76,49.43,49.83,48.92
42521,49.69,49.7,50.05,49.23
42522,49.72,49.65,50,48.65
42523,50.04,49.63,50.3,48.84
42524,49.64,49.95,50.33,49.3
42527,50.55,49.83,50.83,49.72
42528,51.44,50.46,51.54,50.28
42529,52.51,51.41,52.8,51.32
42530,51.95,52.74,52.86,51.53
42531,50.54,51.91,52.1,50.33
42534,50.35,50.42,50.79,49.61
42535,49.83,49.89,50.05,49.2
42536,48.97,49.22,49.8,48.39
42537,47.19,48.56,48.77,46.94
42538,49.17,47.28,49.4,47.25
42541,50.65,49.42,50.68,49.24
42542,50.62,50.43,51.1,49.46
42543,49.88,51.06,51.24,49.18
42544,50.91,50.14,51.18,49.89
42545,48.41,50.69,50.74,47.54
42548,47.16,48.43,48.9,46.69
42549,48.58,47.61,48.79,47.47
42550,50.61,48.84,50.74,48.62
42551,49.68,50.21,50.28,49.47
42552,50.35,49.9,50.66,49.25
42555,50.1,50.6,50.75,50.03
42556,47.96,50.03,50.05,47.54
42557,48.8,48.06,49.31,47.17
42558,46.4,49.12,49.59,46.15
42559,46.76,46.6,47.23,46.15
42562,46.25,46.49,47.1,45.9
42563,48.47,46.17,48.57,46.09
42564,46.26,48.13,48.2,46.09
42565,47.37,46.59,47.47,46.34
42566,47.61,47.03,48.25,46.65
42569,46.96,47.92,47.95,46.5
42570,46.66,46.93,47.49,46.53
42571,47.17,46.76,47.49,45.9
42572,46.2,47.17,47.56,46.05
42573,45.69,46.21,46.5,45.17
42576,44.72,45.7,45.87,44.55
42577,44.87,44.82,44.96,44.14
42578,43.47,44.55,44.91,43.27
42579,42.7,43.53,43.72,42.56
42580,42.46,42.61,42.83,41.8
42583,42.14,43.11,43.85,41.87
42584,41.8,42.23,43.18,41.51
42585,43.1,41.94,43.47,41.56
42586,44.29,43.36,44.34,42.51
42587,44.27,44.18,44.49,43.51
42590,45.39,44.34,45.71,44.24
42591,44.98,45.25,45.77,44.76
42592,44.05,44.92,45.68,43.81
42593,46.04,43.78,46.3,43.46
42594,46.97,46.18,47.25,45.74
42597,48.35,47.14,48.54,46.84
42598,49.23,48.22,49.36,47.9
42599,49.85,48.88,49.93,48.55
42600,50.89,49.76,51.05,49.52
42601,50.88,50.96,51.22,50.32
42604,49.16,50.7,50.7,49.07
42605,49.96,49.04,50.21,48.48
42606,49.05,49.57,49.87,48.68
42607,49.67,49.03,49.78,48.7
42608,49.92,49.66,50.76,49.12
42611,49.26,49.54,49.6,48.97
42612,48.37,49.25,49.76,48.23
42613,47.04,48.29,48.42,46.96
42614,45.45,46.98,47.24,45.32
42615,46.83,45.79,47.02,45.41
42618,47.63,46.7,49.4,46.4
42619,47.26,47.43,47.99,46.29
42620,47.98,47.2,48.56,46.97
42621,49.99,48.55,50.14,48.21
42622,48.01,49.63,49.7,47.76
42625,48.32,47.81,48.63,46.9
42626,47.1,48.17,48.22,46.96
42627,45.85,47.33,47.48,45.7
42628,46.59,46.06,47,45.67
42629,45.77,46.31,46.41,45.48
42632,45.95,46.01,46.93,45.85
42633,45.88,45.91,46.3,45.09
42634,46.83,46.45,47.14,46.38
42635,47.65,46.99,47.83,46.99
42636,45.89,47.42,48.26,45.65
42639,47.35,46.05,47.66,45.74
42640,45.97,47.06,47.28,45.63
42641,48.69,46.14,48.96,45.7
42642,49.24,48.87,49.81,47.99
42643,49.06,49.18,49.25,48.21
42646,50.89,50.02,51.14,49.74
42647,50.87,50.93,51.55,50.34
42648,51.86,51.22,52.09,51.22
42649,52.51,51.76,52.75,51.32
42650,51.93,52.72,52.84,51.33
42653,53.14,51.63,53.73,51.3
42654,52.41,53.11,53.32,52.12
42655,51.81,52.48,52.87,51.61
42656,52.03,51.6,52.15,50.92
42657,51.95,52.06,52.55,51.5
42660,51.52,51.93,52.29,51.16
42661,51.68,51.72,52.15,51.25
42662,52.67,52.13,53.14,52.09
42663,51.38,52.6,52.72,51.17
42664,51.78,51.4,51.94,51.12
42667,51.46,51.89,52.01,50.5
42668,50.79,51.44,51.83,50.22
42669,49.98,50.26,50.69,49.65
42670,50.47,50.05,50.9,49.83
42671,49.71,50.41,50.58,49.31
42674,48.3,49.41,49.72,47.98
42675,48.14,48.72,49.26,47.72
42676,46.86,47.9,48.02,46.46
42677,46.35,47.15,47.52,45.99
42678,45.58,46.43,46.56,45.08
42681,46.15,45.7,46.38,45.38
42682,46.04,46.3,46.69,45.6
42683,46.36,46.04,46.95,44.4
42684,45.84,46.36,46.92,45.56
42685,44.75,45.8,45.89,44.19
42688,44.43,44.54,44.99,43.57
42689,46.95,44.7,47.25,44.67
42690,46.63,46.88,47.56,46.25
42691,46.49,46.44,47.62,45.97
42692,46.86,46.05,46.99,45.75
42695,48.9,46.92,49.15,46.92
42696,49.12,49.25,49.96,48.14
42697,48.95,49.2,49.5,48.56
42698,49,49.03,49.21,48.76
42699,47.24,48.96,49.02,46.85
42702,48.24,46.71,48.81,46.28
42703,46.38,48.07,48.1,45.92
42704,50.47,46.54,50.49,46.51
42705,53.94,51.72,54.53,51.51
42706,54.46,53.88,54.5,52.84
42709,54.94,54.4,55.33,53.77
42710,53.93,54.5,54.94,53.51
42711,53,53.94,54.23,52.92
42712,53.89,53.15,54.05,52.81
42713,54.33,53.97,54.46,53.77
42716,55.69,55.88,57.89,55.11
42717,55.72,55.7,56.44,55.13
42718,53.9,55.16,55.81,53.52
42719,54.02,53.76,54.5,53.15
42720,55.21,54.11,55.38,53.71
42723,54.92,55.4,55.8,54.69
42724,55.35,55.02,55.92,54.75
42725,54.46,55.52,55.87,54.32
42726,55.05,54.55,55.23,54.05
42727,55.16,54.84,55.25,54.26
42731,56.09,55.18,57.15,55.04
42732,56.22,56.06,56.56,55.89
42733,56.14,56.01,56.63,55.91
42734,56.82,57,57.2,56.46
42738,55.47,57.05,58.37,55.3
42739,56.46,55.73,56.55,55.33
42740,56.89,56.35,57.35,56.01
42741,57.1,56.88,57.47,56.28
42744,54.94,56.81,57,54.74
42745,53.64,54.95,55.36,53.58
42746,55.1,53.8,55.67,53.7
42747,56.01,55.19,56.43,55.01
42748,55.45,56,56.21,55.28
42751,55.86,55.64,55.92,55.19
42752,55.47,55.74,56.95,55.4
42753,53.92,55.48,55.9,53.77
42754,54.16,54.29,54.77,53.9
42755,55.49,54.33,55.8,54.18
42758,55.23,55.7,55.75,54.65
42759,55.44,55.42,55.87,55.07
42760,55.08,55.24,55.65,54.75
42761,56.24,55.39,56.55,55.21
42762,55.52,56.09,56.5,54.86
42765,55.23,55.47,55.7,54.97
42766,55.7,55.25,56,54.9
42767,56.8,55.55,56.83,55.36
42768,56.56,56.53,57.45,56.33
42769,56.81,56.92,57.3,56.39
42772,55.72,56.85,57.13,55.65
42773,55.05,55.91,55.98,54.58
42774,55.12,54.5,55.68,54.44
42775,55.63,55.3,55.92,55.23
42776,56.7,55.66,56.88,55.59
42779,55.59,56.68,56.81,55.41
42780,55.97,55.75,56.46,55.53
42781,55.75,55.82,56.25,55.56
42782,55.65,55.74,56.24,55.13
42783,55.81,55.73,55.88,55.1
42786,56.18,55.9,56.42,55.7
42787,56.66,56.17,57.31,56.1
42788,55.84,56.74,57.01,55.64
42789,56.58,56.2,57.26,56.18
42790,55.99,56.4,56.66,55.74
42793,55.93,55.96,56.77,55.86
42794,55.59,56.02,56.15,55.23
42795,56.36,56.45,57.05,56.24
42796,55.08,56.31,56.44,55.03
42797,55.9,55.18,55.95,55.09
42800,56.01,55.8,56.25,55.32
42801,55.92,55.95,56.65,55.56
42802,53.11,55.63,55.77,52.93
42803,52.19,53.49,53.86,51.5
42804,51.37,52.33,53.02,51.14
42807,51.35,51.49,51.7,50.85
42808,50.92,51.34,51.86,50.25
42809,51.81,51.5,52.15,51.36
42810,51.74,52.08,52.65,51.5
42811,51.76,51.74,52.18,51.53
42814,51.62,51.8,51.94,51.01
42815,50.96,51.7,52.22,50.73
42816,50.64,50.86,50.98,49.71
42817,50.56,50.83,51.1,50.25
42818,50.8,50.64,51.06,50.4
42821,50.75,51.03,51.1,50.03
42822,51.33,50.77,51.87,50.77
42823,52.42,51.43,52.48,51.36
42824,52.96,52.39,53.1,52.03
42825,52.83,52.83,53.45,52.35
42828,53.12,53.62,53.74,53.03
42829,54.17,53.18,54.38,52.73
42830,54.36,54.22,55.09,53.97
42831,54.89,54.13,55,54.02
42832,55.24,54.88,56.08,54.57
42835,55.98,55.19,56.05,55.19
42836,56.23,56.08,56.3,55.45
42837,55.86,56.28,56.65,55.5
42838,55.89,55.66,56.06,55.56
42842,55.36,55.55,55.98,55.29
42843,54.89,55.39,55.48,54.61
42844,52.93,54.78,55.2,52.58
42845,52.99,53.09,53.55,52.68
42846,51.96,53,53.29,51.57
42849,51.6,52.11,52.57,51.42
42850,52.1,51.6,52.39,51.3
42851,51.82,51.81,52.46,51.38
42852,51.44,51.57,51.76,50.45
42853,51.73,51.58,52.12,51.31
42856,51.52,51.88,51.97,51.22
42857,50.46,51.39,52.16,50.14
42858,50.79,50.99,51.14,50.2
42859,48.38,50.59,50.73,48.16
42860,49.1,48.45,49.63,46.64
42863,49.34,49.27,49.92,48.48
42864,48.73,49.44,49.72,48.39
42865,50.22,48.95,50.63,48.81
42866,50.77,50.28,51.16,50.25
42867,50.84,50.76,51.09,50.33
42870,51.82,50.89,52.63,50.74
42871,51.65,51.88,52.36,51.1
42872,52.21,51.2,52.61,51.04
42873,52.51,52.19,52.74,51.11
42874,53.61,52.57,53.82,52.55
42877,53.87,53.85,54.37,53.66
42878,54.15,53.87,54.43,53.2
42879,53.96,54.14,54.62,53.66
42880,51.46,54.15,54.67,51.03
42881,52.15,51.38,52.3,50.71
42884,52.29,52.24,52.61,51.86
42885,51.84,52.25,52.35,51.19
42886,50.31,51.92,51.92,49.81
42887,50.63,51.17,51.45,50.23
42888,49.95,50.23,50.52,48.95
42891,49.47,49.87,50.74,49.04
42892,50.12,49.57,50.3,49
42893,48.06,49.97,50.14,47.96
42894,47.86,48.26,48.6,47.56
42895,48.15,47.79,48.56,47.4
42898,48.29,48.06,49.15,48.01
42899,48.72,48.32,48.82,47.87
42900,47,48.18,48.69,46.74
42901,46.92,46.8,47.2,46.7
42902,47.37,46.82,47.61,46.81
42905,46.91,47.21,47.76,46.77
42906,46.02,46.96,47.23,45.42
42907,44.82,45.89,46.63,44.35
42908,45.22,44.81,45.79,44.53
42909,45.54,45.28,45.75,45.03
42912,45.83,45.63,46.24,45.04
42913,46.65,45.85,47.06,45.79
42914,47.31,46.25,47.47,46.25
42915,47.42,47.39,48.03,47.14
42916,47.92,47.46,48.12,47.46
42919,49.68,48.95,49.71,48.54
42920,49.61,49.63,49.9,49.29
42921,47.79,49.67,49.84,47
42922,48.11,48.28,49.18,47.77
42923,46.71,47.76,47.76,46.28
42926,46.88,46.84,47.38,46.11
42927,47.52,46.99,48.21,46.29
42928,47.74,48.21,48.79,47.35
42929,48.42,47.7,48.53,47.18
42930,48.91,48.37,49.11,48.15
42933,48.42,49.14,49.26,48.31
42934,48.84,48.4,49.41,48.24
42935,49.7,48.7,49.81,48.58
42936,49.3,49.65,50.19,49.19
42937,48.06,49.33,49.65,47.81
42940,48.6,47.96,48.77,47.68
42941,50.2,48.64,50.91,48.63
42942,50.97,50.63,51.06,50.07
42943,51.49,50.86,51.64,50.5
42944,52.52,51.6,52.7,51.31
42947,52.65,52.6,52.92,52.2
42948,51.78,52.7,52.93,50.88
42949,52.36,51.38,52.43,51.18
42950,52.01,52.24,52.89,51.77
42951,52.42,51.97,52.52,51.43
42954,52.37,52.39,52.53,51.37
42955,52.14,52.24,52.73,51.82
42956,52.7,51.99,52.85,51.81
42957,51.9,52.72,53.64,51.67
42958,52.1,51.94,52.28,51.3
42961,50.73,52.02,52.38,50.55
42962,50.8,50.65,51.15,50.02
42963,50.27,50.98,51.4,50.15
42964,51.03,50.4,51.12,50
42965,52.72,50.89,52.96,50.78
42968,51.66,53,53,51.3
42969,51.87,51.78,52.28,51.39
42970,52.57,51.68,52.63,51.45
42971,52.04,52.55,52.71,51.61
42972,52.41,52.3,52.68,51.93
42975,51.89,52.38,52.84,51.52
42976,52,52.04,52.19,51.36
42977,50.86,51.97,52.01,50.58
42978,52.38,50.58,52.43,50.56
42979,52.75,52.84,52.95,52.24
42982,52.34,52.85,52.85,51.99
42983,53.38,52.3,53.66,52.09
42984,54.2,53.16,54.31,53.09
42985,54.49,54.13,54.67,53.89
42986,53.78,54.54,54.87,53.57
42989,53.84,53.82,54.14,53.04
42990,54.27,53.77,54.44,53.42
42991,55.16,54.18,55.21,54.03
42992,55.47,55.02,55.99,54.93
42993,55.62,55.29,55.85,54.86
42996,55.48,55.59,55.95,54.82
42997,55.14,55.48,55.89,54.89
42998,56.29,55.35,56.48,55.26
42999,56.43,56.17,56.53,55.76
43000,56.86,56.5,56.91,56.22
43003,59.02,56.87,59.25,56.7
43004,58.44,59.05,59.49,57.77
43005,57.9,58.57,58.89,57.57
43006,57.41,57.7,58.65,56.85
43007,57.54,57.6,57.8,57.14
43010,56.12,56.73,56.76,55.5
43011,56,56.1,56.4,55.7
43012,55.8,55.67,56.2,55.38
43013,57,55.77,57.24,55.7
43014,55.62,56.99,57.28,55.13
43017,55.79,55.5,55.98,55.06
43018,56.61,55.78,56.91,55.73
43019,56.94,56.56,57.09,56.51
43020,56.25,56.74,56.83,55.88
43021,57.17,56.44,57.57,56.34
43024,57.82,57.28,58.47,57.12
43025,57.88,57.78,58.35,57.18
43026,58.15,58.16,58.54,57.74
43027,57.23,58.24,58.3,57.02
43028,57.75,57.32,57.94,56.6
43031,57.37,57.95,58.05,57.27
43032,58.33,57.41,58.57,57.04
43033,58.44,58.44,58.74,57.85
43034,59.3,58.42,59.55,58.05
43035,60.44,59.37,60.65,58.82
43038,60.9,60.66,61,60.14
43039,61.37,60.86,61.41,60.53
43040,60.49,61.07,61.7,60
43041,60.62,60.5,60.86,60.02
43042,62.07,60.88,62.23,60.6
43045,64.27,62.27,64.44,62.08
43046,63.69,64.12,64.65,63.5
43047,63.49,63.69,64.64,62.95
43048,63.93,63.52,64.25,63.26
43049,63.52,63.8,64.27,63.35
43052,63.16,63.68,63.77,62.61
43053,62.21,63.06,63.17,61.21
43054,61.87,61.55,62.13,61.3
43055,61.36,61.88,62.15,61.25
43056,62.72,61.41,62.92,61.08
43059,62.22,62.8,62.8,61.44
43060,62.57,62.1,62.87,62.07
43061,63.32,62.78,63.43,62.62
43062,63.55,63.24,63.57,62.88
43063,63.86,63.35,63.95,63.28
43066,63.84,63.8,63.99,63.1
43067,63.61,63.78,63.89,63.1
43068,63.11,63.3,64.07,62.5
43069,63.57,63.28,64.21,63.21
43070,63.73,62.74,64.32,62.59
43073,62.45,63.5,63.68,62.31
43074,62.86,62.45,63.15,62.12
43075,61.22,62.64,62.93,61.13
43076,62.2,61.3,62.26,61.15
43077,63.4,62.08,63.64,62.01
43080,64.69,63.29,64.93,62.99
43081,63.34,64.66,65.83,63.07
43082,62.44,63.8,64.32,62.36
43083,63.31,62.81,63.5,62.01
43084,63.23,63.39,63.68,63.08
43087,63.41,63.36,63.91,63
43088,63.8,63.41,63.91,63.3
43089,64.56,63.83,64.6,63.67
43090,64.9,64.49,64.93,64.2
43091,65.25,64.63,65.28,64.38
43095,67.02,65.2,67.1,65
43096,66.44,66.76,66.94,66.03
43097,66.72,66.43,66.85,66.23
43098,66.87,66.15,66.98,66.15
43102,66.57,66.55,67.29,66.24
43103,67.84,66.54,68.03,66.4
43104,68.07,67.89,68.27,67.62
43105,67.62,67.97,68.11,67.26
43108,67.78,67.8,67.99,67.44
43109,68.82,68,69.29,67.7
43110,69.2,69.12,69.37,68.75
43111,69.26,69.15,70.05,69
43112,69.87,69.15,69.93,68.59
43115,70.26,69.88,70.37,69.55
43116,69.15,70.05,70.13,68.83
43117,69.38,69.35,69.59,68.55
43118,69.31,69.53,69.63,68.8
43119,68.61,69.01,69.08,68.28
43122,69.03,68.8,69.51,68.39
43123,69.96,69.17,70.24,69.12
43124,70.53,69.97,70.94,69.54
43125,70.42,70.95,71.28,69.97
43126,70.52,70.07,70.83,70.05
43129,69.46,70.47,70.64,69.07
43130,69.02,69.3,69.39,68.4
43131,69.05,68.43,69.15,68.33
43132,69.65,69,69.97,68.81
43133,68.58,70,70.02,67.96
43136,67.62,68.15,68.46,66.9
43137,66.86,67.02,67.6,66.53
43138,65.51,67.2,67.72,65.16
43139,64.81,65.28,65.6,64.1
43140,62.79,64.44,64.64,61.77
43143,62.59,62.5,64.4,62.5
43144,62.72,62.85,63.1,61.76
43145,64.36,62.84,64.58,61.95
43146,64.33,64.44,65.15,63.12
43147,64.84,64.66,65.22,64.19
43150,65.67,64.96,65.9,64.84
43151,65.25,65.64,65.81,64.78
43152,65.42,65.05,65.53,64.4
43153,66.39,64.91,66.56,64.62
43154,67.31,66.3,67.37,65.79
43157,67.5,67.29,67.9,66.72
43158,66.63,67.57,67.61,66.32
43159,65.78,66.41,66.87,65.43
43160,63.83,64.57,65.04,63.19
43161,64.37,64.07,64.64,63.2
43164,65.54,64.65,65.88,64.1
43165,65.79,65.74,66.16,65.3
43166,64.34,65.23,65.8,63.83
43167,63.61,64.51,64.56,63.43
43168,65.49,63.93,65.63,63.69
43171,64.95,65.5,65.86,64.18
43172,64.64,64.92,65.68,64.05
43173,64.89,64.73,65.21,64.06
43174,65.12,64.9,65.38,64.61
43175,66.21,65.07,66.42,64.88
43178,66.05,66.01,66.39,65.39
43179,67.42,66.15,67.88,66.15
43180,69.47,67.61,69.86,67.48
43181,68.91,69.63,69.7,68.58
43182,70.45,69.11,70.57,68.87
43185,70.12,70.43,71.05,69.67
43186,70.11,70.13,71.03,69.45
43187,69.53,69.72,70.25,68.78
43188,70.27,69.86,70.44,69.1
43192,67.64,69.32,70.04,67.49
43193,68.12,67.63,68.46,67.62
43194,68.02,68.15,68.28,66.69
43195,68.33,68.36,68.93,67.73
43196,67.11,68.09,68.62,66.86
43199,68.65,67.1,68.8,67
43200,71.04,68.46,71.34,68.46
43201,72.06,71.03,73.09,70.57
43202,72.02,72.09,72.49,71.1
43203,72.58,71.94,72.88,71.56
43206,71.42,72.7,72.85,71.11
43207,71.58,71.65,71.89,70.83
43208,73.48,71.72,73.93,71.66
43209,73.78,73.72,74.75,73.46
43210,74.06,73.94,74.2,72.83
43213,74.71,73.77,75.1,73.13
43214,73.86,75.09,75.47,73.68
43215,74,74,74.19,73.17
43216,74.74,74.23,74.97,74.11
43217,74.64,74.72,75.03,74.35
43220,75.17,74.62,75.41,73.47
43221,73.13,74.65,74.98,72.74
43222,73.36,73.28,73.63,72.38
43223,73.62,73.07,74.09,72.47
43224,74.87,73.74,75.08,73.24
43227,76.17,75,76.34,74.83
43228,74.85,75.6,76.18,73.1
43229,77.21,76.19,77.43,76.08
43230,77.47,77.44,78,76.51
43231,77.12,77.55,77.6,76.95
43234,78.23,77.05,78.53,76.55
43235,78.43,78.42,79.47,77.9
43236,79.28,78.1,79.35,77.61
43237,79.3,79.26,80.5,79.12
43238,78.51,79.46,79.87,78.33
43241,79.22,78.61,79.59,78.1
43242,79.57,79.36,80.49,79.16
43243,79.8,79.47,79.85,78.21
43244,78.79,79.65,79.78,78.57
43245,76.44,78.82,78.88,76.01
43248,75.3,76.11,76.17,74.49
43249,75.39,75.82,76.2,74.54
43250,77.5,75.37,77.73,74.81
43251,77.59,77.37,78.75,77.04
43252,76.79,77.71,77.95,76.35
43255,75.29,76.66,76.95,75.2
43256,75.38,75.4,75.74,73.81
43257,75.36,75.19,76.25,74.46
43258,77.32,75.88,77.45,75.44
43259,76.46,77.39,77.61,76.12
43262,76.46,76.3,76.84,75.52
43263,75.88,76.5,77.07,75.43
43264,76.74,75.4,76.87,75.26
43265,75.94,76.56,76.92,75.76
43266,73.44,75.98,76.06,73
43269,75.34,73.06,75.49,72.45
43270,75.08,75.24,75.55,74.45
43271,74.74,75.2,75.86,74.1
43272,73.05,74.46,74.69,72.93
43273,75.55,73.24,75.83,73.24
43276,74.73,74.8,75.13,73.74
43277,76.31,74.74,76.72,74.13
43278,77.62,76.54,78.16,76.28
43279,77.85,77.5,78.42,77.09
43280,79.44,77.79,79.7,77.45
43283,77.3,78.55,78.95,77.16
43284,77.76,77.4,78.55,76.67
43285,78.24,77.89,78.28,77.61
43286,77.39,78.14,78.5,77.3
43287,77.11,77.57,77.68,76.36
43290,78.07,77.21,78.31,77.04
43291,78.86,78.25,79.51,78.15
43292,73.4,78.78,78.83,73.04
43293,74.45,74.17,75.1,72.67
43294,75.33,74.34,75.93,73.22
43297,71.84,74.92,75.37,71.52
43298,72.16,72.01,72.78,71.35
43299,72.9,71.74,73.28,71.19
43300,72.58,73.06,73.79,71.83
43301,73.07,72.65,73.47,72.26
43304,73.06,73.22,74.5,72.52
43305,73.44,72.91,74,72.68
43306,73.93,73.7,74.6,73.07
43307,74.54,74.37,74.83,73.77
43308,74.29,74.5,74.85,73.83
43311,74.97,74.31,75.27,74.14
43312,74.25,74.93,75.1,74.14
43313,72.39,74.07,74.12,72.13
43314,73.45,72.42,73.75,71.84
43315,73.21,73.37,73.73,72.48
43318,73.75,73.21,74.47,73.08
43319,74.65,73.61,74.9,73.57
43320,72.28,74.64,74.87,71.65
43321,72.07,72.16,72.89,71.86
43322,72.81,71.97,73.14,71.4
43325,72.61,73,73.09,71.04
43326,72.46,72.82,73.93,72.16
43327,70.76,72.22,72.44,70.3
43328,71.43,70.65,71.52,70.4
43329,71.83,71.35,72.49,71.25
43332,72.21,71.77,72.75,71.42
43333,72.63,72.15,72.95,72.05
43334,74.78,72.76,75,72.7
43335,74.73,74.72,74.87,74.21
43336,75.82,74.73,76.42,74.68
43339,76.21,75.54,76.34,75.39
43340,75.95,76.34,76.97,75.73
43341,77.14,75.99,77.42,75.67
43342,77.77,77.33,78.03,77.18
43343,77.42,77.53,77.79,77
43346,78.15,77.69,78.44,77.3
43347,78.17,78.19,79.72,77.44
43348,77.27,77.82,78.09,76.91
43349,76.5,77.02,77.77,75.64
43350,76.83,76.69,77.1,75.88
43353,77.37,77.08,77.92,76.9
43354,79.06,77.38,79.54,77.36
43355,79.74,79.42,80.13,78.75
43356,78.18,79.6,79.71,77.87
43357,78.09,78.45,78.94,77.37
43360,78.05,78.07,78.9,77.73
43361,79.03,77.78,79.73,77.46
43362,79.4,78.97,79.5,78.51
43363,78.7,79.44,79.83,78.51
43364,78.8,78.67,80.12,78.23
43367,81.2,78.97,81.48,78.97
43368,81.87,81.35,82.55,81.17
43369,81.34,81.45,82.22,81.1
43370,81.72,81.8,82.44,81.32
43371,82.72,81.63,82.87,81.6
43374,84.98,82.79,85.45,82.55
43375,84.8,84.95,85.38,84.31
43376,86.29,84.79,86.74,84.01
43377,84.58,85.99,86.43,84.14
43378,84.16,84.89,85.12,83.92
43381,83.91,84.17,84.31,82.66
43382,85,83.91,85.45,83.73
43383,83.09,84.98,85.17,82.26
43384,80.26,82.47,82.63,79.8
43385,80.43,80.28,81.48,79.23
43388,80.78,81,81.92,79.85
43389,81.41,80.88,81.75,79.8
43390,80.05,81.74,81.85,79.17
43391,79.29,80.23,80.31,78.69
43392,79.78,79.44,80.88,79.22
43395,79.83,80.11,80.41,78.99
43396,76.44,80.04,80.12,75.88
43397,76.17,76.35,77.57,75.11
43398,76.89,75.67,77.08,75.35
43399,77.62,76.6,77.91,75.77
43402,77.34,77.64,78.03,76.55
43403,75.91,76.82,77.32,75.09
43404,75.47,76.28,76.92,75.42
43405,72.89,74.69,74.99,72.56
43406,72.83,72.75,73.5,72.16
43409,73.17,72.85,74.13,72.26
43410,72.13,72.85,73.28,71.18
43411,72.07,71.66,73.55,71.36
43412,70.65,72.1,73.08,70.56
43413,70.18,70.87,70.99,69.13
43416,70.12,70.69,71.88,68.87
43417,65.47,69.13,69.68,64.61
43418,66.12,65.62,67.63,65.02
43419,66.62,66.12,67.42,65.77
43420,66.76,66.68,68.38,66.06
43423,66.79,66.99,67.64,65.27
43424,62.53,66.9,66.9,61.71
43425,63.48,62.6,64.48,62.56
43426,62.6,63.6,63.81,62.27
43427,58.8,62.58,62.79,58.41
43430,60.48,58.98,61.13,58.6
43431,60.21,60.39,61.4,58.92
43432,58.76,60.63,61.27,58.55
43433,59.51,59.12,60.37,57.5
43434,58.71,59.28,59.93,58.25
43437,61.69,59.98,62.6,59.85
43438,62.08,61.9,63.58,61.24
43439,61.56,61.35,63.29,60.8
43440,60.06,61.36,61.97,58.36
43441,61.67,60.25,63.73,59.1
43444,59.97,61.34,62.33,59.61
43445,60.2,59.91,61.1,59.58
43446,60.15,60.67,61.43,59.98
43447,61.45,60.29,62.02,59.33
43448,60.28,61.53,61.58,59.92
43451,59.61,60.25,61.21,58.64
43452,56.26,59,59.24,55.89
43453,57.24,56.51,58.11,56.04
43454,54.35,56.49,56.75,54.28
43455,53.82,54.97,55.33,52.79
43458,50.47,53.49,54.66,50.36
43460,54.47,50.84,55.29,49.93
43461,52.16,54.65,54.67,51.94
43462,52.2,53.44,53.8,51.6
43465,53.8,53,54.82,52.66
43467,54.91,54.12,56.56,52.51
43468,55.95,54.29,56.3,53.93
43469,57.06,55.67,58.31,55.34
43472,57.33,57.41,58.93,57.26
43473,58.72,57.64,58.87,57.13
43474,61.44,59.15,61.69,59.05
43475,61.68,61.15,61.91,60.44
43476,60.48,61.19,62.49,60.08
43479,58.99,60.62,61.04,58.9
43480,60.64,59.36,60.86,59.11
43481,61.32,60.42,61.45,60.03
43482,61.18,61.05,61.54,60.04
43483,62.7,61.33,63,61.32
43486,62.74,62.74,63.15,62.25
43487,61.5,62.59,62.71,60.57
43488,61.14,61.37,62.33,60.21
43489,61.09,61.02,61.51,60.41
43490,61.64,61.13,61.92,60.7
43493,59.93,61.49,61.69,59.49
43494,61.32,59.87,61.79,59.75
43495,61.65,61.26,62.67,61.04
43496,61.89,61.97,62.32,61.57
43497,62.75,61.06,62.97,60.46
43500,62.51,62.83,63.63,61.28
43501,61.98,62.64,63.02,61.72
43502,62.69,62.06,62.8,61.05
43503,61.63,62.5,62.91,60.6
43504,62.1,61.66,62.36,61.04
43507,61.51,62.11,62.34,60.9
43508,62.42,61.59,63.34,61.59
43509,63.61,62.7,63.98,62.69
43510,64.57,63.69,64.81,63.25
43511,66.25,64.86,66.39,64.42
43514,66.5,66.39,66.83,65.9
43515,66.45,66.44,66.65,65.58
43516,67.08,66.3,67.38,65.63
43517,67.07,67.05,67.31,66.69
43518,67.12,66.96,67.73,66.87
43521,64.76,66.97,67.47,64.54
43522,65.21,64.79,65.74,64.32
43523,66.39,65.64,66.7,65.27
43524,66.03,66.38,66.38,65.67
43525,65.07,66.48,67.14,64.59
43528,65.67,64.97,66.34,64.93
43529,65.86,65.46,66.23,65.04
43530,65.99,65.49,66.18,65.22
43531,66.3,65.88,67,65.75
43532,65.74,66.08,66.09,64.02
43535,66.58,65.76,66.75,65.63
43536,66.67,66.7,67.39,66.34
43537,67.55,66.91,67.76,66.7
43538,67.23,67.65,68.14,67.03
43539,67.16,67.18,67.71,66.13
43542,67.54,67.14,67.69,66.69
43543,67.61,67.49,68.2,67.13
43544,68.5,67.66,68.57,67.19
43545,67.86,68.38,68.69,67.59
43546,67.03,67.76,67.98,66.2
43549,67.21,67,67.65,66.36
43550,67.97,67.36,68.23,67.24
43551,67.83,67.9,68.35,67.19
43552,67.82,67.75,68,66.54
43553,68.39,68.01,68.89,67.81
43556,69.01,67.58,69.22,67.58
43557,69.37,69.22,69.58,68.69
43558,69.31,69.47,69.96,68.8
43559,69.4,69.44,70.03,68.87
43560,70.34,69.13,70.48,68.92
43563,71.1,70.56,71.19,70.43
43564,70.61,71.19,71.34,70.3
43565,71.73,70.82,71.78,70.57
43566,70.83,71.56,71.68,70.57
43567,71.55,70.95,71.87,70.9
43570,71.18,71.55,71.6,70.78
43571,71.72,71.21,71.95,70.74
43572,71.62,71.83,72.27,71.45
43573,71.97,71.63,72.04,71.2
43577,74.04,71.93,74.52,71.86
43578,74.51,74.38,74.73,73.99
43579,74.57,74.27,74.73,74.02
43580,74.35,74.46,75.6,74
43581,72.15,74.2,74.42,71.3
43584,72.04,71.56,72.5,71.06
43585,72.8,71.94,73.27,71.73
43586,72.18,71.73,72.36,71.3
43587,70.75,72,72.22,69.68
43588,70.85,70.48,71.54,69.95
43591,71.24,70.59,71.79,68.79
43592,69.88,71.15,71.33,69.38
43593,70.37,69.88,70.7,69.33
43594,70.39,70.23,70.65,69.4
43595,70.62,70.45,71.23,70.18
43598,70.23,70.83,72.58,69.72
43599,71.24,70.02,71.65,69.93
43600,71.77,70.9,72.25,70.42
43601,72.62,72.05,73.36,71.82
43602,72.21,72.82,73.23,71.79
43605,71.97,72.5,73.4,71.6
43606,72.18,72.15,72.52,71.63
43607,70.99,71.91,72.04,70.42
43608,67.76,70.86,70.97,67.02
43609,68.69,67.99,69.3,67.33
43612,70.11,69.15,70.23,68.53
43613,70.11,69.99,70.59,69.58
43614,69.45,70.1,70.1,68.08
43615,66.87,69.68,69.96,66.31
43616,64.49,66.24,66.28,64.37
43619,61.28,61.64,62.84,60.55
43620,61.97,61,62.12,60.21
43621,60.63,61.58,62.27,59.45
43622,61.67,60.4,62.43,60.22
43623,63.29,62.4,63.59,61.77
43626,62.29,63.58,64.1,62.05
43627,62.29,62.3,62.87,62.01
43628,59.97,61.79,61.85,59.57
43629,61.31,59.94,62.64,59.78
43630,62.01,61.25,62.57,60.74
43633,60.94,62.07,62.37,60.74
43634,62.14,60.93,62.84,60.25
43635,61.82,62.4,62.55,61.4
43636,64.45,62.45,64.82,62.4
43637,65.2,64.86,65.76,64
43640,64.86,65.5,65.79,64.08
43641,65.05,64.89,65.98,64.17
43642,66.49,65.8,66.85,65.6
43643,66.55,66.05,66.82,65.63
43644,66.55,66.51,66.84,66.08
43647,65.06,65.05,66.75,64.22
43648,62.4,64.8,65.51,62.22
43649,63.82,62.9,64.01,62.09
43650,63.3,63.88,64.07,62.95
43651,64.23,63.27,64.52,62.91
43654,64.11,64.34,65.14,63.79
43655,64.16,63.81,64.75,63.76
43656,67.01,64.78,67.12,64.63
43657,66.52,66.81,67.65,66.43
43658,66.72,66.83,67.29,66.51
43661,66.48,66.87,67.47,66.11
43662,64.35,66.31,67.09,63.82
43663,63.66,64.44,65.28,63.22
43664,61.93,63.52,64.46,61.29
43665,62.47,62.5,63.37,61.83
43668,63.26,63.05,64.03,62.77
43669,63.83,63.26,64.46,62.66
43670,63.18,64.13,64.66,62.59
43671,63.39,63.21,64.23,63.01
43672,63.46,63.28,63.96,63.01
43675,63.71,63.32,63.9,62.92
43676,64.72,63.91,65.14,63.9
43677,65.17,64.95,65.42,64.95
43678,60.5,64.09,64.54,60.02
43679,61.89,61.16,62.95,60.98
43682,59.81,61.46,61.56,59.66
43683,58.94,59.56,60.56,58.55
43684,56.23,58.68,59.23,55.88
43685,57.38,57.48,58.01,56.77
43686,58.53,57.74,59.1,57.11
43689,58.57,58.3,58.88,57.88
43690,61.3,58.47,61.5,58
43691,59.48,61.07,61.08,58.21
43692,58.23,59.07,59.42,57.67
#N/D
43696,59.74,58.72,59.92,58.64
43697,60.03,59.68,60.32,58.95
43698,60.3,60.11,61.41,60.07
43699,59.92,60.43,60.89,59.47
#N/D
43703,58.7,58.35,60.17,58.24
43704,59.51,58.8,60.17,58.51
43705,60.49,60.04,61,59.8
43706,61.08,60.48,61.19,59.98
43707,60.43,60.98,61.17,60.25
43710,58.66,58.8,59.26,58.1
43711,58.26,58.54,58.87,57.23
43712,60.7,58.17,60.96,58.13
43713,60.95,60.49,62.4,60.25
43714,61.54,60.81,61.88,59.4
43717,62.59,61.6,63,61.57
43718,62.38,62.82,63.78,62.17
43719,60.81,62.88,63.27,60.52
43720,60.38,61.16,61.39,58.92
43721,60.22,60.45,60.81,59.6
43724,69.02,66.45,71.95,64.75
43725,64.55,68.15,69.26,63.55
43726,63.6,64.23,64.99,63.04
43727,64.4,63.51,65.57,63.46
43728,64.28,65,65.28,64.05
43731,64.77,65.23,65.5,63.53
43732,63.1,64.4,64.6,62.3
43733,62.39,62.44,62.81,61.23
43734,62.74,62.58,62.92,61.45
43735,61.91,62.48,62.75,60.76
43738,60.78,62.24,62.24,60.73
43739,58.89,59.38,60.1,58.41
43740,57.69,59.25,59.5,57.22
43741,57.71,57.54,57.99,56.15
43742,58.37,57.69,58.96,57.67
43745,58.35,58.02,59.68,58.02
43746,58.24,58.47,58.92,57.38
43747,58.32,58.02,59.35,57.91
43748,59.1,58.04,59.6,57.8
43749,60.51,59.53,60.69,59.21
43752,59.35,60.69,60.73,58.5
43753,58.74,59.3,59.68,58
43754,59.42,58.9,59.75,58.36
43755,59.91,58.99,60.04,58.69
43756,59.42,59.78,60.29,59.01
43759,58.96,59.23,59.55,58.26
43760,59.7,59.05,60.26,58.75
43761,61.17,59.48,61.3,58.85
43762,61.67,60.99,61.9,60.64
43763,62.02,61.5,62.11,60.93
43766,61.57,62.04,62.34,61.19
43767,61.59,61.61,61.98,60.66
43768,60.61,61.6,61.93,60.45
43769,60.23,60.57,61.13,60.07
43770,61.69,59.45,61.82,59.4
43773,62.13,61.8,62.78,61.28
43774,62.96,62.04,63.19,61.85
43775,61.74,62.78,63.32,61.59
43776,62.29,61.73,62.89,61.65
43777,62.51,62.29,62.7,60.66
43780,62.18,62.6,62.76,61.57
43781,62.06,62.11,62.85,61.82
43782,62.37,61.85,62.74,61.22
43783,62.28,62.61,63.21,62.15
43784,63.3,62.47,63.65,61.7
43787,62.44,63.36,63.57,61.94
43788,60.91,62.28,62.57,60.7
43789,62.4,60.94,62.8,60.3
43790,63.97,62.22,64.03,61.92
43791,63.39,63.62,64.27,62.98
43794,63.65,63.6,63.8,62.97
43795,64.27,63.7,64.32,63.44
43796,64.06,64.02,64.6,63.51
43797,63.87,63.91,64,63.19
43798,62.43,63.77,63.86,62.36
43801,60.92,60.73,62.09,60.72
43802,60.82,61.05,61.58,60.3
43803,63,61.08,63.51,61
43804,63.39,62.97,63.91,62.75
43805,64.39,63.41,64.88,62.83
43808,64.25,64.29,64.5,63.61
43809,64.34,64.03,64.69,63.78
43810,63.72,64,64.26,63.01
43811,64.2,63.9,64.85,63.87
43812,65.22,64.56,65.79,64.5
43815,65.34,65.05,65.66,64.88
43816,66.1,65.31,66.24,65.12
43817,66.17,65.84,66.43,65.56
43818,66.54,66.19,66.78,66.03
43819,66.14,66.56,66.72,65.7
43822,66.39,66.15,66.62,65.81
43823,67.2,66.44,67.26,66.36
43825,67.92,67.27,67.99,67.22
43826,68.16,67.91,68.33,67.57
43829,68.44,68.2,68.99,68.16
43830,66,66.65,66.93,65.63
43832,66.25,66.41,66.58,65.72
43833,68.6,66.28,69.5,66.22
43836,68.91,69.35,70.74,68.21
43837,68.27,68.63,68.75,67.65
43838,65.44,71.22,71.75,64.94
43839,65.37,66,66.1,64.56
43840,64.98,65.29,65.66,64.86
43843,64.2,65.13,65.27,63.92
43844,64.49,64.29,65.05,63.92
43845,64,64.44,64.6,63.55
43846,64.62,64.26,64.97,63.9
43847,64.85,64.69,65.6,64.48
43850,65.2,65.98,66,64.92
43851,64.59,65.26,65.35,64.06
43852,63.21,64.57,64.58,62.62
43853,62.04,62.68,62.69,61.25
43854,60.69,62.01,62.46,60.25
43857,59.32,60.23,60.49,58.5
43858,59.51,59.03,60.12,58.5
43859,59.81,59.86,60.62,59.26
43860,58.29,59.6,59.65,57.71
43861,58.16,59.3,59.45,57.94
43864,54.45,56.16,56.77,54.08
43865,53.96,54.33,55.65,53.69
43866,55.28,54.05,56.46,54.05
43867,54.93,55.56,56.58,54.25
43868,54.47,55.14,55.4,54.21
43871,53.27,54.2,54.71,53.11
43872,54.01,53.62,54.69,53.6
43873,55.79,54.41,56.36,54.39
43874,56.34,55.75,56.83,54.96
43875,57.32,56.41,57.53,56.15
43878,57.67,57.29,57.7,56.83
43879,57.75,57.35,57.83,56.3
43880,59.12,57.6,59.4,57.51
43881,59.31,59.31,60,58.9
43882,58.5,59,59.25,57.73
43885,56.3,57.85,57.86,55.13
43886,54.95,56.46,56.98,54.62
43887,53.43,55.13,55.45,53.03
43888,52.18,53.18,53.25,50.97
43889,50.52,51.42,51.52,50.05
43892,51.9,48.95,53.2,48.4
43893,51.86,53.47,53.9,51.22
43894,51.13,52.11,53.03,51.04
43895,49.99,51.66,52.04,49.7
43896,45.27,50.25,50.45,45.18
43899,34.36,38.28,38.34,31.02
43900,37.22,35.84,38.22,35
43901,35.79,37.27,39.7,35.35
43902,33.22,35.99,36.46,32.5
43903,33.85,32.85,36.15,32.5
43906,30.05,35.82,35.84,29.45
43907,28.73,30.14,31.25,28.5
43908,24.88,28.4,29.21,24.52
43909,28.47,27.19,29.42,24.96
43910,26.98,28.1,30.94,26.81
43913,27.03,26.75,27.54,24.68
43914,27.15,27.72,28.65,26.69
43915,27.39,27.8,28.29,25.68
43916,26.34,27.35,27.75,26.03
43917,24.93,26.68,27,24.13
43920,22.76,23.85,24.44,21.65
43921,22.74,23,23.87,22.59
43922,24.74,25.99,26.28,24.52
43923,29.94,25.61,36.29,25.45
43924,34.11,29.89,35,28.25
43927,33.05,31.76,34.24,30.03
43928,31.87,33.66,34.18,31.74
43929,32.84,32.63,33.87,31.54
43930,31.48,33.82,36.4,31.18
43934,31.74,33.99,33.99,30.63
43935,29.6,32.25,32.32,29.38
43936,27.69,30.26,30.33,27.16
43937,27.82,28.05,29,27.2
43938,28.08,28.66,28.93,27.58
43941,25.57,28.05,28.25,25.37
43942,19.33,26.33,26.5,17.51
43943,20.37,20.23,22.45,15.98
43944,21.33,20.89,23.22,20.07
43945,21.44,21.93,22.7,20.5
43948,19.99,21.55,21.91,19.11
43949,20.46,19.9,21.29,18.73
43950,22.54,20.66,23.88,20.53
43951,25.27,22.87,25.76,22.87
43952,26.44,26.95,27.88,25.76
43955,27.2,26.1,28.08,25.5
43956,30.97,28.1,32.06,27.77
43957,29.72,32.27,32.27,28.66
43958,29.46,29.64,31.84,29.08
43959,30.97,29.6,31.14,29.43
43962,29.63,30.7,31.47,29.35
43963,29.98,30.07,30.7,29.35
43964,29.19,29.35,30.55,28.86
43965,31.13,29.52,31.55,28.88
43966,32.5,31.52,32.91,30.94
43969,34.81,32.78,35.72,32.69
43970,34.65,35.66,35.76,34.2
43971,35.75,34.45,36.46,34.38
43972,36.06,35.82,36.98,35.75
43973,35.13,36.18,36.23,33.54
43976,35.53,34.98,35.97,34.46
43977,36.17,35.66,36.68,35.26
43978,34.74,35.93,36.16,33.98
43979,35.29,33.92,35.95,33.62
43980,35.33,35.15,35.37,34.06
43983,38.32,37.56,38.68,37.18
43984,39.57,38.34,39.75,38.26
43985,39.79,39.75,40.53,38.76
43986,39.99,39.6,40.1,39.04
43987,42.3,39.84,42.48,39.72
43990,40.8,42.4,43.41,40.68
43991,41.18,41.1,41.45,39.85
43992,41.73,40.72,41.99,40.14
43993,38.55,40.95,41.01,37.82
43994,38.73,37.88,39.45,37.01
43997,39.72,38.8,39.9,37.24
43998,40.96,39.94,41.65,38.95
43999,40.71,40.61,41.46,40.03
44000,41.51,40.43,41.64,40.06
44001,42.19,41.72,42.92,41.03
44004,43.08,41.74,43.18,41.58
44005,42.63,43.21,43.93,42.21
44006,40.31,42.45,42.89,39.63
44007,41.05,40.35,41.64,39.47
44008,41.02,41.44,41.81,40.29
44011,41.71,40.56,41.95,40.04
44012,41.15,41.33,41.62,40.9
44013,42.03,41.58,42.62,41.03
44014,43.14,41.84,43.23,41.73
44015,42.8,42.76,42.99,42.32
44018,43.1,42.79,43.71,42.74
44019,43.08,43.13,43.45,42.46
44020,43.29,42.81,43.47,42.75
44021,42.35,43.3,43.5,41.94
44022,43.24,42.36,43.42,41.32
44025,42.72,43.12,43.34,42.14
44026,42.9,42.24,43.22,41.8
44027,43.79,43.07,43.85,42.7
44028,43.37,43.71,43.8,43.14
44029,43.14,43.4,43.45,42.64
44032,43.28,43.08,43.45,42.36
44033,44.32,43.17,44.89,43.16
44034,44.29,44.03,44.4,43.62
44035,43.31,44.1,44.77,43.13
44036,43.34,43.27,43.9,42.79
44039,43.41,43.35,43.77,42.39
44040,43.22,43.55,43.84,43
44041,43.75,43.31,43.95,43.2
44042,42.94,43.73,43.8,41.38
44043,43.3,43.29,43.44,43.05
44046,44.15,43.53,44.46,42.89
44047,44.43,43.84,44.82,43.24
44048,45.17,44.28,46.23,44.24
44049,45.09,45.32,45.71,44.85
44050,44.4,45.15,45.3,44.27
44053,44.99,44.66,45.26,44.37
44054,44.5,45.05,45.79,44.39
44055,45.43,44.62,45.63,44.49
44056,44.96,45.32,45.58,44.82
44057,44.8,45.29,45.29,44.47
44060,45.37,44.86,45.41,44.53
44061,45.46,45.27,45.55,44.76
44062,45.37,45.17,45.48,44.81
44063,44.9,45.14,45.18,44.02
44064,44.35,45.03,45.08,43.59
44067,45.13,44.5,45.18,44.29
44068,45.86,45.12,46.07,45.08
44069,45.64,45.97,46.1,45.54
44070,45.09,45.7,45.87,44.56
44071,45.05,45.1,45.3,44.8
44074,45.28,45.8,46.53,45.21
44075,45.58,45.6,46.22,45.47
44076,44.43,45.83,46.05,44.2
44077,44.07,44.65,44.65,43.15
44078,42.66,43.76,44.54,42.3
44081,42.01,42.2,42.43,41.51
44082,39.78,42.08,42.23,39.31
44083,40.79,39.65,41.2,39.37
44084,40.06,40.58,40.96,39.71
44085,39.83,39.96,40.34,39.38
44088,39.61,39.78,40.09,39.3
44089,40.53,39.7,40.82,39.39
44090,42.22,40.72,42.44,40.59
44091,43.3,42.32,43.5,41.5
44092,43.15,43.22,43.8,42.53
44095,41.44,43.01,43.3,40.96
44096,41.72,41.79,42.2,41.21
44097,41.77,41.67,42.62,41.21
44098,41.94,41.36,42.02,41.27
44099,41.92,41.85,42.33,41.52
44102,42.43,41.87,42.62,41.48
44103,41.03,42.47,42.52,40.43
44104,40.95,40.66,40.98,40.3
44105,40.93,42.17,42.56,39.92
44106,39.27,40.65,40.77,38.79
44109,41.29,39.19,41.78,39.14
44110,42.65,41.41,42.84,41.22
44111,41.99,41.85,42.42,41.36
44112,43.34,42.15,43.47,41.86
44113,42.85,43.36,43.57,42.61
44116,41.72,42.6,42.71,41.36
44117,42.45,41.81,42.68,41.66
44118,43.32,42.43,43.45,42.13
44119,43.16,43.45,43.48,41.56
44120,42.93,43.1,43.21,42.27
44123,42.62,42.69,43.23,42.36
44124,43.16,42.45,43.3,42.19
44125,41.73,42.91,43.04,41.45
44126,42.46,41.59,42.79,41.46
44127,41.77,42.4,42.8,41.5
44130,40.46,41.53,41.63,40.22
44131,41.2,40.5,41.47,40.4
44132,39.12,40.61,40.7,38.75
44133,37.65,39.16,39.45,36.64
44134,37.46,37.5,38.1,36.8
44137,38.97,37.37,39.36,35.74
44138,39.71,39.26,40.45,38.65
44139,41.23,40.13,41.33,39.42
44140,40.93,40.96,41.53,40.33
44141,39.45,40.63,40.69,39.34
44144,42.4,39.65,43.48,39.46
44145,43.61,41.75,44.11,41.71
44146,43.8,43.77,45.3,43.6
44147,43.53,43.73,44.5,43.26
44148,42.78,43.2,43.34,42.63
44151,43.82,42.71,44.67,42.71
44152,43.75,43.89,44.25,43.08
44153,44.34,43.75,44.89,43.48
44154,44.2,43.96,44.57,43.79
44155,44.96,44.15,45.24,44.05
44158,46.06,45.08,46.12,44.89
44159,47.86,45.9,48.03,45.89
44160,48.61,47.8,49.06,47.72
44161,47.8,48.76,49.09,47.53
44162,48.18,47.81,48.44,47.34
44165,47.59,47.91,47.99,46.85
44166,47.42,47.79,48.3,46.88
44167,48.25,47.05,48.76,46.82
44168,48.71,48,48.94,47.67
44169,49.25,48.96,49.92,48.84
44172,48.79,49.23,49.43,48.4
44173,48.84,48.58,49,48.09
44174,48.86,48.84,49.55,48.4
44175,50.25,49,51.06,48.86
44176,49.97,50.45,50.74,49.74
44179,50.29,50.05,50.8,49.13
44180,50.76,50.3,50.89,49.78
44181,51.08,50.64,51.2,50.34
44182,51.5,51.12,51.9,51.08
44183,52.26,51.43,52.48,51.13
44186,50.91,52.22,52.32,49.2
44187,50.08,50.65,50.86,49.56
44188,51.2,49.7,51.59,49.2
44189,51.29,51.11,51.77,50.62
44193,50.86,51.25,52.02,50.53
44194,51.09,51.02,51.63,50.86
44195,51.34,51.32,51.56,51.04
44196,51.8,51.49,51.84,50.9
44200,51.09,51.5,53.33,50.56
44201,53.6,50.95,53.9,50.7
44202,54.3,53.52,54.73,53.02
44203,54.38,54.13,54.9,53.94
44204,55.99,54.56,56.36,54.34
44207,55.66,56.24,56.39,54.99
44208,56.58,55.66,56.79,55.51
44209,56.06,56.83,57.42,55.77
44210,56.42,55.93,56.57,55.24
44211,55.1,56.41,56.5,54.64
44214,54.75,54.75,55.21,54.49
44215,55.9,55.01,56.08,54.89
44216,56.08,56.07,56.64,55.66
44217,56.1,55.82,56.24,55.49
44218,55.41,56,56.03,54.48
44221,55.88,55.26,56.02,55.07
44222,55.91,55.93,56.34,55.39
44223,55.81,56.05,56.49,55.2
44224,55.53,55.41,56.59,55.31
44225,55.88,55.52,56.37,55.31
44228,56.35,54.91,56.53,54.6
44229,57.46,56.35,58.05,56.33
44230,58.46,57.85,58.94,57.5
44231,58.84,58.59,59.12,58.04
44232,59.34,59.17,59.79,59.08
44235,60.56,59.43,60.72,59.43
44236,61.09,60.8,61.34,60.05
44237,61.47,61.21,61.69,60.87
44238,61.14,61.01,61.5,60.72
44239,62.43,60.82,62.83,60.35
44242,63.3,62.83,63.76,62.82
44243,63.35,63.47,63.7,62.69
44244,64.34,63.15,64.96,62.73
44245,63.93,65.02,65.52,63.22
44246,62.91,63.3,63.94,62.09
44249,65.24,62.68,65.85,62.55
44250,65.37,65.51,66.79,64.47
44251,67.04,65.06,67.31,64.8
44252,66.88,67.2,67.7,66.48
44253,66.13,66.89,66.9,65.72
44256,63.69,64.85,65.93,63.17
44257,62.7,63.12,64.13,62.38
44258,64.07,62.38,64.7,62.38
44259,66.74,64.1,67.75,63.33
44260,69.36,67.16,69.69,66.67
44263,68.24,69.97,71.38,67.8
44264,67.52,68.13,69.33,67.12
44265,67.9,67.46,68.42,66.5
44266,69.63,68.45,69.84,67.99
44267,69.22,69.59,69.9,69.03
44270,68.88,69.08,70.03,67.82
44271,68.39,68.81,68.94,67.36
44272,68,68.39,68.89,66.96
44273,63.28,67.77,68.15,61.45
44274,64.53,62.99,64.95,62.07
44277,64.62,64.53,65.12,63.45
44278,60.79,64.3,64.3,60.27
44279,64.41,60.5,64.57,60.47
44280,61.95,63.99,64.19,60.98
44281,64.57,62.01,64.89,61.85
44284,64.98,64.58,65.46,63.13
44285,64.14,65.2,65.41,63.52
44286,63.54,64.13,64.79,63.53
44287,64.86,63.12,65.17,62.38
44291,62.15,64.57,64.81,61.25
44292,62.74,62.32,64.28,62.08
44293,63.16,62.6,63.55,61.6
44294,63.2,63.02,63.43,62.38
44295,62.95,63.28,63.49,62.57
44298,63.28,63.03,64.31,62.41
44299,63.67,63.24,64.19,63.18
44300,66.58,64.01,66.9,63.88
44301,66.94,66.38,67.03,65.95
44302,66.77,66.86,67.38,66.44
44305,67.05,66.7,67.23,66.17
44306,66.57,67.2,68.08,65.51
44307,65.32,66.22,66.52,64.96
44308,65.4,65.13,65.83,64.58
44309,66.11,65.8,66.3,65.16
44312,65.65,66.1,66.26,64.57
44313,66.42,65.76,66.8,65.66
44314,67.27,66.58,67.85,66.13
44315,68.56,67.18,68.95,67.13
44316,67.25,68.33,68.4,67.06
44319,67.56,66.7,67.82,66.1
44320,68.88,67.75,69.5,67.37
44321,68.96,69.35,69.95,68.35
44322,68.09,68.47,69.37,67.93
44323,68.28,68.26,68.65,67.39
44326,68.32,68.74,69.2,67.41
44327,68.55,68.29,68.75,67.13
44328,69.32,68.78,69.9,68.18
44329,67.05,68.88,69.04,66.48
44330,68.71,67,68.89,66.5
44333,69.46,68.92,69.62,68.18
44334,68.71,69.61,70.24,67.28
44335,66.66,68.41,68.46,65.3
44336,65.11,66.63,67.17,64.8
44337,66.44,65.22,66.94,64.57
44340,68.46,66.72,68.64,66.46
44341,68.65,68.47,68.9,67.83
44342,68.87,68.55,69.17,68.02
44343,69.46,68.78,69.51,68.11
44344,69.63,69.69,69.92,69.26
44347,69.32,68.98,69.82,68.75
44348,70.25,69.39,71.34,69.29
44349,71.35,70.55,71.48,70.35
44350,71.31,71.27,71.99,70.66
44351,71.89,71.25,72.17,70.73
44354,71.49,71.82,72.27,71.1
44355,72.22,71.42,72.42,70.71
44356,72.22,72.17,72.87,71.82
44357,72.52,72.03,72.93,70.95
44358,72.69,72.41,73.09,71.88
44361,72.86,72.7,73.64,72.59
44362,73.99,73.03,74.33,72.79
44363,74.39,74.26,74.96,73.86
44364,73.08,73.8,74.5,72.01
44365,73.51,73,73.76,72.18
44368,74.9,73.33,74.95,72.98
44369,74.81,74.88,75.3,74.32
44370,75.19,74.75,76.02,74.7
44371,75.56,75.3,75.78,74.51
44372,76.18,75.54,76.21,74.95
44375,74.68,75.99,76.6,74.51
44376,74.76,74.67,75.51,73.9
44377,75.13,75.18,75.6,74.39
44378,75.84,74.69,76.74,74.55
44379,76.17,75.64,76.43,75.21
44382,77.16,76.23,77.26,75.7
44383,74.53,77.04,77.84,74.13
44384,73.43,74.69,75.99,72.6
44385,74.12,73.35,74.4,72.11
44386,75.55,74.39,75.8,73.8
44389,75.16,75.79,75.84,74.23
44390,76.49,75.25,76.6,74.93
44391,74.76,76.28,76.72,73.79
44392,73.47,74.5,74.59,73.19
44393,73.59,73.18,74.09,72.34
44396,68.62,72.86,73.34,67.75
44397,69.35,68.99,69.73,67.44
44398,72.23,68.92,72.38,68.63
44399,73.79,72.24,73.9,71.74
44400,74.1,73.56,74.22,73.32
44403,74.5,74.12,74.84,72.75
44404,74.48,74.66,75.05,74.02
44405,74.74,74.77,75.32,74.42
44406,76.05,74.76,76.15,74.63
44407,76.33,75.81,76.38,75.38
44410,72.89,75.39,75.39,72.31
44411,72.41,73.08,73.55,71.05
44412,70.38,72.33,72.83,70.11
44413,71.29,70.27,71.5,69.75
44414,70.7,71.2,72.43,70.28
44417,69.04,70.26,70.26,67.6
44418,70.63,69.34,71.24,68.94
44419,71.44,70.83,71.72,69.07
44420,71.31,71.57,71.9,70.67
44421,70.59,71.12,71.38,70
44424,69.51,70.05,70.45,68.14
44425,69.03,69.77,70,68.82
44426,68.23,68.95,70.04,67.23
44427,66.45,67.57,67.64,65.57
44428,65.18,66.54,66.93,64.94
44431,68.75,64.97,68.9,64.6
44432,71.05,68.66,71.27,68.53
44433,72.25,71,72.42,70.5
44434,71.07,71.94,72.13,70.66
44435,72.7,71.54,72.76,71.17
44438,73.41,73.25,73.69,72
44439,72.99,73.14,73.52,72.62
44440,71.59,71.68,72.38,70.42
44441,73.03,71.31,73.47,70.92
44442,72.61,72.86,73.69,72.4
44445,72.22,72.57,72.78,71.51
44446,71.69,72.29,72.81,71.1
44447,72.6,71.64,72.95,71.55
44448,71.45,72.61,73.2,70.88
44449,72.92,71.37,73.15,70.94
44452,73.51,72.88,73.92,72.69
44453,73.6,73.62,74.28,73.08
44454,75.46,73.92,76.13,73.78
44455,75.67,75.46,75.87,74.48
44456,75.34,75.68,75.78,74.58
44459,73.92,75.33,75.4,73.52
44460,74.36,74.33,75.18,73.26
44461,76.19,74.56,76.26,74.49
44462,77.25,75.9,77.35,75.6
44463,78.09,77.26,78.24,76.85
44466,79.53,78.25,79.9,78.21
44467,79.09,79.4,80.75,78.1
44468,78.64,78.25,79.4,77.5
44469,78.52,78.46,79.11,77.6
44470,79.28,78.49,79.41,77.55
44473,81.26,79.49,82,78.75
44474,82.56,81.27,83.13,81.19
44475,81.08,82.57,83.47,80.6
44476,81.95,80.98,82.5,79.08
44477,82.39,82.38,83.43,81.96
44480,83.65,82.65,84.6,82.54
44481,83.42,83.49,84.23,82.72
44482,83.18,83.1,83.69,82.2
44483,84,83.45,84.5,83.18
44484,84.86,84.3,85.1,84.16
44487,84.33,84.95,86.04,83.95
44488,85.08,84.21,85.4,83.7
44489,85.82,85.19,85.89,83.61
44490,84.61,85.9,86.1,83.36
44491,85.53,84.52,85.93,83.82
44494,85.99,85.65,86.7,85.43
44495,86.4,86.03,86.5,85.27
44496,84.58,86.07,86.28,84.05
44497,84.32,84.21,84.59,82.32
44498,84.38,84.33,84.83,83.79
44501,84.71,83.63,85.12,83.03
44502,84.72,84.45,85.23,83.76
44503,81.99,84.07,84.2,81.1
44504,80.54,81.58,84.49,80.2
44505,82.74,81.25,83.16,80.26
44508,83.43,82.58,84,82.53
44509,84.78,83.47,85.3,83.16
44510,82.64,84.99,85.5,82.08
44511,82.87,82.85,83.44,81.66
44512,82.17,82.83,82.87,81.26
44515,82.05,81.92,82.49,80.67
44516,82.43,82,83.14,81.52
44517,80.28,82.05,82.22,79.78
44518,81.24,80.1,81.41,79.28
44519,78.89,81,82.24,78.05
44522,79.7,78.58,80.07,77.58
44523,82.31,79.51,82.6,78.55
44524,82.25,81.88,83,81.74
44525,82.22,82.24,82.58,81.7
44526,72.72,81.65,81.66,72.14
44529,73.44,73.88,77.02,72.41
44530,70.57,74.42,74.56,70.22
44531,68.87,69.8,72.87,68.14
44532,69.67,69.72,70.7,65.72
44533,69.88,70.22,72.62,69.24
44536,73.08,70.29,73.8,70.24
44537,75.44,73.6,76.27,73.2
44538,75.82,75.44,76.37,74.38
44539,74.42,75.94,76.7,73.84
44540,75.15,73.99,75.71,73.8
44543,74.39,75.37,76.39,74.2
44544,73.7,74.42,75.16,72.57
44545,73.88,73.25,74.58,72.5
44546,75.02,74.47,75.61,74
44547,73.52,74.5,74.98,72.65
44550,71.52,72.82,72.87,69.28
44551,73.98,71.88,74.27,71.24
44552,75.29,74.05,75.67,73.62
44553,76.85,75.47,77,74.78
44554,76.14,76.72,76.79,75.75
44557,78.6,76.32,79.08,75.75
44558,78.94,78.67,79.85,78.48
44559,79.23,79.28,80.17,78.13
44560,79.32,79.19,79.66,78.5
44561,77.78,78.81,79.68,77.55
44564,78.98,78.11,79.28,77.04
44565,80,78.91,80.55,78.62
44566,80.8,80.07,81.5,79.51
44567,81.99,80.22,82.83,79.61
44568,81.75,82,83,81.42
44571,80.87,81.76,82.3,80.5
44572,83.72,81.08,83.98,80.89
44573,84.67,83.78,85.21,83.52
44574,84.47,84.87,85.1,83.79
44575,86.06,84.12,86.5,83.99
44578,86.48,86.15,86.71,85.54
44579,87.51,86.47,88.66,86.44
44580,88.44,88.65,89.17,87.61
44581,88.38,87.89,89.5,87.05
44582,87.89,86.75,88.23,85.71
44585,86.27,87.93,88.9,85.04
44586,88.2,86.76,88.37,86.2
44587,89.96,87.95,90.47,87.79
44588,89.34,89.7,91.04,89
44589,90.03,89.98,91.7,89.41
44592,91.21,90.8,91.48,90.61
44593,89.16,89.62,89.96,87.72
44594,89.47,89.48,90.52,88.28
44595,91.11,89.07,91.3,88.02
44596,93.27,91.3,93.7,91.2
44599,92.69,92.75,94,92.13
44600,90.78,92.63,92.93,89.93
44601,91.55,91.08,92.09,90.05
44602,91.41,91.75,93.1,90.88
44603,94.44,91.21,95.66,90.51
44606,96.48,95.2,96.78,93.44
44607,93.28,95.81,96.26,92.06
44608,94.81,93.49,96.07,91.11
44609,92.97,92.2,94.5,92.14
44610,93.54,92.73,94.15,90.12
44613,95.39,94.29,97.4,92.57
44614,96.84,96.55,99.5,95.8
44615,96.84,96.65,98.71,95.81
44616,99.08,98.08,105.79,97.56
44617,97.93,100.69,101.99,96
44620,100.99,101.98,105.07,99.64
44621,104.97,98.43,107.67,98.3
44622,112.93,107.34,115.11,106.83
44623,110.46,115.27,119.84,109.4
44624,118.11,114.23,118.98,109.62
44627,123.21,122.79,139.13,119.04
44628,127.98,124.56,133.15,121.31
44629,111.14,130.28,131.64,105.6
44630,109.33,112.65,118.36,109
44631,112.67,110.26,113.91,107.13
44634,106.9,113.13,113.15,103.49
44635,99.91,105.34,105.71,97.44
44636,98.02,99.14,103.7,96.93
44637,106.64,98.61,107.5,97.75
44638,107.93,106.8,109.59,105.78
44641,115.62,107.5,116.8,107.06
44642,115.48,117.04,119.48,112.64
44643,121.6,114.7,122.34,114.45
44644,119.03,121.56,123.74,116.93
44645,120.65,118.88,120.92,115.16
44648,112.48,119.28,119.9,109.06
44649,110.23,110.1,114.83,104.84
44650,113.45,112,114.8,110.74
44651,107.91,112.81,112.94,106.5
44652,104.39,105.25,106.24,102.35
44655,107.53,104.08,108.68,102.89
44656,106.64,108.51,109.9,104.53
44657,101.07,105.7,108.67,100.54
44658,100.58,101.78,103.59,98.41
44659,102.78,101.42,103.3,99.65
44662,98.48,103.21,103.3,97.57
44663,104.64,99.35,105.6,98.9
44664,108.78,105.44,109,104.06
44665,111.7,108.29,112.39,106.63
44669,113.16,112.32,114.84,110.71
44670,107.25,112.85,114.21,106.74
44671,106.8,108.1,109,104.65
44672,108.33,107.07,109.8,106.76
44673,106.65,108.26,108.76,105.54
44676,102.32,105.49,105.85,99.48
44677,104.99,102.53,106.2,101.08
44678,105.32,105.42,106.33,103.27
44679,107.59,104.96,108,103.29
44680,109.34,107.55,110.3,107
44683,107.58,106.3,108.46,103.1
44684,104.97,107.61,108.32,104.62
44685,110.14,105.91,111,105.46
44686,110.9,110.55,114,109.2
44687,112.39,111.27,113.5,109.87
44690,105.94,112.94,113.2,105
44691,102.46,105.5,106.96,101.54
44692,107.51,101.51,108.29,101.3
44693,107.45,107.68,108.71,104.69
44694,111.55,108.25,111.69,107.79
44697,114.24,111.67,114.79,108.84
44698,111.93,114.42,115.69,111.09
44699,109.11,112.91,114.15,108.35
44700,112.04,108.22,112.31,105.7
44701,112.55,111.42,113.23,110.52
44704,113.42,112.85,114.34,111.86
44705,113.56,112.79,114.63,111.7
44706,114.03,114.12,115.3,113.01
44707,117.4,114.35,118,113.85
44708,119.43,117.52,119.72,116.63
44711,121.67,119.28,122.01,118.98
44712,122.84,122.2,125.28,121.6
44713,116.29,116.08,118.57,115.4
44714,117.61,115.02,118.46,112.45
44715,119.72,118.22,121.45,116.02
44718,119.51,121.55,121.95,118.77
44719,120.57,119.94,121.37,118.55
44720,123.58,120.65,124.4,120.45
44721,123.07,123.6,124.34,122.5
44722,122.01,122.89,124.33,119.81
44725,122.27,121.94,123.7,118.93
44726,121.17,121.88,125.19,118.91
44727,118.51,120.79,121.88,117.75
44728,119.81,119.65,120.29,115.56
44729,113.12,119.13,121.25,111.72
44732,114.13,113.88,114.5,111.52
44733,114.65,114.21,116.25,114.02
44734,111.74,114.4,114.45,107.03
44735,110.05,109.58,112.7,108.04
44736,113.12,110.04,114,109.24
44739,115.09,113.04,116.08,111.26
44740,117.98,115.74,118.27,115.72
44741,116.26,118.09,120.41,115.2
44742,114.81,116.01,116.67,114.22
44743,111.63,109.49,112.45,108.03
44746,113.5,111.65,114,110.4
44747,102.77,113.54,114.75,101.1
44748,100.69,104.88,105.85,98.5
44749,104.65,100.14,106.35,98.5
44750,107.02,104.65,107.47,103.67
44753,107.1,107,107.7,103.64
44754,99.49,106.25,106.56,98.9
44755,99.57,98.5,101.21,98.28
44756,99.1,99.43,100.39,94.5
44757,101.16,99.91,102.64,98.17
44760,106.27,100.82,106.48,99.46
44761,107.35,105.74,107.61,103.6
44762,106.92,107.07,107.45,105.08
44763,103.86,106.49,106.78,101.5
44764,103.2,103.86,105.72,101.9
44767,105.15,103.85,105.38,101.64
44768,104.4,104.73,107.34,103.99
44769,106.62,104.75,107.86,103.73
44770,107.14,107.31,109.06,106
44771,110.01,108,110.67,106.9
44774,100.03,103.92,104.43,99.09
44775,100.54,99.87,102.41,98.49
44776,96.78,99.73,102.41,96.5
44777,94.12,97.1,97.66,93.2
44778,94.92,93.65,96.4,92.78
44781,96.65,94.51,96.82,93.01
44782,96.31,96.36,98.4,94.9
